AF,34.226333,34.8612251,35.5378375,36.252105,36.9577723,36.9733617,36.8654822,36.7405044,36.5821857,36.4135611,36.2332464,35.605618,35.6151325,36.2817955,37.0771389,38.035376,38.8584738,39.7386516,40.6894634,41.6763986,41.3468362,41.7148423,42.1000416,42.4997222,41.8031971,40.3169823,39.1819882,37.9166808,37.1557722,37.0047153,37.7230987,39.2081951,40.9432695,40.3732,39.8221328,39.2878814,38.637793,38.0043888,37.3906944,36.7946547,39.0091662,41.4650056,44.091262,46.8938224,48.512214,48.78371,48.8640794,48.9455047,49.0224838,49.0938415
DZ,26.461331,26.0097562,25.5018112,25.0403682,24.5894921,24.1218454,24.2258076,24.1009479,23.9422922,23.7677708,23.5946172,23.5548443,23.5129527,23.4638081,23.4070015,23.3397439,22.9938046,22.4270258,21.522322,20.6519475,19.8150702,18.8991975,18.0324184,17.219053,16.4637853,15.7667429,15.1503945,14.6450602,14.3352757,14.0468785,13.7779591,13.5357218,13.3106581,13.1058529,12.927881,12.7786395,12.6626968,12.5696914,12.4935107,12.4248089,12.3576217,12.301258,12.2452088,12.1892219,12.1345463,12.0807308,12.0398491,11.9995217,11.9605555,11.9225757
AO,42.0999544,42.1750356,42.9608894,43.8329765,44.7834493,45.788527,46.5683201,47.4139936,48.3281669,49.2949464,50.3267747,50.3337982,50.4173995,50.5745304,50.7988325,51.067999,50.828585,50.6686793,50.5666106,50.4776624,50.3882853,49.9476355,49.5406448,49.2310067,47.3854601,45.8124891,44.285674,42.9974685,41.8564417,40.7542639,39.640399,38.4753523,37.9917554,37.533229,36.3863399,35.3998904,34.865055,35.3779442,35.9472577,36.5116992,37.0358925,37.4987104,37.9303015,38.3600384,38.8352672,39.3751799,40.071022,40.8352506,41.6119302,42.3354677
AR,43.3367867,43.2530694,43.1275378,43.0182785,42.9292266,42.8572019,42.8401738,42.8381264,42.8402975,42.8280411,42.7952399,42.6044679,42.3372459,42.0571534,41.7767292,41.5024627,41.2556258,41.0125097,40.780864,40.5656483,40.3708759,40.0637816,39.7278682,39.4053262,39.0861219,38.761753,38.4415679,38.1191546,37.7992819,37.4860216,37.1851123,36.9284224,36.7229447,36.5269657,36.3413104,36.1651152,36.0218629,35.8865639,35.7665375,35.6681899,35.5960079,35.5581131,35.544399,35.535717,35.5105348,35.4536952,35.3822413,35.2749032,35.1364793,34.9747581
AM,56.1350221,55.3197065,54.5694229,53.8971018,53.3209615,52.8400811,52.4655493,52.1857628,51.9845468,51.8307701,51.5839832,51.3152861,51.0862414,50.8980503,50.7689751,50.7032556,50.9093154,51.1666558,51.4756962,51.4352746,50.9693228,50.7552054,50.59729,50.4615614,50.3068383,50.1140863,49.9541274,49.7631362,49.690312,49.4469373,49.0884422,49.4471093,50.2383957,51.3248408,52.4686402,53.4628369,54.2187433,54.7620281,55.1125762,55.3400253,55.4997556,55.5516663,55.7193372,55.8943598,56.0245439,56.1792982,56.2675519,56.3482402,56.4172183,56.4606891
AU,25.4876323,25.4324549,25.26347,25.2277528,25.1822431,25.136492,25.0230064,25.143528,25.1393488,25.0516115,24.9960468,24.6608535,24.6835992,24.7815345,24.6324596,24.8047211,25.0766035,25.2099604,25.33542,25.4824559,25.5954988,25.6250741,25.5077192,25.4970048,25.5168817,25.4760192,25.3547549,25.2609859,25.1389729,25.0026797,24.9204393,24.8429637,24.7753527,24.7653788,24.7360107,24.6698392,24.5555703,24.521218,24.5062181,24.4668474,24.4159537,24.3317631,24.1702254,24.0066596,23.8623886,23.6805672,23.4693216,23.1863626,22.9301512,22.5952373
AT,35.6733288,35.4578798,35.1949925,34.9402398,34.6836922,34.4445952,34.147314,33.9605336,33.8028667,33.6554861,33.418798,33.2275043,32.8210268,32.4515131,32.2226951,32.0760071,31.9030959,31.6854417,31.5232172,31.3494011,31.1515241,30.9352765,30.8967404,30.9849472,30.9832103,30.9691329,30.9264457,30.8920498,30.8008681,30.6522468,30.3346215,30.0093018,30.0924984,29.557141,29.5767879,29.5059652,29.4815196,29.478335,29.45603,29.4029649,29.3881364,29.3080813,29.6135542,29.7925788,29.8888742,29.997327,29.9818317,30.0187662,30.0235958,30.0154566
AZ,54.1159381,53.3539628,52.5965753,51.879162,51.2441756,50.7100903,50.2637979,49.9122524,49.6452374,49.4419528,49.2768077,49.0043417,48.786618,48.6143895,48.487976,48.4010655,48.5191968,48.6682694,48.8429161,48.7250306,48.3555655,47.973447,47.6222091,47.2702372,46.9114254,46.5376558,46.2384301,45.9266253,45.6496219,45.428455,45.0905126,44.8094555,44.5483772,44.2880102,44.1045526,44.0112724,43.897606,43.8056208,43.7187064,43.7197527,43.8253536,43.7269015,43.6416678,43.5516824,43.4113407,43.20653,43.0058589,42.8943653,42.7794753,42.6567497
BD,18.3959436,18.4434972,19.1809813,19.9731455,20.8239111,21.7258281,22.480079,23.2959441,24.1781227,25.1180818,26.1284424,26.6672862,27.2964124,28.0028231,28.5497703,28.6707497,27.3070638,26.2370799,25.4011408,24.7478381,24.2454494,24.5802732,24.8387789,25.1346885,25.475299,25.8568146,26.3756291,26.9400463,27.5538976,28.2100513,28.917445,29.5373909,29.6168458,29.7168618,29.8388387,29.978581,30.1372107,30.3104106,30.5045793,30.7197358,30.9591823,31.1654107,31.3773189,31.5794039,31.7584542,31.9045229,31.9375608,31.9306764,31.8851302,31.8070124
BY,20.7333767,20.9372126,21.1517302,21.3818897,21.6359782,21.916102,22.1991404,22.5015342,22.832152,23.193299,23.4203037,23.3956212,23.3991853,23.4334631,23.5082155,23.6285952,23.8455824,24.0548098,24.2544119,24.314106,24.1956062,24.117958,24.0530497,23.9948151,23.946121,23.9092229,23.9578688,24.0120423,24.1649556,24.1258791,23.8979054,23.8728268,23.8090469,23.7436527,23.7605178,23.8271784,23.8905333,23.9761314,24.0753993,24.1727622,24.3136801,24.446624,24.6079997,24.7864619,24.9643364,25.1429692,25.323719,25.4756588,25.6068,25.7302715
BE,17.6012187,17.5728177,17.5418269,17.4932262,17.4103914,17.3346038,17.2949935,17.2760598,17.2865612,17.3150419,17.3402435,17.3458994,17.3483642,17.3633141,17.3768175,17.3958639,17.4273921,17.4677143,17.5136945,17.5616487,17.6045701,17.634711,17.5943418,17.5612201,17.5334833,17.4916452,17.4516875,17.4047846,17.3159437,17.3952754,17.4870181,17.5695191,17.5333101,17.49907,17.4797476,17.4776822,17.555262,17.6263409,17.7014565,17.7752376,17.8443793,17.9015638,17.9402119,17.9843618,18.0257139,18.0456097,18.0497981,18.0404315,18.023802,18.003486
BJ,34.62961,34.0041588,34.2797212,34.7178192,35.2523184,35.8632644,35.5806378,35.4156771,35.3568287,35.3808758,35.4893687,35.2689643,35.1568001,35.1257846,35.1733067,35.2848531,35.3957437,35.5566402,35.7735954,35.6830611,34.6866125,34.2058004,33.7365918,33.2836481,32.8569853,32.4537645,32.0444003,31.6626921,31.2865463,30.8831716,30.4447421,30.2046393,29.6970787,28.8705037,28.1032659,27.4132095,26.9181482,26.4743884,26.0573179,25.6341713,25.1874931,24.6888282,24.1796694,23.6894761,23.2479589,22.8742444,22.539311,22.274281,22.073205,21.9276605
BO,35.4862639,35.5316303,35.577826,35.621986,35.6639389,35.6976144,35.7288395,35.7562818,35.7791539,35.7900901,35.7925665,35.7857109,35.7741407,35.7574847,35.7455434,35.7408406,35.2864463,34.7395187,34.1894473,33.677337,33.2056533,32.657182,32.1502874,31.6737133,31.2171361,30.7692865,30.3207192,29.8839156,29.458332,29.0394255,28.6303294,28.3592326,28.1200252,28.2289748,28.3536111,28.4975668,28.1737342,27.8680909,27.5794266,27.302592,27.0355141,26.775625,26.5264562,26.2889877,26.0661444,25.8572696,25.6723014,25.5014907,25.3467955,25.208735
BR,12.1540531,12.2709219,12.4196669,12.5788244,12.7560164,12.9522551,13.1669908,13.4030233,13.6606692,13.9345587,14.2271054,14.2826145,14.3034424,14.3320993,14.3687209,14.4106908,14.4680952,14.5292383,14.5966348,14.6692746,14.748492,14.58945,14.3727002,14.1664802,13.9747559,13.7984858,13.6536484,13.5227353,13.4055673,13.3002785,13.2070153,13.1428105,13.0273647,12.9068904,12.7911845,12.6775946,12.5530308,12.4308035,12.312314,12.198415,12.090254,12.0366065,11.9913832,11.9525313,11.9225133,11.9018719,11.9115383,11.9306929,11.9538407,11.9745064
BG,24.2598037,23.5508132,22.9285494,22.37942,21.8799356,21.4484175,21.1702324,20.8654563,20.5615774,20.2663821,20.0088959,19.8799528,19.7745295,19.6651392,19.5352186,19.4494611,19.4334716,19.405971,19.4609736,19.516054,19.5230791,19.7025961,19.885626,20.0739341,20.2635937,20.455286,20.4960853,20.3435674,20.2018207,20.3193561,20.569926,20.6797554,20.8071896,20.8003837,20.6599393,20.516312,20.4141061,20.3134251,20.2410788,20.1551841,20.3168904,20.4807519,20.7349541,21.0227305,21.2672055,21.5120696,21.6950335,21.8095035,21.9052726,21.9941334
BF,26.6487257,27.4067192,28.2032651,29.0316024,29.8864552,30.7533414,31.6385206,32.5414913,33.4710873,34.7512938,35.7277472,36.2939908,36.8735579,37.4597689,38.0584946,38.667357,38.3976574,39.2587552,40.2916371,41.4793818,42.8168964,43.3496057,43.7025316,43.8949794,44.2401354,44.6951372,45.4045883,45.0893891,44.7757331,44.4689328,44.1855674,44.0458058,43.9176002,43.7966664,43.6943162,43.6081967,43.4297218,43.9910673,45.1591194,46.3345156,47.507387,48.5472553,49.5898057,50.6355221,51.697923,52.7700003,53.640405,54.5419513,55.4760054,56.4414523
KH,69.5601808,67.7231131,66.2872486,66.1614397,65.9835896,65.7349084,60.2232917,64.0400278,68.6544344,74.2368962,81.0752846,111.3318079,158.0464355,235.0692289,376.365429,32.020165,26.8056914,23.2532077,20.6136785,18.4302615,39.2335066,55.8099711,51.929141,48.1516344,44.7556093,41.8447108,43.3101136,44.9177481,46.6580108,48.4783734,50.3704694,49.3306924,48.3784692,47.5253385,49.5134186,51.7250783,53.3793577,55.2549524,56.1888581,54.8955365,53.7700643,52.7303245,51.8309463,51.0286442,50.2803546,49.5560122,48.6982798,47.8627062,47.0487202,46.2670339
CM,20.3019579,20.1263766,19.9762471,19.8480239,19.7415549,20.044598,20.2785298,20.5365822,20.8194871,21.1198673,21.4429452,21.0640729,20.772409,20.5451665,20.3748482,20.2495674,20.4007192,20.1966846,20.0095685,19.8440763,19.7047969,19.6244674,19.565729,19.5205453,19.4819964,19.4413819,19.3814779,19.284326,19.0722237,18.8768861,18.7055165,18.5474658,18.4117089,18.2960752,18.2049931,18.137419,18.0942365,18.0701063,18.064147,18.0703441,18.0862557,18.122122,18.1616344,18.1997482,18.2316967,18.2533103,18.2808265,18.2918801,18.2861109,18.2651346
CA,14.0954372,14.3333807,14.3937713,14.4556535,14.5168067,14.589507,14.7039631,14.9079529,15.1445989,15.4232612,15.7027996,16.0599245,16.0153724,15.9546036,15.878663,15.7874807,15.7840183,15.8670387,15.9782685,16.091225,16.1575334,16.2131914,16.3598159,16.5413184,16.7322971,16.9299285,17.143755,17.353128,17.5693222,17.6995652,17.8831915,18.0401382,18.0940236,18.171481,18.2741814,18.4020797,18.4538347,18.5195016,18.6218849,18.7323879,18.8339411,18.9656382,19.1006349,19.2175792,19.3346313,19.4546369,19.5706788,19.6860557,19.7806425,19.7974093
TD,35.5961573,36.9620048,38.4155163,38.7457066,39.0068692,39.3050607,38.3735434,37.6642133,37.1283742,36.7087755,36.3848397,35.6636035,35.0740766,35.1381134,35.3500974,35.716326,36.5953356,37.5833736,38.6729261,38.0017606,37.3519311,37.5626934,37.743276,37.8810635,37.9674043,37.9919964,37.9573251,37.8707673,37.7588386,37.6446905,37.5523656,37.4477812,37.3613505,37.1809905,36.6774765,36.1664343,35.5276662,34.8960253,34.2634944,33.6154868,32.9053933,32.0225433,31.1495184,30.3164956,29.5578754,28.886413,28.2157192,27.6221833,27.0863422,26.5816855
CL,38.1886495,38.0559288,37.7420604,37.4483235,37.1913283,36.9761291,36.8503729,36.7673388,36.7236683,36.7080858,36.7596877,37.0315344,37.3305385,37.6553509,38.0167134,38.4152621,38.893658,39.401607,39.9307039,40.4605981,40.9795317,41.6189469,42.1216857,42.0912993,42.0502761,42.0005898,42.0200661,42.0351505,42.0427572,42.0338367,42.0098785,41.9284941,41.7858065,41.4258508,41.099209,40.8185642,40.5492926,40.3225923,40.1333958,39.9708705,39.8280765,39.6834696,39.558306,39.4484348,39.3507709,39.2605696,39.2050414,39.1562244,39.1150233,39.0743128
CN,6.3895412,6.2342371,5.974224,5.634171,5.3225419,5.1068565,4.9449845,4.7630358,4.5858728,4.4097968,4.2395022,4.067037,3.9128249,3.7711612,3.6424673,3.5287198,3.3414585,3.1720321,3.1458938,3.1218289,3.1021772,3.046647,2.9898602,2.9314335,2.8809204,2.8322941,2.7602132,2.6904962,2.6257836,2.5674353,2.5150767,2.5405294,2.5720624,2.607572,2.6461815,2.6883757,2.7274868,2.7695083,2.8161616,2.868202,2.9255497,2.9318031,2.915464,2.9023168,2.8918138,2.8828766,2.877809,2.8581685,2.8232332,2.7898341
CO,17.6130319,17.8578047,18.1196946,18.3983364,18.6970707,18.8031359,19.0779779,19.3666114,19.6775516,20.0146361,20.3881984,20.8073299,21.2639798,21.7461607,21.813833,21.6840304,21.5616553,21.4390451,21.3210718,21.2102836,21.1098232,21.0237569,20.9468593,20.8785417,20.8198706,20.7684502,20.7785462,20.7972674,20.82501,20.8594058,20.9030805,20.9858573,21.0777642,21.1756258,21.2733885,21.3738675,21.5177203,21.6663926,21.8233098,21.9887212,22.1642955,22.3540133,22.5542595,22.763529,22.9818253,23.2058651,23.4383528,23.6790311,23.9299763,24.1897847
CD,12.9079025,13.4039868,13.9363711,14.4993811,15.0888095,15.6946174,16.2729123,16.8731771,17.1662818,17.2734678,17.403674,18.1393428,18.9147447,19.7228475,20.5646472,21.4359304,22.3370736,23.2650563,24.2334068,25.2506143,26.3263333,27.4367711,28.6027467,29.7663161,30.3412724,31.0913565,31.7694425,32.4848517,33.2406965,34.0359208,34.6384906,34.8374974,35.0709956,35.3385151,35.6417437,35.9810544,36.1546611,36.3645147,36.5780155,36.7917773,37.0428142,37.1084856,37.2145509,37.3601368,37.5449232,37.4708283,37.2587862,37.0836506,36.9359592,36.8000397
CG,38.6872323,39.3018152,39.9585938,40.6553414,41.3676616,42.0841113,42.7927949,43.5140846,44.2526668,44.9976975,45.7621648,46.45053,47.1618009,47.8817842,48.5231249,49.0241952,49.4494916,49.8815566,50.337527,50.8184827,51.3334456,51.9369024,52.5793101,53.2583762,53.9801956,53.9472494,53.6941214,53.4718444,53.2796263,53.1056784,52.9575401,52.8203137,52.7053169,52.6481561,52.7086059,52.911608,53.3215575,53.9344869,54.605016,55.2235922,55.720933,56.0575057,56.2765829,56.4488382,56.6757326,56.9960787,56.9201216,56.9165006,56.9172272,56.8518357
CR,50.219109,50.2404277,50.2552993,50.2972392,50.4171204,50.6125839,50.4731384,50.4142269,50.4389007,50.5361477,50.7099044,51.0884184,51.5321453,51.9380319,51.9353514,51.8884056,51.9675325,51.99737,51.9971908,51.9813018,51.9648458,51.7756428,51.5917522,51.4177844,51.2534809,50.9460128,50.0997723,49.3072371,48.5706898,47.8835469,47.2505628,46.6720841,46.1452687,45.6474725,45.1657322,44.6879444,44.5115977,44.4596808,44.4281886,44.4392178,44.5115522,44.714659,44.9755123,45.2964053,45.6836787,46.1321163,46.6676703,47.2693635,47.8883247,48.4687448
CI,31.4649961,30.5650214,29.7990672,29.1509666,29.4994993,29.944925,31.2472528,32.6294184,34.0882113,35.5940495,37.1545763,38.6892338,40.2919579,41.9478411,43.6809717,45.3149639,45.9407806,46.5978367,47.3183722,45.8676208,44.5324484,44.0651009,43.6479661,43.2889614,43.001642,42.782458,42.6417201,42.5678984,42.4718002,42.2237214,41.9883263,41.6997121,41.4339317,41.1956851,41.0051794,40.8695411,40.7075667,40.5902443,40.535924,40.432129,40.331092,40.0903356,39.9263235,39.8077667,39.7004326,39.5747571,39.4302202,39.1160902,38.7965991,38.4759038
CU,34.4210845,34.3443237,34.2287066,34.0965801,33.9791502,33.8934501,33.8385846,33.8191278,33.8260673,33.8417755,33.8612293,33.1636845,32.4078413,31.6988876,31.0570235,30.4919819,30.0011647,29.5727921,29.1985854,28.8667236,28.5672091,28.3909269,28.3103515,28.2501689,28.166425,28.0406402,27.8893812,27.6981019,27.4897467,27.2935964,27.1315999,27.0338997,26.8755096,26.7438503,26.6315183,26.5326259,26.4191527,26.3210277,26.2354985,26.1587851,26.0883395,26.1067827,26.1293516,26.0988439,25.9876938,25.8438462,25.6756188,25.5156529,25.3715171,25.2355394
CZ,17.6058952,17.4407988,17.3225768,17.2369987,17.1727922,17.1237384,17.0903765,17.0581323,17.0254204,16.988248,17.096313,16.9021946,16.7029308,16.4820808,16.2366703,16.0095649,15.8464149,15.6852298,15.5341536,15.3940451,15.3168954,15.3342896,15.3284607,15.3316359,15.3423613,15.354497,15.3934486,15.4310299,15.4672716,15.5064881,15.553365,15.6674992,15.6195859,15.5660052,15.5245994,15.4983323,15.4885734,15.4713923,15.4516582,15.436055,15.4171493,15.4679959,15.5014986,15.5021934,15.4935882,15.4688077,15.40413,15.2964063,15.1599209,15.0318072
DK,38.0430111,37.9211061,37.8019559,37.6884649,37.5892251,37.4780411,37.0390659,36.4846945,36.0389202,35.6305355,35.1292494,33.9083174,32.3470193,30.856639,29.4763934,28.2039641,27.380014,26.9003513,26.4241556,25.9722447,25.5630953,25.2986714,25.1004375,24.9038517,24.6989626,24.4771578,24.2764308,24.1080897,23.9548212,23.834832,23.7521566,23.6721244,23.6084348,23.5567067,23.5658618,23.5913182,23.5959639,23.6404486,23.670742,23.6926546,23.714489,23.6995166,23.7488771,23.8981108,24.0440167,24.1868093,24.2737849,24.348874,24.3895956,24.4298914
DO,36.3161378,36.2662848,36.2292862,36.2355528,36.2916028,36.390183,36.4603727,36.583458,36.7626082,36.9881052,37.1608562,37.2087097,37.3100599,37.4566281,37.6580029,37.9111302,38.2027442,38.5380052,38.9197867,39.3377356,39.7899137,40.7317194,40.816703,40.1979914,39.6048268,39.0353677,38.6770406,38.3359738,38.0118357,37.7004098,37.4037392,36.9466351,36.5099998,36.094851,35.7152334,35.3674721,34.8116039,34.292028,33.805525,33.3445254,32.9050533,32.5036902,32.1213582,31.7566053,31.4165688,31.1058491,30.8890241,30.6980609,30.5297823,30.3800202
EC,30.3126837,30.676367,31.0440489,31.1367121,31.0468677,30.9587517,30.8785867,30.8049877,30.7409042,30.6823034,30.635294,30.5378546,30.4550937,30.3805198,30.3252836,30.3905478,30.2566684,30.1379171,30.0407972,29.9644759,29.911621,29.9271874,29.9652893,29.7481982,29.3647044,29.0044903,28.7047791,28.4299184,28.1806164,27.9528036,27.7501553,27.6507172,27.5472346,27.4683187,27.4241841,27.4179881,27.4701212,27.5553838,27.673241,27.8175281,27.9852028,28.0974568,28.2312498,28.3833407,28.5525651,28.7245972,28.8870505,29.0266097,29.1290993,29.1843911
EG,34.931044,35.2005154,35.5863462,35.9930305,36.4235315,36.8710293,37.5052825,37.3945413,37.3034945,37.235559,37.1987249,37.2261372,37.2771263,37.3366821,37.3959647,37.4435093,37.6343035,37.7220622,37.7342388,37.7189388,37.6742495,37.6679543,37.6402388,37.5923993,37.528973,37.4513971,37.4305985,37.1451242,36.7238252,36.3526046,36.0485304,35.8632514,35.7364174,35.6489829,35.5806369,35.5149294,35.3667614,35.0877532,34.729222,34.3733949,34.0201171,33.6356075,33.2533467,32.8753547,32.5051093,32.1438581,31.7634476,31.3939851,31.0433742,30.7193519
SV,29.2929909,29.6938963,30.0738304,30.4448534,30.8301838,31.2393045,31.701405,32.1983566,32.7315331,33.2910398,33.8823565,34.2241987,34.0926722,33.9926145,33.9340659,33.9190893,33.8670222,33.8544554,33.8880549,33.9690121,34.099362,34.2893646,34.5236263,34.7925103,35.0871745,35.3944542,35.7057037,36.0338211,36.3668919,36.6829535,36.9775711,36.9153256,36.8431715,36.5277045,36.189724,35.9332657,35.8153445,35.7675502,35.7832646,35.8460905,35.9449767,36.4435962,36.9761215,37.5326316,38.1032636,38.6752159,39.234101,39.7900097,40.3196816,40.8027162
ET,35.9734689,34.8404833,33.7636604,32.741029,31.7750301,30.8612981,30.1602316,29.4967801,29.4331162,29.3645731,29.2923666,29.2671295,29.2339292,29.2363043,29.3406566,29.5786045,29.9699777,30.4790915,31.0383811,31.5412487,31.9140038,32.0055094,31.9758604,31.8639626,31.6867342,31.2741799,30.8887002,30.5182528,30.1587511,29.7959718,29.4314722,28.9741613,28.5317761,28.1146666,27.7439472,27.0715289,26.4431714,25.8656383,25.330634,24.8253272,24.3420106,23.8136243,23.3094987,22.8253677,22.3585918,21.9051354,21.3872391,20.8886187,20.417419,19.9819681
FI,26.5543271,26.0072493,25.3942929,24.8063529,24.2844694,23.8484705,23.3648346,22.8699058,22.4228946,22.1143231,21.8963251,21.6158173,21.4810264,21.3558639,21.2554191,21.1953848,21.6448042,22.1121131,22.5864106,23.0813618,23.5740474,23.9145764,24.0946446,24.266845,24.4566074,24.6778327,25.122657,25.9273403,26.7440535,27.6234946,28.4599484,29.0621114,29.2828837,29.5284975,29.7832138,30.0642921,30.4317081,30.857536,31.3004233,31.754307,32.2262601,32.4072976,32.4652833,32.5254336,32.5696986,32.5966506,32.6046424,32.6140967,32.6116136,32.6033396
FR,26.2063473,25.9504045,25.4785107,24.9667809,24.6433698,24.3548034,24.1836136,24.0292624,23.8255769,23.4850646,23.1308069,22.9157195,22.7180859,22.538375,22.394202,22.2758591,22.2206449,22.1549379,22.0920372,22.0301631,21.9510311,21.8613177,21.8162571,21.8786551,21.9535427,22.0269506,22.100851,22.1706033,22.2340997,22.1800047,22.193592,22.1358517,22.0702767,22.0196341,21.9831938,21.9505338,21.9128204,21.8752835,21.8352729,21.807969,21.8159853,21.8153449,21.7755904,21.6828138,21.660392,21.6435972,21.5716309,21.4657819,21.4479229,21.4289242
GE,40.7944786,40.5679535,40.3554736,40.1693137,40.0277801,39.937637,39.9061834,39.9260216,39.987156,40.0701221,40.1261465,40.2417119,40.3673026,40.5046051,40.6648996,40.8516629,41.0525386,41.2751975,41.5091472,41.6431492,41.6477185,41.6027305,41.5521844,41.4899683,41.4108616,41.3151366,41.3577468,41.3884781,41.4870913,41.2503087,40.679724,40.7334115,41.0252895,41.4853299,41.9962083,42.4637465,42.8512198,43.1766271,43.4515515,43.7117097,43.983418,44.0968756,44.470716,45.1856969,45.9096087,46.6443518,47.3363966,48.0899058,48.8386266,49.5471311
DE,6.2822914,6.2039067,6.1304836,6.0611625,6.0086139,5.9350868,5.8769101,5.8504935,5.8201051,5.7642066,5.7061101,5.6274584,5.5708211,5.5226955,5.4901152,5.4801361,5.476061,5.4574085,5.4340677,5.4036313,5.3611162,5.346774,5.3485504,5.3520045,5.3749601,5.4180856,5.4718561,5.7710214,5.7088787,5.8796836,5.8927602,5.8778355,5.8573531,5.8404771,5.816787,5.8007804,5.7707686,5.7282914,5.6831906,5.6509737,5.6317302,5.6253855,5.6132456,5.6053525,5.5986394,5.6027651,5.6190548,5.6405171,5.6652897,5.6901222
GH,24.8191636,24.6417065,24.4884239,24.3753498,24.3251527,24.3431849,24.4241674,24.5720663,24.7517887,24.9103816,24.8841213,24.822012,24.705855,24.5791081,24.5032606,24.5096348,24.6133806,24.7847373,24.9688565,25.0867489,25.0899237,24.8675398,24.5547727,24.2019949,23.8872976,23.6626635,23.2501106,22.8960142,22.5813998,22.2779131,21.973622,21.6423681,21.3185817,21.0075996,20.7227159,20.4686879,20.2266201,20.0100496,19.8169966,19.6406931,19.4781172,19.3386145,19.2156613,19.1105192,19.0231026,18.9512617,18.8982956,18.8503898,18.801617,18.7482866
GR,50.7710615,50.7964449,51.0459052,51.4290407,51.851281,52.232293,52.4060807,52.3763333,52.8388464,53.2796013,53.8206907,54.4953244,54.5180102,54.6563119,54.8460324,54.7265626,54.4885561,54.1340889,53.9194428,53.7352104,53.6926149,53.8169277,53.4326937,53.0751258,52.7647507,52.5156444,52.3645212,52.1778594,51.9979724,51.7319263,51.3777,50.9039341,50.4635765,50.0992336,49.7845175,49.5031845,49.2708748,49.0734853,48.9242941,48.8218702,48.7811779,48.7008518,48.5914482,48.4765102,48.334257,48.1545341,47.9014494,47.6390708,47.3722617,47.104462
GT,36.9850556,37.1757742,37.3808675,37.5982351,37.6110748,36.7748954,36.2650004,35.7670179,35.2783913,34.7916439,34.3082997,33.8825011,33.460084,32.9390214,32.151098,31.4071322,30.7912821,30.2080427,29.6480738,29.0988251,28.5533986,27.8260849,27.0646863,26.327129,25.6202278,24.9463193,24.2928723,23.6683953,23.0680124,22.4853019,21.9172558,21.3515488,20.8000479,20.2636324,19.7814167,19.4539946,19.1377741,18.8293938,18.5261053,18.2228899,17.9175812,17.6009923,17.2845243,16.9705756,16.6728636,16.4025104,16.1530377,15.9413713,15.7666264,15.6257296
GN,34.2070124,36.2547678,38.5069764,40.9583265,43.6110596,46.4477657,49.1121142,51.9756795,55.1562119,58.7858945,63.0305125,65.7555277,67.5074192,68.1759984,67.9786978,67.8300867,67.3236976,66.8732338,64.6516402,62.3022441,60.2199464,58.9148366,57.7366281,56.6703219,55.6729032,54.6511355,54.273915,53.871574,53.3910074,52.7623414,51.9737353,50.9836485,49.9031808,48.8565467,47.9895896,47.3726215,47.0088706,46.8415356,46.818577,46.8631165,46.9188574,46.8235759,46.7315867,46.6284621,46.5064806,46.3690423,46.1166587,45.8740615,45.6440605,45.4328418
HT,41.0013969,41.6910114,42.4171096,43.1784838,43.9811696,44.8164041,45.5926557,46.4106934,47.2863862,48.2228931,49.2420701,51.1538757,52.1944437,53.062527,53.9312363,54.7778515,55.8744732,56.9499424,58.0077188,59.0398731,60.0486,59.4560964,58.8769656,58.8651424,59.0106247,59.2107472,58.3091719,57.5536741,56.9308754,56.4111674,55.9925954,56.0826387,56.2366844,56.0062439,55.8286377,55.6964034,55.9774043,55.3415361,54.7475158,54.2004026,55.0069599,54.6285844,54.3644328,54.197015,54.079376,54.0216591,54.0818802,54.2028494,54.3880884,54.628175
HN,28.186937,28.1221276,28.0300642,27.9627818,27.9480864,27.9938835,28.0657095,28.1941712,28.3629892,28.541954,28.7207585,28.8945917,29.0689275,29.2342822,29.3242339,29.2565601,29.2541742,29.2394493,29.2257706,29.2199759,29.2303769,29.2535364,29.2946441,29.3506431,29.4213001,29.4999971,29.6250372,29.7657436,29.8450068,29.536375,29.2529589,29.0774891,28.9232678,28.7917215,28.6927863,28.6282732,28.5861314,28.5722256,28.5839837,28.6121119,28.6519897,28.6983515,28.5499023,28.3926442,28.2477671,28.1173951,27.9804871,27.8674548,27.7778367,27.7100976
HK,100.0000136,101.0559369,101.0534867,101.5782571,102.5787715,102.6382867,103.6964974,102.4409985,101.2790848,100.7001681,99.5932366,99.0246862,99.1102065,98.54191,98.8228317,98.5197556,100.0430877,101.5189823,102.6104181,99.791682,99.4906142,99.2702091,99.5513111,99.602843,99.9569964,100.0216461,99.7290227,100.6543387,100.8355812,100.1107856,100.0168165,100.8469204,101.7511806,101.7871873,101.2691619,100.9374929,98.1638412,98.8875225,99.4909608,99.8142738,100.0258665,100.184323,100.4570958,101.2412046,100.9674652,101.0202401,100.8525907,100.3168253,100.065738,99.4718507
HU,32.4511999,32.2975303,32.1856622,32.0890256,31.9823353,31.8899459,31.7907146,31.6720385,31.55311,31.4391173,31.3230167,31.2070274,31.0904451,30.9369383,30.8069407,30.603532,30.4253133,30.2753492,30.1620647,30.0816489,29.9264542,29.8009557,29.7029181,29.6340426,29.591226,29.5599309,29.5599551,29.5693252,29.5681078,29.5688252,29.3756709,29.0943273,28.8249582,28.580492,28.3442241,28.1106566,27.8877435,27.6757832,27.4736648,27.2869127,27.0947418,26.5894805,26.0800535,25.7614849,25.5201188,25.3922486,25.3038294,25.2164811,25.1354203,25.0545209
IN,2.932967,2.9787237,3.0109951,3.0425825,3.0741011,3.1053677,3.1339349,3.1631716,3.1934573,3.2243585,3.2565362,3.2755142,3.3021686,3.3297266,3.3582405,3.3872147,3.4076537,3.4287316,3.4512332,3.475133,3.5008829,3.5594625,3.647763,3.7401927,3.8376081,3.9397389,4.040348,4.1456125,4.2555884,4.3698966,4.4897059,4.6042196,4.6990227,4.7959716,4.8979862,5.0035002,5.1130528,5.2257789,5.3428236,5.4640021,5.589836,5.7258415,5.861955,5.9910906,6.1067688,6.2052438,6.2616132,6.2961929,6.3090085,6.3042526
ID,19.7162207,20.1766179,20.2863144,20.2153848,20.1441679,20.06848,19.9667813,19.8657745,19.7679589,19.6724129,19.5834086,19.3004182,19.1706206,19.0943226,19.034225,18.9893704,18.8466584,18.7235006,18.6216392,18.5381496,18.4729891,18.0748201,17.637544,17.2372206,16.8733149,16.5420216,16.1828038,15.8581144,15.5655386,15.3002348,15.0616137,14.5142701,13.8727613,13.277592,12.7237107,12.2067336,11.6343384,11.1050755,10.6141202,10.1571269,9.7307939,9.4214869,9.1305536,8.8567202,8.5909599,8.3407876,8.1218355,7.9157356,7.7227554,7.5430633
IR,25.7807112,26.1025466,26.4288546,26.7594236,27.0994698,27.44376,27.6951004,27.8420627,27.9298784,28.0106725,28.0872175,28.05205,28.064791,28.0969117,28.1346019,28.1582077,28.2450965,27.9038057,27.3193063,26.7283548,26.1213071,25.5408421,24.9698613,24.3969403,23.8151388,23.2161749,22.7846262,22.1989482,21.637825,21.1667746,20.7816157,20.4504019,20.0502028,19.6351476,19.2323143,18.8409946,18.4642123,18.0512462,17.6014827,17.1712416,16.7596756,16.4312809,16.1157187,15.8123751,15.5208711,15.2404441,14.9754022,14.7370868,14.5096827,14.2981251
IQ,31.6769017,32.6466537,33.6592101,34.7029982,35.7751989,36.8588046,37.0959647,36.8304482,36.5562115,36.292053,36.0678846,35.9127723,35.7825789,35.6721757,35.5837641,35.5127107,35.588166,35.6782502,35.3009673,34.7099738,34.161106,33.7429132,33.3344136,32.9340719,32.5428795,32.1569139,32.0045851,31.8531962,31.6129172,31.3348363,31.0604057,31.0400858,31.0209854,31.0001099,30.9804539,30.961016,30.8397864,30.7173158,30.6457285,30.5949321,30.5455616,30.6394894,30.7350081,30.8310471,29.3610274,27.9633205,26.5993614,25.301987,27.4534384,27.460319
IE,50.9412144,50.9931075,51.1834747,51.2390674,51.4138159,51.6309299,51.8136012,51.4921567,51.2351936,50.9860981,50.5578468,50.3366211,50.0181418,49.6650025,49.2990226,48.9204708,48.6279675,48.452525,48.3184749,48.0227793,48.0387909,47.9029654,47.2836831,46.8514389,46.4128896,46.1629587,46.0859526,45.8560466,45.9157446,46.0410356,45.9379842,45.5520825,45.4520265,45.4708447,45.578012,45.2969161,45.1170186,44.8768632,44.6215537,44.3318298,43.9547701,43.4388198,42.9033936,42.4454036,41.9131988,41.2224434,40.4588515,39.8009343,39.4479107,39.1375226
IL,45.4651909,45.9338666,44.673855,43.9524831,43.1308086,42.521487,42.410584,41.5584559,41.6448713,41.516268,41.0995053,40.8459317,40.8480665,40.2807459,40.1520848,40.3030384,40.5154357,40.7234934,40.988666,41.0672809,41.2176345,41.6103193,42.0564993,42.5491997,43.4799137,44.2242966,45.1417,46.0468779,46.953023,47.8533118,48.0962769,46.9586914,47.0400553,47.4939786,47.9878188,48.4485671,48.5519488,48.3213507,48.1951692,48.0191877,47.8742885,47.7481349,47.640858,47.5915753,47.5198067,47.4482274,47.3858513,47.3196503,47.2543919,47.2593992
IT,8.2350587,8.3383814,8.4236718,8.4981594,8.5661078,8.632819,8.7036482,8.7802995,8.8667624,8.9599149,9.058221,9.1979002,9.2124786,9.1628578,9.1157875,9.0743962,9.0505614,9.0334143,9.0225533,9.0178213,9.0208222,9.0531593,9.0637884,9.0658168,9.0689912,9.0716558,9.0845809,9.0970438,9.1061604,9.1126871,9.1185952,9.1174923,9.0940789,9.0616687,9.0330367,9.0061565,8.9742385,8.9402515,8.908542,8.8779773,8.8449382,8.8086859,8.7503788,8.6533983,8.5434145,8.4605383,8.3883977,8.3089423,8.2324932,8.1603679
JP,41.1260425,41.5551855,41.9920772,42.4129434,42.8450219,43.2774407,43.1401557,42.8888607,42.9204143,42.2323015,41.9687564,41.9858043,41.9590699,42.1775331,41.9498601,41.858964,41.8382833,41.5874252,41.3670095,41.1772532,41.0167559,41.0776271,41.1490585,41.2198482,41.3113406,41.4116806,41.3858546,41.4369014,41.5186186,41.6087293,41.7308945,41.7402997,41.6893256,41.6392424,41.5514549,41.4477149,41.4830728,41.5057697,41.5328067,41.586192,41.6467898,41.7168745,41.8007485,41.8928099,42.0614925,42.2405644,42.4306747,42.5997473,42.7747625,42.9290767
JO,50.7716552,51.8156904,51.6916996,50.8081864,49.860492,48.8615585,48.1493731,47.3819516,46.6122108,46.104805,45.9268426,46.0184584,46.3695412,46.8733625,47.4023253,47.8717313,48.2223532,48.5301663,48.8103579,49.0743482,48.6598863,47.186963,45.7251906,44.3299649,43.0746909,41.9694097,40.9112688,39.9170222,39.0100808,38.1023302,37.2034831,33.6947307,32.4182406,31.3956306,30.6091126,29.6682203,28.9648968,28.2777262,27.6068271,27.2942836,26.8032853,26.3269619,25.8721837,25.4127207,24.9765214,24.5817024,24.1947509,23.639967,23.1545426,22.7332831
KZ,11.9652624,11.7342718,11.5353844,11.3740441,11.2569316,11.184695,11.1409834,11.1391469,11.1685286,11.2133032,11.2457021,11.2934095,11.346098,11.4054774,11.4781708,11.5669084,11.7316285,11.8980972,12.0678103,12.1374783,12.0688621,11.9830123,11.8985319,11.8152168,11.7332222,11.6519774,11.6866954,11.7215217,11.7566386,11.7576875,11.7353099,11.7397242,11.8260795,11.9838998,12.2399522,12.5392278,12.7788239,13.0313561,13.3084421,13.5709691,13.836477,14.0681552,14.2792751,14.4455558,14.5619494,14.6503091,14.6839613,14.7054223,14.7158584,14.7569121
KE,48.7905977,48.971666,49.1845936,49.6645773,49.6298801,49.3881686,48.6236149,47.9233583,47.2797642,46.6707632,45.8089663,44.1883617,42.704946,41.3348272,40.0744811,38.9104531,37.7247089,36.6279264,35.6153048,34.6729597,33.7502138,33.4934711,33.2481533,33.0183385,32.8132386,32.6310739,32.5182274,32.4331195,32.3762797,32.3390462,32.3576315,32.54367,32.7537927,32.9910722,33.2737618,33.6063065,34.0280984,34.4913165,34.9925544,35.515984,36.0049892,36.3795216,36.7653731,37.1578273,37.557352,37.9557972,38.1778583,38.3881306,38.5729061,38.7242963
KP,14.6759747,14.3940552,14.2524375,14.1288072,13.9973415,13.8404952,13.4169833,13.0079877,12.8147369,12.7818821,12.7793952,13.1135316,13.4722558,13.8624394,14.3003517,14.793938,15.4775255,16.2313102,17.047026,17.901423,18.7783195,19.1025517,19.4112061,19.7135039,20.026502,20.3586931,20.7100244,21.0822027,21.2182302,21.3498982,21.4726556,21.5914966,21.7055067,21.8223627,21.7245704,21.4218721,21.1213797,20.8489909,20.6032395,20.3815041,20.1814724,19.9826189,19.8043162,19.6428176,19.4937727,19.3535716,19.1960402,19.0459613,18.9020139,18.7628963
KR,34.0924766,34.673148,35.2215142,35.8519571,36.5647235,37.3456033,37.4010876,37.9866608,38.8377483,39.7987782,40.8813021,40.9657165,40.6870535,40.4674443,40.3075418,40.1982122,39.7574487,39.2881581,38.8864609,38.530592,38.2018891,37.7278592,37.173472,36.6807059,36.3082066,36.0508859,35.5511357,34.9675509,34.4133922,33.8870593,33.3276755,32.684525,31.7778655,30.9050998,30.0596756,29.085905,28.5096263,27.9560176,27.4725044,27.000827,26.5042265,26.1446278,25.8817817,25.63759,25.4266343,25.2605314,25.0708011,24.8864985,24.7143079,24.5690929
KW,85.8270773,87.5736528,86.7582964,84.7735214,82.6165473,81.0764572,80.9829021,81.6111629,83.0141401,85.1511034,86.6519868,83.8785498,81.8397214,80.133556,78.3444811,76.4274241,74.658171,72.9041864,71.2428272,69.7326408,68.3692367,67.3818854,66.7574847,66.4820075,66.5552607,66.9262456,66.78186,66.660772,66.5695093,66.4333601,66.8361104,104.7179495,-1,-1,-1,67.3278982,67.0739792,67.1735184,68.7015028,69.2009862,69.7135191,70.2601247,71.6762276,73.1209106,74.5994013,75.7640358,77.3042088,78.7918469,80.0816615,81.1073812
KG,31.7572797,32.3858158,32.9816791,33.5737628,34.2042048,34.8931932,35.678142,36.5364535,37.4793118,38.5031458,38.9121306,38.7374917,38.6206355,38.5470008,38.5066089,38.4875474,38.5456886,38.6056946,38.6710036,38.5934311,38.3991035,38.3261757,38.2574784,38.1821878,38.0921535,37.9860981,37.9562092,37.8956891,37.745613,37.8214383,37.9922411,38.4548165,39.1164512,40.267853,41.4570545,42.1923523,42.649035,43.1101218,43.5511755,43.9483565,44.2433237,44.3181672,44.4067374,44.4365236,44.3940027,44.5377987,44.3425762,44.1931292,44.096002,44.0410627
LA,76.1589973,74.0792878,72.0620017,70.1022382,68.1980908,66.3441693,63.1993728,62.5915092,62.0301624,61.4672558,60.8980478,60.0461282,59.2085675,58.9503985,59.612511,60.5958195,62.1668568,64.0436021,66.1120013,68.1639657,70.0468308,71.5719005,72.9100009,74.1070354,75.2571591,75.6585541,74.3861289,73.1397128,71.9378065,70.7824699,69.6930436,68.3274909,67.0674614,65.8980598,64.8214327,63.7011509,60.6386471,57.8972445,55.4632545,53.3226845,51.4559538,49.4866427,47.774108,46.2545636,44.8678046,43.5669798,42.2676667,41.1396832,40.2021846,39.4639096
LB,70.2162655,69.1114609,68.1796738,67.4307923,66.8872281,65.9219929,65.1954598,64.6771142,64.2859183,63.9060181,63.4939105,65.4536957,68.8580141,72.5424982,76.7839226,81.784181,80.7105918,80.1003239,79.7773292,79.4955206,79.0831517,78.6593971,78.0591403,74.7996784,71.7711857,69.0498119,67.0000082,65.156541,63.286237,57.7838237,52.2939133,47.0977168,45.9703452,44.7327878,43.6400298,42.8285044,42.3710613,42.1416038,43.2927852,44.5733808,45.8264836,47.0845038,49.9019784,49.9436734,50.0567742,50.2834161,50.6384193,51.0711128,51.5205831,51.9160825
LR,38.121372,41.800524,44.8022479,44.624928,44.5039689,44.4232207,44.2321572,44.0945985,44.0277238,44.0369419,44.1394102,44.1714552,44.2945461,44.4595668,44.8421573,45.507365,46.0614188,46.6319459,47.2111988,47.7692264,48.3113855,48.7260666,49.1679751,49.7846225,52.2361553,57.5891307,64.0742828,71.7990604,81.1024842,92.3749609,106.1392143,123.5202594,99.3251046,79.7364593,62.7063127,47.7180533,80.0812467,69.9418183,60.5272413,52.8561092,54.4794737,57.2966797,61.0690986,65.5521116,70.3078832,62.0504625,54.4695761,47.6386213,41.6343693,36.6865101
LY,47.3090862,45.77917,44.4154055,43.1696117,41.9965812,42.9973763,41.9337168,41.1661594,40.6488509,40.3313539,40.2060306,40.6874785,41.2751017,41.9481527,39.7339447,37.4611274,36.0369288,34.6978563,33.4071867,32.122741,30.8359915,29.6998946,28.5822045,27.5527145,26.6820919,25.9953232,25.8373084,25.8077212,25.8710984,25.978034,26.0984144,26.2178114,26.3500452,26.4884437,26.6343014,26.7850483,26.4869197,26.1188015,25.7534368,25.3908365,25.0316889,24.6623849,24.2970221,23.936007,23.5804013,23.230485,22.8698121,22.5288409,22.2187529,21.9480425
MG,46.6071084,45.5087163,44.4749464,43.498092,42.5761056,41.6984287,40.9740492,40.5261116,40.1012883,39.6870367,39.2864725,38.6297913,38.2116793,37.8153618,37.4473531,37.1154865,36.9205096,36.7411125,36.5947164,36.4913043,36.4391431,36.3548761,36.3169628,36.3055788,36.3020372,36.2845022,36.1560713,36.0247944,35.8947247,35.7620821,35.637051,35.6657955,35.6971151,35.7261566,35.1545819,34.5446271,34.1895786,33.8396603,33.5038312,33.1855251,32.8890328,32.5872548,32.3128734,32.0684235,31.8533972,31.6689763,31.4503082,31.2649107,31.1101394,30.9842403
MW,5.1219912,5.6640551,6.2639556,6.9284795,7.6668264,8.4834725,9.1359625,9.8580959,10.653774,11.517578,12.4567211,13.3059879,14.2348252,15.242101,16.3466127,17.5575984,18.973406,20.5039435,21.1112815,21.4827669,21.9271437,22.6137645,23.3895161,24.0074405,24.5337874,25.0616518,25.2454053,25.1249309,24.6230407,24.2729611,24.2584422,24.4756121,24.9838622,25.6574448,26.3237919,26.8439652,27.0985196,27.212479,27.2533035,27.3048817,27.4180475,27.5182044,27.6459402,27.7832187,27.9100286,28.0176203,27.982157,27.9432047,27.9020444,27.8630932
MY,15.8647498,15.4147094,14.9839215,14.5772945,14.2012793,13.856738,13.5176148,13.208126,12.9241577,12.6591062,12.4106707,12.6515965,12.9463387,13.257666,13.5914458,13.9475118,14.3204156,14.7115835,15.1214053,15.5431099,15.9263709,15.5580847,15.1945626,14.8335222,14.4736788,14.1139544,13.7553358,13.4006599,13.0571299,12.731146,12.4276579,12.0519474,11.6545527,11.2756735,10.9164029,10.5726165,10.2284478,9.900659,9.5927584,9.3080366,9.0479172,8.830342,8.6314882,8.4477177,8.2751971,8.1107377,7.9771177,7.8497054,7.7323605,7.6280267
ML,23.1496903,22.9529797,22.8671647,22.8000106,22.7491137,22.7078871,22.7049059,22.8140058,22.93904,24.2633514,25.6808958,27.119478,28.6592751,30.2988154,32.0624719,33.9583689,35.8296307,36.722408,36.7288855,36.7569187,36.8025927,36.7797238,36.7758736,36.7860563,36.8099962,36.8396232,36.9489911,37.0401771,37.0219803,37.0103152,37.0131697,37.0571625,37.1112359,37.1747431,37.2605076,37.3693718,37.4487398,37.5455384,37.6483942,37.7367974,37.8027596,37.7973528,37.7910226,37.8006494,37.8410255,37.917073,37.9729084,38.0474898,38.1290574,38.2101606
MX,26.7069654,26.9638163,27.23709,27.5179508,27.8033898,28.0845079,28.3711851,28.6643932,28.9666404,29.2709493,29.3736793,29.2247402,29.0866357,28.9622798,28.866087,28.8021756,28.798126,28.8207697,28.8766034,28.9659846,29.040903,28.5898408,28.176191,27.7935238,27.4354567,27.0953921,26.7973247,26.5152571,26.248019,25.9923423,25.7675802,25.624582,25.4898981,25.3614383,25.2410575,25.1279895,25.0434038,24.9429334,24.8568571,24.7739557,24.6261735,24.4553718,24.2938926,24.1339167,23.9756783,23.8183913,23.6503012,23.5021278,23.3534361,23.2028787
MN,52.309016,54.0662999,55.9332105,56.3138336,55.0842818,53.915158,53.651904,53.3899472,53.1304198,52.8499415,52.5548064,52.120837,51.6967581,51.2805865,50.8873908,50.5186092,50.2154825,49.9253262,49.6564895,49.2763538,48.7803754,48.4179968,48.0975071,47.7665408,47.3663499,46.8684668,46.4053803,45.8770554,45.4288633,45.1898915,45.2586739,46.0539828,47.1808459,48.5281188,49.9317408,51.2516215,52.4430051,53.5281725,54.5333029,55.5035819,56.4788278,57.370462,58.203583,58.9788495,59.7032205,60.3803264,60.8589246,61.2815348,61.6438774,61.9457549
MA,28.2850684,28.2863251,28.3046639,28.3317141,28.3605287,28.3813294,28.3797518,28.3777392,28.3889474,28.4229325,28.4936906,28.5030995,28.2302727,27.9648459,27.7170307,27.4776922,27.2066397,26.9453602,26.6895675,26.4292637,26.1618857,25.8706054,25.5790416,25.0749556,24.5597172,24.0885459,23.6634398,23.278823,22.9326422,22.6191125,22.3371842,22.1120648,21.9149192,21.7406755,21.5878158,21.179064,20.8727179,20.5818889,20.3070775,20.0485869,19.806139,19.5714815,19.3500089,19.1364327,18.9248473,18.7107867,18.502294,18.3087452,18.1379919,17.9959765
MZ,64.0577827,64.290591,64.6966884,65.2106263,65.8349947,66.5451925,66.5191233,66.6374462,66.8961037,67.2675513,67.7632069,63.5534892,59.1753736,55.4493826,52.2076434,49.3333198,45.2968397,41.904463,39.0423492,36.6296269,34.6038351,33.1484104,31.8677809,30.7935715,29.9600904,29.3663915,28.7628677,28.3867428,28.1002665,27.7235471,27.1478708,26.1771622,25.0791149,23.9560364,22.9265511,22.0468373,21.4078611,20.8622603,20.3860269,19.9550428,19.5579829,19.2856978,19.0571772,18.8759528,18.7424416,18.6516273,18.5811705,18.5298119,18.4879798,18.4498867
MM,39.3437333,38.5592901,37.8043855,37.0726672,36.3590497,35.6563363,34.9682745,34.2943303,33.6318415,32.974177,32.322884,31.8693232,31.4143529,30.9636413,30.5294116,30.1167845,29.9780842,29.8535228,29.7408485,29.6326399,29.5264472,29.3945706,29.2689892,29.1575539,29.0717907,29.0160315,28.8749735,28.7651349,28.6835081,28.62241,28.5803123,28.4433912,28.3286608,28.2297503,28.1443726,28.0691896,27.8529466,27.6483121,27.4675541,27.3229376,27.2225289,27.0329351,26.8872788,26.7700302,26.6626837,26.5491948,26.3097913,26.0707628,25.8368912,25.6147611
NP,35.1346728,34.6430102,34.3522702,34.0550589,33.7506937,33.4349217,32.9347366,32.435367,31.9387634,31.4431113,30.9523443,29.7507972,29.279843,28.8447132,28.4475934,28.0838688,27.203927,26.4143419,25.7089433,25.0768004,24.5118108,24.009605,23.8743536,23.7779257,23.7191028,23.6893094,23.5694088,23.48682,23.4376631,23.4101992,23.4058553,23.1631971,22.7107003,22.2984981,21.9275741,21.5936849,21.1084586,20.6731214,20.2892103,19.9538855,19.6665381,19.447753,19.2706072,19.1361864,19.0436259,18.98987,18.9700575,18.9776292,19.0042315,19.0429171
NL,13.0328779,12.9721912,12.8983489,12.8351521,12.7738312,12.6024031,12.3423365,12.1080033,11.8889704,11.6609111,11.5277531,11.4818663,11.4571024,11.4538251,11.4551683,11.3288291,11.0998812,10.8971047,10.6954575,10.4906912,10.2741438,10.0536432,9.8598989,9.6785301,9.4988849,9.3825844,9.3275878,9.2652953,9.2029467,9.145259,9.1076306,9.0348607,8.9705189,8.9120405,8.8550983,8.7768417,8.6786652,8.5644899,8.4525776,8.3349123,8.2140879,8.10952,8.0162427,7.9378749,7.8706773,7.818707,7.7922058,7.7617251,7.7184948,7.6757275
NZ,24.4166696,24.3940869,24.5866663,24.9151484,25.2313575,25.6581168,26.0540246,26.3458082,26.883993,27.1203636,27.760142,28.2098127,28.367446,28.4742879,28.4602475,28.5071885,28.8695188,29.0205369,29.2478268,29.6002372,29.8038087,29.7623034,29.6888416,29.5724339,29.5504158,29.6422655,29.85339,29.9603347,29.9179901,29.8536905,29.7789455,29.8584893,30.2346538,30.5834434,30.8780528,31.1352149,31.288437,31.3479972,31.5438333,31.8551584,32.1494775,32.5158456,32.6751454,32.7577415,33.002092,33.3652053,33.8294952,34.6567694,35.5356752,36.3431025
NI,28.2602718,28.6191877,29.0115226,29.4439856,29.9644338,30.4914472,30.8614142,31.24524,31.6445004,32.0502487,32.4701982,33.0791881,32.9432209,32.8049241,32.6692165,32.536006,32.474587,32.4167519,32.3728293,32.3480835,32.3488209,32.3684887,32.4116232,32.4847726,32.5990164,32.7539703,32.9604914,33.2098523,33.479246,33.7322998,33.9542076,34.1371066,34.2963304,34.4516425,34.6402475,34.6995096,34.0079436,33.3754166,32.7979961,32.2689635,31.7825609,31.3358386,30.9254875,30.5417065,30.1738766,29.8130911,29.448481,29.1110413,28.80372,28.5278146
NE,30.6085638,31.3132624,32.0539539,32.4374644,32.8544047,33.2989872,32.8432397,32.874204,33.0014764,33.2079692,33.5008988,33.4370727,33.4880275,33.6260531,33.8483892,34.1415003,34.8527537,35.60413,35.5419109,34.9840202,34.4913889,34.5024244,34.5398895,34.595306,34.6632712,34.7307074,34.898142,35.0644155,35.2232696,35.3551785,35.4661012,35.782519,36.0782891,36.3509305,36.6129508,36.8665875,37.1119414,37.3419037,37.5714556,37.8075763,38.0568994,38.4589908,38.8576588,39.2200065,39.5141597,39.7281738,39.7220516,39.6656861,39.5852266,39.5165706
NG,10.4241234,10.72493,11.0568304,11.4193399,11.4091125,11.2051228,11.1600899,11.1204803,11.086326,11.0550185,11.0275785,10.9857381,11.1457433,11.3033331,11.4529829,11.5890178,11.6831878,11.7650164,11.848431,11.946258,12.0684583,12.2064546,12.3682723,12.5473074,12.7365678,12.9273821,13.0977591,13.2737808,13.4591791,13.6542613,13.8650638,14.0831369,14.1205138,14.0337212,13.9562271,13.8860612,13.8236724,13.766686,13.7164453,13.6713266,13.6314862,13.5884459,13.551111,13.5188008,13.4923582,13.4698756,13.4593091,13.4515101,13.4440745,13.4348376
NO,32.3486584,31.5150804,30.6750897,29.8927337,29.1636349,28.4592119,27.7769671,27.1173048,26.4792557,25.8871504,25.3647126,25.0639096,24.6538953,24.2659987,23.9110369,23.5754951,23.2981325,23.0370021,22.7857838,22.5497043,22.295473,22.2877676,22.2987925,22.2940497,22.3492766,22.3720395,22.3855044,22.3887146,22.3713242,22.3753756,22.3986208,22.4251442,22.4823306,22.5354734,22.5957114,22.6635961,22.7151215,22.7564985,22.7751531,22.7418703,22.6416038,22.6532137,22.6855119,22.744638,22.8045239,22.9021071,23.0853991,23.2168222,23.2952446,23.3648252
PK,18.2898649,18.4863468,18.7054557,18.9480298,19.2051777,19.464425,19.7398847,20.0086969,20.2689559,20.5144774,20.7492467,20.9275746,21.1041662,21.196437,21.2716616,21.3534929,21.3971584,21.448743,21.5163932,21.6034249,21.7136257,21.8421169,21.8059696,21.7735373,21.7457924,21.7196477,21.6855502,21.6595059,21.6361479,21.6313722,21.6313084,21.6468329,21.6712409,21.6951583,21.720966,21.7586737,21.7736482,21.7988951,21.8262978,21.8487793,21.8600096,21.8140588,21.7443624,21.6469351,21.5212073,21.3704263,21.2074915,21.0287633,20.8388239,20.6469235
PA,60.9478927,61.222061,61.4398153,61.6690128,61.909298,62.1472776,62.3967851,62.6600029,62.9513641,63.2702926,63.474833,63.2210707,63.0057824,62.8186261,62.6634378,62.5354811,62.43593,62.3592788,62.3177374,62.314956,62.3800127,62.5525442,62.7663154,63.0141507,63.2932443,63.5903976,63.8889942,64.208931,64.5465812,64.8854218,65.15155,63.9041296,62.7115276,61.5667107,60.4759774,59.4371707,58.5070421,57.6168681,56.77366,55.9772774,55.2301739,54.6795409,54.196932,53.7836542,53.4323959,53.1314871,53.0121092,52.9055264,52.7960411,52.6729979
PY,56.2950488,56.8403801,57.3888708,57.7970885,58.1499847,58.4972483,58.7471481,58.996916,59.2653865,59.5631263,59.9094308,59.9813657,60.0943584,60.013311,59.9249449,59.8140512,59.4421626,59.0528272,58.6428876,58.198444,57.7182941,57.0336888,56.3346012,55.7976071,55.292208,54.8219552,54.3034041,53.8310346,53.4089956,53.0297311,52.7009189,52.4834948,52.3135132,52.0073607,51.7149012,51.4633138,51.2925561,51.1540792,51.0509898,50.9770871,50.9315311,50.9065252,50.9084849,50.934701,50.9753191,51.0190321,51.0880516,51.1362642,51.1550596,51.1404082
PE,37.7783377,37.7718261,37.8967589,38.0327374,38.1912611,38.3697729,38.5206863,38.6989009,38.9031112,39.1190513,39.3518156,39.7898903,40.196324,39.9913021,39.8013516,39.6259,39.5938073,39.5704547,39.5675224,39.5897365,39.6433377,39.8220519,39.6358205,39.4618616,39.308018,39.166414,39.075182,38.9995701,38.9441512,38.9088624,38.900632,38.9864031,39.0984328,39.2306497,39.161986,39.1052945,39.1779895,39.2663522,39.376291,39.5101798,39.6713179,39.8561019,40.0663561,40.3000379,40.5569919,40.8322697,41.1178305,41.4224808,41.74252,42.0533865
PH,27.7341729,27.8481448,27.9642813,28.0848204,28.2160745,28.35617,28.4931073,28.6427447,28.80698,28.9804589,29.288502,30.0745666,30.9012118,31.7603408,32.6617393,33.4050913,33.3189312,33.2402459,33.1702469,33.1030831,33.0048613,32.1284115,31.3014662,30.5222269,29.7923124,29.1075151,28.4298073,27.7971871,27.2090982,26.6608779,26.170691,25.8623924,25.5833527,25.3274492,25.0952724,24.8834697,24.2983461,23.6505219,23.0345486,22.4491305,21.9111984,21.5090645,21.1270565,20.7622083,20.4122336,20.0739755,19.7789766,19.4940822,19.2196415,18.9568401
PL,7.9039775,7.9054926,7.8513608,7.7972952,7.7198807,7.6780399,7.6761566,7.6644934,7.6266747,7.6160356,7.6717129,7.6532494,7.6657666,7.6720723,7.6727645,7.6745576,7.6873234,7.7020632,7.7238374,7.6842135,7.5714565,7.4864725,7.4031659,7.3178425,7.2346479,7.1635803,7.1101926,7.0661137,7.0245614,7.0013616,6.9684394,6.9685707,6.9697825,6.9679985,6.9603158,6.9599931,6.9621544,6.9639972,6.9687213,6.9778382,7.0226133,7.0772843,7.0995115,7.1385756,7.1772551,7.2150133,7.2567398,7.2807714,7.2999392,7.3186401
PT,48.364693,48.6855843,48.6150516,48.6631958,48.8319055,49.1901876,49.7018247,50.1453566,50.4999152,51.0273075,51.7668725,54.9632752,56.1752094,57.3152728,57.6917313,56.694845,56.259723,56.8296435,57.4014289,57.9909889,58.5889248,58.683788,57.7465593,56.9337438,56.1884367,55.5272729,54.9835944,54.5394133,54.1563777,53.809876,53.5266775,52.737271,52.1916655,51.7481341,51.2505395,50.7409056,50.2305903,49.703537,49.161614,48.6099736,48.0410977,47.4328856,46.8037355,46.2032915,45.6702608,45.2074154,44.8246523,44.4963438,44.2171411,43.943797
PR,56.8250565,56.5185387,56.0824688,55.6420192,55.3809998,55.3827728,55.6727681,56.2275963,56.9220825,57.5326324,57.7625562,57.7347938,57.5147509,57.1967045,56.9409189,56.8324015,56.9189726,57.1182002,57.4171747,57.7742469,58.0207421,58.1720023,58.3648278,58.589118,58.8358305,59.0928775,59.2463849,59.41449,59.5986414,59.7943436,60.2572958,59.6519941,59.1854132,58.6863454,58.2225553,57.8380299,58.3714886,59.034264,59.936275,60.9135357,62.0029788,63.5066918,64.9539808,66.2570852,67.3344947,68.1368138,68.9093384,69.4284603,69.7278681,69.6566948
RO,15.9251304,15.910812,15.9473454,15.9754282,16.0261545,16.0939662,16.2874994,16.5932072,16.6591914,16.8576722,17.1046804,17.3912804,17.7088242,18.0586632,18.3886779,18.7158166,18.9975215,18.9950309,18.7134663,18.4449218,18.2184539,17.9842875,17.7794709,17.6203293,17.4690212,17.3009688,17.1331729,16.9567418,16.7882922,16.6362205,16.5196786,16.6342993,16.8952224,16.7535034,16.6056912,16.4782074,16.4473689,16.4032922,16.3571569,16.3069282,16.2350894,16.3372838,16.4972418,16.5579215,16.5924112,16.6220077,16.6055357,16.5848066,16.5598842,16.5352677
RU,9.5651509,9.4326823,9.3048595,9.1812795,9.061915,8.9460447,8.8970009,8.8499235,8.8049087,8.7613724,8.7193117,8.6697946,8.6223888,8.5765178,8.5326137,8.4904433,8.4767245,8.4633261,8.4507263,8.4256271,8.385269,8.3655953,8.3496919,8.3366452,8.3108257,8.2835543,8.2799733,8.2781894,8.2807124,8.2703136,8.2562556,8.2872112,8.3083195,8.317225,8.3679796,8.4618128,8.6078304,8.7983602,8.9799006,9.164725,9.3163779,9.5056075,9.7187635,9.8316586,9.9089261,9.9835458,10.0515108,10.1095466,10.1501281,10.1907986
RW,49.5240473,-1,-1,-1,-1,50.3448179,-1,-1,-1,-1,49.1497505,-1,-1,-1,-1,50.7852652,-1,-1,-1,-1,52.5124034,-1,-1,-1,-1,53.7892444,-1,-1,-1,-1,56.7554772,-1,-1,-1,-1,70.8540187,-1,-1,-1,-1,45.299479,-1,-1,-1,-1,49.4818173,-1,-1,-1,-1
SA,12.1957883,11.6801792,11.1891019,11.1820243,11.6699507,12.193768,12.6104561,13.0647198,13.5509297,14.0522569,14.5670338,15.1090091,15.6623571,16.2151528,16.7707043,16.8033774,16.808006,16.7940713,16.766333,16.7219122,16.6663442,16.6483601,16.6399358,16.6497567,16.6900155,16.7648211,16.9982293,17.271047,17.6183648,18.0744344,18.6702175,19.6828315,20.753249,21.0257542,21.0653919,21.1057114,21.2012481,21.29548,21.3912537,21.4876181,21.6549845,21.8164218,21.9802368,22.1454858,22.29108,22.275312,22.2926696,22.3765391,22.6302063,22.8458351
SN,49.8020089,50.2586127,50.5164229,50.7976834,50.6534189,50.4278749,50.1102002,49.7874749,49.4749381,49.1767228,48.8110341,48.4458803,48.1187359,47.8333897,47.6148755,47.4670856,47.7323887,47.6338783,47.5681872,47.5111994,47.4508522,47.4828532,47.5118993,47.5359507,47.5593343,47.5765645,47.6449812,47.7128039,47.7804838,47.7709509,47.7843108,47.9905357,48.2179114,48.4568321,48.7110998,48.9758064,49.2525921,49.5345053,49.8298527,50.137338,50.4598423,50.7416622,51.0385837,51.3418324,51.621503,51.8555312,51.9569575,52.0007026,51.9946045,51.9534987
RS,-1,-1,-1,-1,-1,-1,-1,-1,-1,-1,-1,-1,-1,-1,-1,-1,-1,-1,-1,-1,-1,-1,-1,-1,-1,-1,-1,-1,-1,-1,29.5474067,29.5332428,29.247156,28.9574727,28.7371205,28.6333262,28.6912645,28.8593842,29.1170296,29.1679337,29.2064824,29.179245,29.1151872,29.1136229,29.1044664,29.1161836,29.1025855,29.1044075,29.1321824,29.1804225
SL,30.3519486,29.7067074,29.0986238,28.8070459,29.4029132,30.0251844,30.5635369,31.1346305,31.7405329,32.3718902,33.0364802,33.675971,34.3497508,35.0430774,35.7593261,36.1304864,36.5159763,36.8886087,37.2641577,37.6517771,38.0614969,38.4558831,38.8948857,39.3370095,39.7322946,40.0485576,40.082549,39.6463213,39.2868898,39.1686194,39.3945737,40.0006942,40.9333363,42.0724576,43.2315028,44.2399829,45.0560562,45.6827187,46.0560416,46.1144896,45.8434069,45.2254075,44.3412844,43.3587161,42.4613843,41.7465443,41.1824953,40.7974728,40.5431933,40.3570662
SG,99.2709599,99.3359577,99.5952571,99.7907521,99.7149294,99.6446741,99.3711479,99.1537412,99.3687376,99.6997553,99.9807711,100.0159962,100.0466078,99.9662563,99.9627354,99.9824569,99.9464457,99.6943226,99.586746,99.6403104,100.0207954,97.2442953,95.218096,96.3504662,96.8852123,98.9981725,101.2462861,101.7605045,101.257941,100.4778574,98.9950771,98.7492903,98.4995821,98.8485288,98.7115238,98.7423748,97.8786608,97.7741307,97.4825321,99.347311,99.762581,98.5894635,98.672318,100.9557208,100.7692178,100.0272399,99.155496,97.732511,95.3635368,94.9730933
SO,19.2592583,19.605836,19.9742412,20.3609574,21.3321641,22.9605661,24.6893823,26.5131402,28.5032213,30.7490427,33.3387024,36.4202757,40.0230311,42.0058443,43.1607273,42.392548,39.8932875,36.9519986,34.3597638,32.6514192,31.9551761,32.2159058,33.2530785,36.0518119,39.1881862,41.8026298,44.0584515,46.1117185,48.0982968,50.2690748,52.8455181,55.889022,56.1343118,56.416943,56.4420272,56.0008787,55.0053833,53.6134233,52.0062336,50.3977301,48.9176004,47.5176015,47.6007897,47.7400369,47.9213493,48.1229559,48.3085219,34.9226266,37.4310915,40.0757183
ZA,14.1541344,14.0049595,13.9016083,13.8335274,13.7908641,13.7641036,13.7480186,13.7370371,13.7276992,13.7158519,13.6810726,13.5360444,13.3948573,13.258248,13.1275585,13.0022882,12.8835836,12.7726411,12.6625033,12.5421526,12.4066442,12.2244835,12.0363421,11.8446153,11.6526567,11.4633478,11.2087796,10.9686238,10.7467037,10.5460238,10.3708698,10.2826408,10.3700993,10.4554704,10.5403729,10.6241956,10.7073093,10.7704893,10.8234198,10.8705672,10.9123902,11.0251955,11.2375792,11.4164959,11.585336,11.7332844,11.8643626,11.9720345,11.9509069,11.9453626
ES,13.8739763,14.0203862,14.1935139,14.3726769,14.5582598,14.747991,14.9447484,15.147375,15.3572413,15.5715161,15.7927644,15.8793468,15.873152,15.8214639,15.785022,15.7380806,15.6892943,15.6399038,15.6025639,15.6024845,15.6269565,15.6185846,15.518029,15.4284912,15.3505085,15.2800215,15.2279748,15.1846476,15.1448684,15.1072505,15.0734859,15.1086044,15.2431644,15.3813126,15.5275346,15.6806585,15.8402336,15.995643,16.1390002,16.2567544,16.3225159,16.3406832,16.3323682,16.3024391,16.2786343,16.2511388,16.2113547,16.1600712,16.1443336,16.1279625
SD,27.7245139,27.4529599,27.2487229,27.1020145,27.0090673,26.956541,26.7944467,26.6804803,26.6035359,26.5420841,26.4936639,26.6701539,26.8447817,26.9526288,26.8753867,26.8088142,27.1237303,27.4406292,27.7607069,28.0748413,28.3833864,28.3114881,28.2491197,28.4746244,29.1436023,29.9101112,30.3193304,30.8401935,31.4468835,32.0894238,32.7495746,33.2962825,33.8679712,34.2531997,33.8980435,33.5882855,33.3003658,32.7196908,32.1955047,31.7354808,31.3443141,31.0345259,30.3804033,29.7741716,29.1922867,28.61682,28.0984308,27.612518,27.1757724,26.8019622
SE,14.83671,14.9876367,15.4443472,15.9179198,16.3779038,16.8174822,16.906856,16.6382968,16.4055897,16.1619114,15.8825633,15.685754,15.5033812,15.3406803,15.1631663,14.9734541,14.8383564,14.7030675,14.5796958,14.4679563,14.3605127,14.3468539,14.4111476,14.4740022,14.5372426,14.5883107,14.6274659,14.6510909,14.661108,14.6366733,14.5976628,14.6548287,14.8353655,15.0178637,15.183652,15.3726066,15.580395,15.7290652,15.8867205,16.0400759,16.1842211,16.266209,16.3050272,16.3404924,16.369117,16.4049482,16.3931306,16.3596003,16.3152571,16.264408
CH,19.5812032,19.4743442,19.3080358,19.2253598,19.2378647,19.3488433,19.4829273,19.5834894,19.6844881,19.815903,19.7533788,19.7950896,19.5699033,19.3942993,19.3226206,19.4015727,19.5664149,19.6096935,19.5632889,19.5047611,19.5880492,19.3363092,19.4119569,19.5299602,19.6787528,19.8244849,19.9725319,20.1122682,20.3183568,20.368621,20.4726507,20.5726023,20.4402697,20.3460576,20.2743927,20.2301311,20.2655036,20.3554836,20.423121,20.4682446,20.4733737,20.4698441,20.4498345,20.432736,20.4270127,20.4303879,20.4199509,20.3553188,20.2147639,20.0711481
SY,28.2280743,28.0294197,27.8360151,27.643067,27.4477667,27.2433057,27.0208015,26.7952684,26.5721686,26.3516404,26.1406786,26.0905095,26.0343363,25.974498,25.9141152,25.850449,25.811385,25.7688266,25.7176609,25.6454393,25.5492556,25.4689507,25.3237326,25.1683242,25.034801,24.931168,24.8836783,24.8665961,24.8798451,24.9170892,24.9801388,25.0438733,25.129514,25.2366819,25.3738432,25.4664333,25.5428106,25.6373437,25.7361448,25.8166763,25.8657202,25.874814,25.8631284,25.8198163,25.7354873,25.6064186,25.6747939,25.7541548,25.845736,25.9391215
TZ,30.9525013,31.3624711,31.8013379,32.2669858,32.7643186,33.2842626,32.6715661,32.1817814,32.3799098,32.7564206,33.2080933,32.6977405,32.3671848,32.1828795,32.1456002,32.2410407,32.2975027,32.4704486,32.7575631,31.7834716,30.6821715,30.1919811,29.7337161,29.3062796,28.9132748,28.5488998,28.2539993,27.9871211,27.7357897,27.5396654,27.3456753,27.2769544,27.1984787,27.130841,27.1104279,27.1533118,27.2119922,27.3222017,27.4717294,27.6356201,27.7991913,27.9292961,28.0595563,28.1859146,28.2980052,28.3884556,28.3835367,28.3544266,28.3041977,28.2395304
TH,39.4978955,39.5393774,39.5806579,39.62446,39.6782259,39.7404633,39.7405582,39.7576276,39.7986082,39.8628181,40.0150486,39.5395785,39.128071,38.7703107,38.4698028,38.2207771,37.9952627,37.8162396,37.6785919,37.5662786,37.2878666,36.9267084,36.5754713,36.250222,35.9733122,35.7542223,35.5997306,35.5013041,35.4483657,35.4218909,35.3404715,34.9121077,34.5025084,34.1223011,33.7882943,33.5077685,33.3086315,33.1557264,33.0197798,32.8609104,32.6541061,32.3112698,31.9420178,31.5846779,31.2803261,31.0490251,30.791516,30.5854977,30.4130698,30.258148
TG,59.9877275,59.9469222,58.1962195,56.7532598,55.300005,53.6473392,50.8698066,48.1807636,45.7578351,43.7673779,42.1972325,42.6033195,43.2257195,44.0070995,44.8867749,45.8044875,46.6902191,47.6153367,48.5263578,49.339664,50.0097789,50.2293036,50.4097953,50.6150629,50.8563633,51.1779325,51.4394318,51.778466,52.2323001,52.2216436,52.3681983,52.6216636,53.0245658,53.4634333,53.8167009,53.9990743,53.9256477,53.7086931,53.4563416,53.2838536,53.26736,53.3789258,53.6257431,53.9711914,54.3724627,54.7865204,55.1941637,55.6062616,55.9989348,56.3534231
TN,27.4466256,27.1218022,26.7063097,26.2346698,25.7372095,25.2352144,24.5685876,24.0319544,23.5322951,23.0687276,22.6406964,22.2674815,21.8929721,21.5036792,21.0941935,20.6350746,20.0938129,19.5262953,18.9505853,18.3887231,17.8530256,17.3258823,16.8215859,16.3407238,15.9857593,15.5086404,14.9831059,14.5682844,14.211901,13.9985651,13.6336537,13.3623007,13.0914295,12.8389795,12.6058974,12.3809952,12.2457115,12.1226007,12.0130766,11.859929,11.7295995,11.5993782,11.4747181,11.4113345,11.3095394,11.2083228,11.1089275,11.0219584,10.9414884,10.871067
TR,16.3419369,16.5349006,16.9423122,17.3720046,17.8228055,18.2876344,18.6177351,18.95824,19.3139061,19.6744304,20.0422709,20.2869017,20.4451301,20.6083577,20.7917134,21.0010485,21.1849787,21.3053049,21.4434349,21.5917683,21.7474243,21.3248443,20.9590007,20.635074,20.3565216,20.1199211,20.0142065,19.9170064,19.8434554,19.7829956,19.7336261,19.849773,19.9247118,20.0006339,20.0813704,20.1673433,20.2783877,20.392996,20.4106227,20.3648311,20.3348856,20.3198788,20.3148703,20.3109461,20.2988675,20.272099,20.2455228,20.2008874,20.1390943,20.0628187
UG,46.0368385,46.7575791,47.5490478,48.4165111,49.3831001,50.4446023,51.4389581,52.5491376,53.8050531,55.2151245,53.713072,53.3286364,53.0107098,52.7238682,52.4407085,52.1365033,51.5126061,50.8720632,50.2326341,49.6068571,49.369086,48.0654994,46.8868261,45.7893135,44.7346456,43.6918785,42.485756,41.3277862,40.2416218,39.2440308,38.3543952,38.2366002,37.9324225,37.6600055,37.424197,37.2204356,37.1766797,37.1534862,37.1428159,37.1264596,37.0957801,37.0431141,36.9779599,36.9021159,36.8216599,36.7443406,36.4449647,36.168725,35.9228294,35.7149317
UA,5.8087101,5.8493164,5.8931434,5.9409755,5.9945386,6.0539455,6.111163,6.1752073,6.2454079,6.3193894,6.3819189,6.4428188,6.50664,6.5738211,6.6469877,6.7271299,6.8219442,6.9231513,7.0306021,7.1026359,7.1295441,7.1642857,7.2022006,7.2386161,7.2747062,7.3152297,7.374755,7.4328431,7.4873412,7.4798882,7.4251232,7.4144936,7.3980612,7.3987995,7.4404749,7.5044418,7.5785872,7.6552567,7.7313697,7.8120768,7.8986741,7.9718636,8.0670604,8.1655614,8.2610055,8.3701963,8.5015017,8.6280256,8.751716,8.8769467
AE,58.8040256,56.5681984,53.3415875,50.1052387,47.6065003,45.9507515,45.1092187,44.5191538,44.5779093,46.1801064,46.0805469,44.879345,43.3391599,41.8039619,40.530454,39.6292434,37.7938461,35.1239271,33.1076346,31.7701469,31.0474102,30.6788726,30.4315163,30.4197758,30.5121154,30.6190235,30.7873077,31.0379629,31.3185843,31.6370956,32.0071064,32.4314333,32.894951,33.3483543,33.7529233,34.0842231,34.4023841,34.734387,35.0780946,35.4719607,35.9505731,36.4587111,37.0592352,37.7864406,38.6875737,39.7815941,41.0511507,41.4755361,41.9944086,42.3591226
GB,19.96026,19.7596556,19.4275364,19.1567745,18.8787715,18.6085758,18.3697385,18.1269616,17.9075713,17.6942819,17.5075944,17.0445155,16.8036186,16.5821114,16.3997342,16.2290585,16.0796686,15.9352427,15.7885177,15.6322457,15.4751951,15.4791759,15.4549024,15.4199173,15.3659522,15.3017157,15.257699,15.2166986,15.1743712,15.1263874,15.0727308,15.0348874,15.1024656,15.1746839,15.2451569,15.3144387,15.3822806,15.4496483,15.5122384,15.5685552,15.621526,15.6764288,15.7260652,15.7607188,15.7642875,15.7445236,15.6991958,15.6362421,15.5614943,15.4791754
US,11.1991418,11.1078251,11.0309841,10.9658222,10.9070298,10.8635211,10.837007,10.8179349,10.8091087,10.8024054,10.7284425,10.5497855,10.3941747,10.2528603,10.1175427,9.976793,9.8441398,9.7079599,9.568463,9.4268222,9.3162257,9.2316726,9.1505372,9.0736901,9.0019357,8.9289062,8.8531766,8.7807925,8.707841,8.6323237,8.5577119,8.4871699,8.4133044,8.3457639,8.2867625,8.2313228,8.1830415,8.1316879,8.084035,8.0382272,7.9955326,7.9617677,7.9326055,7.907001,7.8731649,7.8416947,7.8033406,7.7588817,7.7159105,7.6662467
UY,63.1329341,62.5163821,61.9371982,61.3953972,60.8901804,60.4211866,59.9813561,59.5758177,59.2338613,58.9907581,58.8681249,58.893132,59.0303188,59.2202832,59.3836475,59.4703534,59.3794485,59.1984932,58.9565782,58.6957603,58.4472547,58.2400935,58.0386766,57.8429161,57.6516472,57.4616886,57.1868573,56.8776285,56.5705541,56.2581099,55.9369885,55.6436073,55.3421394,55.0329089,54.719189,54.4026171,54.2646358,53.9389062,53.6673675,53.4403528,53.2643268,53.1735646,53.2012633,53.312229,53.3723531,53.3344814,53.2349033,53.1142416,52.976314,52.8230822
UZ,33.1249635,32.9409807,32.7410799,32.5462985,32.3837844,32.263029,32.1769109,32.1335597,32.1168627,32.0991231,31.9233235,31.3892633,30.8637498,30.3592339,29.8982991,29.4893819,29.2375698,29.0220473,28.8323257,28.4805239,27.9319519,27.6285484,27.3256469,27.0274315,26.7408185,26.4682455,26.2783874,26.1038622,25.9412051,25.7518058,25.5378497,25.3723443,25.0064818,24.6654505,24.4063059,24.1895024,23.8758901,23.5986822,23.4152223,23.2732379,23.2162011,23.0235918,22.9032463,22.7950077,22.6899867,22.5830069,22.3689363,22.107692,21.8029319,21.5296897
VE,28.1782468,28.2251244,27.9189049,27.6432402,27.4054389,27.2018962,27.0772057,26.9812058,26.9019888,26.8188524,26.7269179,26.6990827,26.2378781,25.5638886,24.9032229,24.2577353,23.6572573,23.07154,22.5162852,22.0057182,21.5470599,21.1407894,20.5692951,19.9525241,19.3753695,18.8342096,18.3395559,17.8738364,17.4340374,17.0166863,16.619163,16.2203125,15.8181075,15.4339813,15.0669793,14.7172703,14.3699594,14.0383957,13.7223339,13.4190114,13.1331606,12.8614608,12.5995931,12.3553205,12.1336596,11.9384706,11.7900239,11.6659262,11.5621148,11.4757593
VN,27.412168,27.2582488,27.1226215,26.997688,26.879948,26.7617102,26.5809675,26.4016832,26.2243517,26.0448961,25.8679718,26.0841307,26.2954647,26.5015611,26.7110239,26.9265552,27.1808539,27.4443242,27.7245763,28.0238445,27.9142516,27.7275697,27.5814451,27.4431643,27.2819777,27.0654564,26.6898198,26.2833682,25.8953698,25.5630566,25.3843853,24.9345147,24.5202143,24.1375012,23.7869771,23.466444,23.1181091,22.836953,22.6022238,22.5018101,22.9820279,23.1994905,23.4338335,23.6421439,23.8783936,23.9914851,24.0247867,24.0729263,24.1225172,24.177285
YE,15.1514224,14.8672089,14.6073022,14.3724264,14.1664409,13.98715,13.7366563,13.515217,13.321936,13.1526692,13.0067511,13.0337429,13.0673032,13.0906187,13.0884937,13.3868453,14.1242039,14.8611226,15.6103498,16.3813657,17.1867941,17.9766868,18.7989642,19.6606769,20.5764781,21.5451592,22.3670847,23.1291496,23.9159808,24.674921,25.3918596,25.9562655,26.4988193,27.0709764,27.7600602,27.9912034,27.940557,28.0013586,28.1477198,28.3360233,28.5398638,28.7267879,28.9322718,29.1523729,29.3895733,29.6373658,29.8241016,29.997759,30.1487169,30.2717915
ZM,16.5045581,16.8524588,17.2537137,17.7440411,18.4883658,19.2974475,19.9077685,20.5997627,21.3726999,22.2108976,22.063685,22.1254132,22.1953499,22.2730591,22.3713754,22.4927136,22.5898871,22.7075602,22.8491678,23.0092052,23.1876096,23.3112061,23.3793719,23.4518814,23.5312889,23.6154449,23.7312659,23.8545281,23.9897249,24.1372603,24.3027906,24.7382104,25.2026475,25.685743,26.1813362,26.682948,27.1877556,27.6980414,28.234487,28.8181122,29.4650866,29.7450028,30.0506721,30.3485179,30.6024493,30.7908976,30.8265682,30.812925,30.767358,30.7096574
ZW,52.4626563,51.7455358,51.0739038,50.4486633,49.8800859,49.3595196,48.3805839,47.493245,46.6821032,46.0336613,45.9988632,46.1373022,46.2931422,46.0650637,44.6677493,43.3702537,42.1767755,41.060712,39.9838857,38.8976546,37.7826126,36.481244,35.2029332,34.8753572,34.727064,34.6326715,34.4455858,34.3308376,34.3019924,34.3621318,34.5274166,35.0118094,35.6031882,35.0355938,34.3757218,33.8031589,33.4313851,33.1257436,32.9019826,32.7775821,32.7623448,32.851187,33.0302119,33.2754838,33.5400148,33.7804704,33.9278541,34.0234284,34.0285096,33.9150412
