AF,2.7381066,2.8865094,3.0420389,3.2046861,3.3705488,3.475496,3.5833249,3.6887466,3.7899144,3.8889683,3.9856571,4.0804038,4.2453238,4.4916863,4.7607046,5.058705,5.3546977,5.6667317,5.9976269,6.3431479,6.4914533,6.6576888,6.8286267,7.0039542,6.9978552,6.853887,6.7628112,6.6430025,6.6062963,6.6756506,6.9033271,7.2927243,7.7382779,7.7516544,7.7653159,7.7790005,7.7661964,7.7528953,7.7398737,7.7268775,8.3089524,8.9647342,9.6736229,10.4385649,10.9540579,11.1714696,11.3755577,11.5805064,11.7850051,11.9887161
DZ,8.0707059,8.3023142,8.5023039,8.704032,8.8964783,9.0698139,9.2009617,9.2451236,9.275244,9.2979519,9.3198738,9.3418513,9.3628578,9.3808305,9.3955704,9.4059168,9.4136636,9.3251573,9.0867243,8.8514247,8.6195555,8.3912437,8.1686855,7.9552025,7.7544429,7.5680366,7.3964226,7.2698079,7.2335801,7.2032393,7.1783167,7.1576897,7.1424991,7.1348263,7.1387759,7.1560381,7.1873467,7.2300865,7.281218,7.3356072,7.3898578,7.4422611,7.4940678,7.5451284,7.596226,7.6471026,7.6982795,7.7492911,7.8006743,7.8522083
AO,4.3783953,4.5633389,4.828804,5.1109251,5.4098407,5.7235659,6.0538816,6.4008891,6.7659434,7.1477672,7.5490162,7.9628069,8.3894553,8.830313,9.2860266,9.7539878,10.236877,10.7316263,11.2359009,11.7411043,12.2443533,12.7366471,13.2273522,13.7354509,13.7891689,13.8811842,14.0208444,14.1977641,14.3902447,14.5655739,14.706588,14.8053156,15.1435137,15.4787037,15.5078581,15.5759518,15.6892748,16.2738543,16.8952111,17.5256156,18.1475873,18.7493552,19.3444538,19.94722,20.5826916,21.2625971,21.9989911,22.7860699,23.5939644,24.3852294
AR,38.0678033,38.30099,38.5008542,38.7141172,38.9447315,39.1901337,39.4550088,39.7341043,40.0177017,40.2882513,40.5397799,40.5993191,40.5837434,40.5530997,40.5194347,40.4890263,40.4630095,40.4384254,40.4231185,40.4221812,40.4399136,40.363929,40.2564303,40.1591047,40.0619298,39.9560661,39.841904,39.722253,39.6021074,39.485669,39.3792392,39.2828095,39.1909118,39.107786,39.0343182,38.9697067,38.9131772,38.8645327,38.8316878,38.821772,38.8398269,38.8864452,38.959343,39.0395267,39.1049957,39.1402081,39.1389392,39.1035152,39.0387479,38.9524023
AM,28.7972664,28.8547589,28.932708,29.0397585,29.1878943,29.3790851,29.6220492,29.9128792,30.2446093,30.6008867,30.8988059,31.1175895,31.356735,31.6178688,31.9133778,32.2472705,32.6226893,33.033193,33.4797928,33.7003919,33.639753,33.610097,33.6168395,33.6376768,33.6452135,33.6265519,33.5591828,33.4706854,33.4614561,33.3371252,33.1346985,33.2581257,33.6697728,34.2747287,34.9126332,35.4458609,35.8169018,36.0443669,36.1428275,36.1591725,36.1303409,36.0530315,36.0504112,36.0518621,36.0237818,36.0109301,36.0224867,36.0290648,36.0280356,36.0106275
AU,54.1999462,54.6152724,54.6622324,54.9989315,55.3179278,55.6393484,55.7868595,56.512535,56.9661337,57.2339884,57.5790437,57.1179331,57.3766942,57.8154335,57.6822415,58.3064637,59.0774389,59.4553763,59.8170497,60.2319967,60.5690444,60.6822804,60.511655,60.5953022,60.7537313,60.7688793,60.6220284,60.5658114,60.4426997,60.2850176,60.2584573,60.3567982,60.3051272,60.3947699,60.4383814,60.3930334,60.2864125,60.3426041,60.4465395,60.4904576,60.5057798,60.4249627,60.3991166,60.3667582,60.3820613,60.3001893,60.127496,59.7586048,59.4376721,58.8847995
AT,23.0806437,22.9625229,22.8133941,22.6692276,22.5235897,22.3889869,22.2162425,22.1150995,22.0327085,21.9568391,21.8224751,21.6975603,21.4321305,21.1908381,21.0414199,20.9456326,20.8391022,20.7032676,20.6035747,20.4962384,20.3730968,20.2440449,20.2311856,20.3013374,20.3125927,20.3157512,20.300119,20.2898983,20.2423305,20.1569175,19.960181,19.7461206,19.800864,19.4485988,19.4615265,19.4149251,19.3988399,19.3967445,19.3820678,19.3471509,19.3373937,19.3257488,19.5686366,19.7286457,19.8342569,19.9482225,20.0038781,20.0945621,20.163847,20.2464821
AZ,25.8133025,25.567219,25.3199913,25.0887627,24.8944205,24.746524,24.6493665,24.596758,24.5843216,24.6023157,24.6384038,24.6883873,24.7640873,24.8613988,24.9810052,25.120153,25.2687977,25.4340376,25.6132252,25.6391111,25.5317386,25.3971429,25.2778686,25.1572202,25.0319366,24.8976458,24.7560555,24.6074859,24.4773272,24.376909,24.2136053,23.9282492,23.6551883,23.3840694,23.1548901,22.9738842,22.8267551,22.6913116,22.5588525,22.4719529,22.438581,22.4144097,22.3969039,22.3768544,22.3307937,22.2513629,22.2082255,22.2107023,22.2111036,22.2071039
BD,1.8243232,1.899249,2.0326958,2.1752502,2.3277075,2.4897336,2.6628882,2.8476297,3.0451022,3.2549655,3.4792901,3.718701,3.9748595,4.2475598,4.5019419,4.6929256,4.8930608,5.1015574,5.3202152,5.5489161,5.7887705,6.0200646,6.2225868,6.4351934,6.6603618,6.8981172,7.1511951,7.4197602,7.7053711,8.0069218,8.3272117,8.6154276,8.8007292,8.9934697,9.1944377,9.4027001,9.6189339,9.8420666,10.0744826,10.3165612,10.5698087,10.8327316,11.1008594,11.368804,11.6315639,11.8849724,12.1258145,12.3522635,12.5638843,12.7622228
BY,6.7176141,7.0223411,7.33542,7.6589929,7.9966575,8.3500348,8.7198223,9.1041207,9.5073081,9.9313706,10.3049336,10.6028955,10.91338,11.2386889,11.5848486,11.9560692,12.3472426,12.7394272,13.1313386,13.4505634,13.6705175,13.8822966,14.0998977,14.3201057,14.5448739,14.7758998,15.007209,15.2428444,15.5428994,15.7204228,15.7726175,15.8467824,15.8949197,15.9414884,16.0431016,16.1786541,16.3172343,16.4716023,16.6361009,16.8000698,16.9952624,17.2006446,17.4273854,17.6677901,17.9094149,18.1532238,18.3900848,18.6074212,18.8107553,19.0094588
BE,16.2811273,16.2759437,16.2682903,16.2442099,16.1881819,16.1385161,16.1258519,16.1323846,16.1663921,16.2172683,16.2651484,16.2947379,16.321341,16.3597145,16.396765,16.4390914,16.5002548,16.5698738,16.6450153,16.7222019,16.7947598,16.841149,16.8201908,16.8060877,16.797077,16.7744877,16.75362,16.725998,16.6579378,16.7516502,16.8574854,16.951072,16.9301643,16.9111012,16.9064119,16.9183963,17.0040268,17.0834496,17.1668725,17.2490906,17.3268923,17.3895791,17.4342979,17.4843966,17.5318094,17.5583782,17.5660635,17.560556,17.5479736,17.5367512
BO,15.5573444,15.7989185,16.0467412,16.2995522,16.5576835,16.8180442,17.0839442,17.3548298,17.6307179,17.9075603,18.187691,18.4706217,18.759109,19.0524596,19.3568764,19.6740338,20.0053688,20.2821576,20.5539009,20.8453752,21.1605299,21.4977935,21.858973,22.2385692,22.6315266,23.0297197,23.436772,23.8531186,24.2797055,24.7123152,25.1556542,25.6082966,26.0855117,26.7152869,27.3725466,28.0617975,28.2873761,28.5324392,28.7981442,29.0796354,29.3759531,29.6834362,29.9933073,30.3176796,30.6645946,31.0327789,31.4273967,31.8472423,32.2791884,32.7079873
BR,20.6655966,21.1463276,21.6442311,22.1616741,22.7127594,23.3016982,23.9371018,24.6166369,25.3420916,26.1061264,26.9135501,27.4717786,28.0004649,28.5502292,29.1223129,29.7127596,30.3244397,30.9540209,31.6076757,32.284512,32.9886516,33.1596085,33.2291228,33.3156989,33.4302052,33.5757704,33.7570631,33.9713827,34.2202193,34.4994845,34.8119711,35.1579379,35.3697862,35.5666134,35.7761032,35.9909656,36.2110102,36.4355429,36.6701242,36.9174696,37.1821476,37.4301068,37.6918061,37.9751503,38.2889284,38.6353005,39.02003,39.4410057,39.8776118,40.3050784
BG,9.0003872,9.1471358,9.3044053,9.4709705,9.6402996,9.8233752,9.9711795,10.0988809,10.2191039,10.3358549,10.4646525,10.6079428,10.761299,10.9102192,11.0452126,11.2028896,11.3685809,11.5271468,11.7349671,11.9438251,12.1238321,12.3338252,12.54783,12.7670221,12.9889636,13.2141148,13.314257,13.2884182,13.2685558,13.4189028,13.6584308,13.7892609,13.9324942,13.986178,13.949591,13.9100595,13.885675,13.8618813,13.8570425,13.8425804,13.9983375,14.164488,14.3942051,14.6486386,14.8742835,15.1014729,15.2949986,15.4411285,15.5746488,15.7134399
BF,1.2524901,1.3155225,1.38196,1.4515801,1.5242092,1.5991738,1.6768416,1.7572405,1.8409098,1.9460725,2.0364816,2.1123103,2.1902893,2.270062,2.352015,2.4360435,2.6110407,2.8658891,3.1427477,3.4427887,3.7678869,4.1182125,4.4576582,4.7845528,5.1318557,5.4975019,5.7209781,5.8165312,5.9103968,6.0033059,6.0976083,6.1928403,6.2890003,6.385554,6.4842365,6.5848377,6.6881772,6.9065976,7.2254591,7.552526,7.8862262,8.2239051,8.5691184,8.921979,9.284947,9.65691,10.0414838,10.4393295,10.8511067,11.2770022
KH,7.1646986,7.0432038,6.9601611,7.0131126,7.0602441,7.0993701,7.1304377,8.2483556,9.5566973,11.1058397,12.9720455,15.2301913,17.9540751,21.2502583,25.2917568,1.4088873,1.4260628,1.4510002,1.4759394,1.4891651,3.5310156,5.4247292,5.4214023,5.3737224,5.3169664,5.2724336,5.4570743,5.6596363,5.8789094,6.1082751,6.3466791,6.3735255,6.4053093,6.4444359,6.8724625,7.3449611,7.8681173,8.4429567,8.8890774,8.9809098,9.0871409,9.2067147,9.3399365,9.4811221,9.6236599,9.7625344,9.8954905,10.0224507,10.1437041,10.2620281
CM,4.2172223,4.408333,4.606861,4.7669957,4.9307537,5.2375728,5.5625549,5.9058877,6.2692755,6.6500103,7.0341516,7.4381896,7.8638635,8.3082662,8.773349,9.2580716,9.7096226,9.9845101,10.2651875,10.5549689,10.8576915,11.1727874,11.5022903,11.8424642,12.1899512,12.5392244,12.8930361,13.2070798,13.3882733,13.575034,13.7736101,13.9838537,14.2066027,14.4412286,14.6924292,14.9606212,15.2478278,15.5506756,15.8695011,16.1998464,16.5401864,16.8872016,17.2389318,17.5898659,17.9345417,18.2679106,18.5854407,18.8844357,19.1639261,19.4251714
CA,30.0989351,30.7780089,31.3091544,31.8537914,32.4076378,32.9985314,33.5827813,34.1182638,34.730457,35.4421486,36.1584553,36.7906589,36.678005,36.5306725,36.3510638,36.1390107,36.1388001,36.222155,36.3733858,36.5320839,36.5886675,36.678261,36.909896,37.2217788,37.5561318,37.9072701,38.2507785,38.6441431,39.0517829,39.2681946,39.6026519,39.9682916,40.0687319,40.2232717,40.4350125,40.7040233,40.88692,41.1530253,41.5027721,41.8731082,42.2258878,42.1575129,42.4189529,42.6405386,42.8625066,43.0916099,43.3012987,43.5152444,43.6940537,43.7158587
CL,25.8919044,26.098756,26.1778931,26.2662541,26.37609,26.5118846,26.67967,26.8769247,27.1020672,27.3475239,27.6432851,28.0847157,28.5503959,29.0398066,29.5617964,30.1175655,30.7104323,31.3321579,31.9765077,32.6274263,33.2753797,33.9111179,34.4386903,34.5317019,34.6157873,34.6924871,34.7674027,34.8387328,34.903897,34.9553386,34.9942288,35.0186783,34.9914344,34.7811443,34.5973141,34.4508682,34.3452509,34.2742035,34.2337866,34.2150651,34.2123177,34.2230242,34.2495814,34.2885795,34.3374827,34.392259,34.4533904,34.5201274,34.5933266,34.6667303
CN,7.7038933,8.0112229,8.0960907,8.0453421,8.0233235,8.0232884,7.941834,7.8328549,7.7195996,7.5956608,7.4718241,7.3787211,7.3332284,7.3021117,7.2889265,7.2994012,7.3220172,7.3752372,7.4595067,7.5463609,7.6420592,7.7479222,7.842654,7.9611594,8.0974608,8.2355598,8.3706974,8.5029101,8.6426903,8.7975703,8.970101,9.2848689,9.6305781,10.0051654,10.4078599,10.8435286,11.3160267,11.8256928,12.3842452,13.0001611,13.6798093,14.2384979,14.7632507,15.2899402,15.752294,16.1890134,16.5990987,16.9513692,17.2522254,17.4949804
CO,19.4591061,20.1473695,20.8633852,21.6080374,22.3863299,22.9047365,23.4306126,23.9764535,24.5530528,25.1664668,25.8298177,26.546313,27.3158409,28.1244817,28.4852213,28.6253632,28.7608541,28.8917787,29.0245806,29.1630394,29.3117651,29.4677386,29.6334384,29.8084662,29.9946389,30.1890914,30.3509035,30.5056971,30.6733076,30.8509012,31.0420185,31.2460339,31.4640221,31.6918434,31.945014,32.2143791,32.4947919,32.7833708,33.0849942,33.4002275,33.7315718,34.0761203,34.4374108,34.8133379,35.2038561,35.604283,35.9960646,36.401276,36.8229953,37.259587
CD,5.0253509,5.3095856,5.6127337,5.9332689,6.2698306,6.619024,6.9826928,7.3621128,7.6649056,7.919877,8.1663362,8.3966621,8.6382002,8.8875523,9.1445348,9.4070188,9.6747953,9.9466156,10.2276642,10.521173,10.8304689,11.1533448,11.4903048,11.8179012,11.9062741,12.0609699,12.2276134,12.4064964,12.5984456,12.8031153,12.9680697,13.0916194,13.2287083,13.3793263,13.5442264,13.7237144,13.9183289,14.1281712,14.3461375,14.5716406,14.8137958,15.0727797,15.3493898,15.6440194,15.9572818,16.1616113,16.3854127,16.6230722,16.8713581,17.1237466
CG,12.2251654,12.7102071,13.2183028,13.7496365,14.2966639,14.8556913,15.4310818,16.021886,16.6301522,17.2521172,17.8930065,18.5523417,19.2325824,19.9283986,20.6029188,21.2274765,21.8665652,22.5165346,23.1854649,23.8745232,24.5887205,25.3244336,26.0898537,26.8848283,27.7134324,28.1604642,28.2538467,28.3614663,28.4832882,28.6133395,28.7559443,28.9032757,29.0617117,29.2513155,29.5062776,29.8421469,30.2759804,30.8289527,31.4197262,31.9855046,32.4853039,32.8945444,33.2369499,33.5531895,33.9034232,34.3116394,34.4822096,34.6962988,34.9130272,35.088953
CR,17.2251544,17.383188,17.5390995,17.7046282,17.8980777,18.119305,18.3722224,18.6532639,18.9650267,19.3048084,19.6754429,20.0777484,20.5097938,20.9310269,21.1896234,21.4299115,21.649674,21.8492949,22.0364095,22.2168084,22.3968486,22.5741803,22.7519627,22.9323319,23.1153199,23.2313819,23.3565138,23.4899678,23.6344976,23.7885461,23.9560353,24.1388019,24.3370147,24.5400812,24.7417881,24.935873,25.1223458,25.3775858,25.6439505,25.9347275,26.2618158,26.623108,27.0212878,27.4586809,27.9401379,28.4635158,29.0366245,29.6567987,30.2941542,30.9133654
CI,5.5693043,5.8256931,6.0849695,6.3490805,6.8261841,7.3365066,7.8868066,8.4771229,9.1083701,9.774126,10.4775905,11.2198778,12.0070035,12.8360394,13.7158251,14.5914184,15.2247747,15.8805428,16.570894,16.4939965,16.4324735,16.3834045,16.3505281,16.337254,16.3492243,16.3856814,16.4511756,16.5418853,16.6234626,16.644591,16.6693655,16.6965647,16.7310216,16.774883,16.8367267,16.91999,17.0239044,17.1453192,17.2926252,17.4181612,17.544025,17.7038922,17.8949782,18.1045723,18.3177796,18.5209863,18.7135825,18.8226626,18.924981,19.0224868
CU,20.1019133,20.1189048,20.112788,20.0965243,20.0884736,20.0988159,20.1339578,20.1900193,20.2618143,20.3389071,20.4183213,20.2563785,20.0474906,19.8561832,19.6963643,19.5758524,19.4947568,19.4470681,19.4287387,19.4330783,19.4542694,19.4932104,19.5964253,19.7129679,19.8122633,19.8808139,19.9130182,19.9149353,19.9025766,19.8970318,19.9145943,19.8915434,19.8233759,19.7744029,19.7392814,19.713741,19.6981203,19.6933929,19.6976123,19.7080287,19.7227847,19.7367277,19.7537898,19.730726,19.6466965,19.5379477,19.4159029,19.3000399,19.1960899,19.0982562
CZ,10.4755076,10.4644793,10.480159,10.5145692,10.5612672,10.6167178,10.6780672,10.7398001,10.8009267,10.8588881,11.0100256,11.0709375,11.1241519,11.1583687,11.1708292,11.1906859,11.244616,11.2965025,11.3523595,11.413145,11.5183053,11.5375195,11.5392652,11.5477881,11.5620035,11.5772908,11.6005029,11.6226517,11.6437621,11.6670816,11.6961305,11.7631584,11.7084416,11.6495983,11.5999807,11.5617559,11.5358895,11.5045273,11.471311,11.4412039,11.4086905,11.430849,11.440106,11.4251165,11.4032809,11.3695736,11.3220355,11.2428586,11.1425418,11.0750555
DK,28.0376992,28.1981345,28.3590273,28.5226302,28.6956144,28.8580916,28.7200917,28.4872494,28.3337991,28.2051319,27.9980118,27.1876889,26.0911058,25.0370769,24.0586323,23.1554546,22.5666075,22.2573506,21.9479036,21.6556576,21.3963108,21.2104061,21.0793474,20.9491201,20.8113459,20.6587212,20.5087288,20.3858007,20.2753606,20.1928697,20.1418288,20.0834304,20.0388395,20.0043554,20.0215562,20.0526205,20.0612885,20.1038375,20.1343331,20.1577106,20.1810301,20.2062079,20.2862908,20.4520032,20.61534,20.7764692,20.9142931,21.0422969,21.1409014,21.2267623
DO,10.9674736,11.3005744,11.6368467,11.9867209,12.3536616,12.736564,13.1403183,13.5651462,14.0139062,14.484542,14.9386642,15.3671971,15.8194654,16.2936332,16.7954693,17.3253865,17.8865249,18.4751197,19.0940474,19.7396757,20.4122257,21.107177,21.3634623,21.2486582,21.1410565,21.0400632,20.9474852,20.8624369,20.7848718,20.7126052,20.646864,20.5866651,20.5332239,20.4874374,20.4576857,20.4423988,20.4413738,20.4517655,20.472626,20.5002142,20.5327532,20.5683352,20.6090634,20.6544961,20.7098022,20.7787072,20.8624469,20.960636,21.0716558,21.1931021
EC,17.4692784,17.8644412,18.2644337,18.578365,18.8340681,19.0899203,19.3499556,19.6134738,19.8826605,20.1550235,20.4348991,20.7221351,21.0183909,21.319449,21.6302839,21.9764987,22.3320508,22.6941762,23.0684534,23.4552322,23.85756,24.2725141,24.7056407,24.9386734,25.0329668,25.1365162,25.2539544,25.3856458,25.5332126,25.693952,25.8720983,25.9932787,26.0835183,26.1951068,26.33813,26.5164161,26.7321906,26.9804832,27.2611088,27.5686231,27.9003688,28.2521553,28.7228256,29.2827945,29.8680298,30.4602631,31.0425449,31.5966409,32.1034855,32.5489214
EG,18.6486821,18.979209,19.3515845,19.7380554,20.1404072,20.5556639,20.9540334,21.0184647,21.0929882,21.1798597,21.2837808,21.4040149,21.5377878,21.6766953,21.8155454,21.947648,22.0729824,22.1475825,22.184016,22.2042762,22.2071541,22.1921943,22.1646308,22.1252645,22.0767631,22.0200332,21.9566371,21.7443317,21.4569548,21.1997266,20.982407,20.8059933,20.6640893,20.5453913,20.4379989,20.3323866,20.2272874,20.087587,19.9274889,19.7686932,19.6111959,19.4534764,19.2964868,19.1413104,18.9900745,18.8432744,18.7021957,18.566556,18.4387949,18.3214966
SV,11.2192155,11.408395,11.5904542,11.7699803,11.9559453,12.1520895,12.3635479,12.5895574,12.830761,13.0833786,13.3496485,13.6280759,13.7188913,13.821397,13.9401143,14.0764221,14.2309227,14.4016853,14.5921964,14.8036955,15.0378186,15.2930566,15.5701555,15.8653847,16.1751874,16.4938157,16.8245276,17.1665124,17.5142951,17.8572618,18.192965,18.5167273,18.8342293,19.0236285,19.1950296,19.4039635,19.6554611,19.943986,20.2676411,20.6186712,20.9918664,21.3851023,21.8011212,22.234331,22.6790625,23.1277791,23.5796947,24.0331659,24.4740467,24.8896569
ET,2.302302,2.3134081,2.3229398,2.3311613,2.3386422,2.3454587,2.3524981,2.3597424,2.4135155,2.4666241,2.5191435,2.569654,2.6193601,2.6721982,2.7345492,2.8099674,2.9010938,3.0052384,3.1162535,3.2235156,3.3190564,3.3989851,3.4661833,3.5241543,3.5742636,3.5965307,3.6201557,3.6438794,3.6673041,3.6887413,3.7083655,3.7260771,3.743369,3.7617424,3.7842744,3.7629425,3.7284872,3.6987863,3.6729419,3.6493231,3.6269596,3.6053827,3.5850009,3.5653224,3.5460727,3.5267268,3.5075072,3.4883993,3.4709612,3.4568805
FI,10.1171986,10.2104461,10.2643732,10.3144815,10.3791822,10.4694785,10.5562323,10.6253582,10.7046899,10.8404412,11.0138515,11.2186092,11.4923491,11.767081,12.0518226,12.3569094,12.6838553,13.0240346,13.3711551,13.7334103,14.0972803,14.3009167,14.4085975,14.5115733,14.6250512,14.7573439,15.1037414,15.6704845,16.2496869,16.8724305,17.4744083,17.8441364,17.9796906,18.1304974,18.2868933,18.4594753,18.6668098,18.9094981,19.1621192,19.4209342,19.6902449,19.8851178,20.0051076,20.1267383,20.2388107,20.3403099,20.4431108,20.5468809,20.6431514,20.73494
FR,22.0169174,22.2160258,22.2197902,22.1723858,22.2809398,22.4130522,22.5680905,22.7363486,22.8490594,22.8127887,22.7554952,22.6892236,22.6381482,22.6029395,22.6018338,22.6187423,22.6000586,22.5705673,22.5438381,22.5180502,22.4745026,22.4198996,22.393427,22.4410375,22.5014996,22.5606507,22.6203416,22.6758835,22.7250752,22.6543784,22.6689257,22.6684218,22.6596503,22.6659498,22.6867235,22.7112855,22.7365767,22.7618764,22.7844669,22.8139685,22.8673417,22.9116824,22.9148497,22.8619484,22.882977,22.9098977,22.8901308,22.8350416,22.8753347,22.9178823
GE,17.2560644,17.3711977,17.4900622,17.618261,17.7643288,17.931999,18.1253885,18.3420143,18.5780327,18.8249433,19.0599196,19.27578,19.4974072,19.7257427,19.9664657,20.2215731,20.4934273,20.7779344,21.0700431,21.3129637,21.4902228,21.6583815,21.8232073,21.9813852,22.1299644,22.2688586,22.3910841,22.5070544,22.6602493,22.6299194,22.4145279,22.3463495,22.4080131,22.5597224,22.7367472,22.8879593,22.9939646,23.0649542,23.1075351,23.1409791,23.1792613,23.2214147,23.4004908,23.7586395,24.1209084,24.4882847,24.8894773,25.3241444,25.7574917,26.1707946
DE,8.4371618,8.4188063,8.3624407,8.3114228,8.2833458,8.2261241,8.1832152,8.184741,8.1811514,8.1418107,8.0963059,7.9922221,7.9192962,7.8583971,7.8195799,7.8129653,7.8126716,7.7916242,7.7639115,7.7260768,7.6709666,7.6360695,7.6191256,7.6077059,7.6036521,7.6110775,7.6441553,7.8988887,7.7946215,7.8791078,7.9043206,7.9103619,7.9100342,7.913755,7.8858543,7.8621359,7.8156876,7.7548489,7.6932965,7.6587974,7.6594551,7.6862607,7.6962064,7.7090634,7.7210634,7.7423966,7.8014152,7.8698013,7.9308846,7.9984427
GH,9.0389177,9.1850275,9.3370765,9.5019642,9.6897486,9.9042181,10.1525396,10.430452,10.724527,11.0122099,11.2134979,11.2475869,11.2565162,11.2598608,11.2857826,11.3491871,11.4577281,11.5982861,11.7454427,11.8619866,11.9243599,11.9242285,11.878101,11.8094449,11.7874772,11.8792388,12.003169,12.1514255,12.316226,12.4829724,12.6455845,12.802167,12.9583795,13.1174071,13.2887277,13.4765698,13.6832132,13.9047127,14.1414752,14.3896964,14.6482171,14.913371,15.1829499,15.4543759,15.7250506,15.9920426,16.2518111,16.5007766,16.7358495,16.9561344
GR,21.7807854,22.2590021,22.837938,23.4825,24.1523267,24.8103392,25.4169492,25.926285,26.6836174,27.4389946,28.2558626,28.9152191,29.2325571,29.6127898,30.0227181,30.2637891,30.3937166,30.4558384,30.5938918,30.7472874,30.9806388,31.127711,30.9802758,30.8472631,30.7407437,30.6691363,30.622772,30.5553545,30.491611,30.3769871,30.2100876,29.9824172,29.7735101,29.6086471,29.4724344,29.3553884,29.2570455,29.1790944,29.1295247,29.107599,29.1223632,29.1425897,29.1451507,29.1440779,29.1262233,29.0853386,29.0282784,28.964555,28.8970796,28.8236067
GT,11.5023523,11.7772853,12.0590679,12.3472604,12.5696212,12.5034644,12.4388951,12.3753882,12.3121586,12.2466587,12.1794464,12.1096059,12.0389382,11.9305136,11.7222903,11.5264175,11.3435083,11.1709342,11.005365,10.8422222,10.6789711,10.5071296,10.3170584,10.1306792,9.9508965,9.7789572,9.6151189,9.4578908,9.3056362,9.1560149,9.0079921,8.8608928,8.7152201,8.5715165,8.4466649,8.3846717,8.3249317,8.2661039,8.2070646,8.1456318,8.0808291,8.0119717,7.9405105,7.8675588,7.7995656,7.7419849,7.6985378,7.6709879,7.6594271,7.6628578
GN,3.5917363,3.9880245,4.4283023,4.9149992,5.4513824,6.0382095,6.6792475,7.3805465,8.1631194,9.0530278,10.084882,10.9811731,11.746291,12.3398557,12.7799952,13.2268669,13.6801754,14.1370016,14.1975002,14.1924512,14.2119074,14.2573905,14.3186838,14.3942618,14.4749548,14.5372021,14.5888284,14.6315195,14.6504924,14.625721,14.5526459,14.4283725,14.2723097,14.119542,14.0129602,13.9749234,14.0086434,14.0993022,14.2328474,14.3869768,14.5448458,14.7026028,14.8606446,15.0143648,15.1611127,15.301784,15.4398574,15.5788313,15.7198144,15.8651484
HT,6.3962179,6.6705618,6.956406,7.2539853,7.5647612,7.8876871,8.2249151,8.5766961,8.9465843,9.3359521,9.7499299,10.1898521,10.4597665,10.6974054,10.9372547,11.1746817,11.4095674,11.6405682,11.8683793,12.091366,12.309963,12.5214539,12.7292,13.0562886,13.4190161,13.7961041,14.1924524,14.6071225,15.0411373,15.4905066,15.9578897,16.4434297,16.9497367,17.3395331,17.7423411,18.1570275,18.5844982,18.7054392,18.8331454,18.9701409,19.5824777,20.2235019,20.897688,21.6029302,22.3239664,23.0672484,23.8392928,24.6406153,25.4753806,26.341706
HN,6.3984347,6.5524557,6.6991854,6.8508815,7.0149697,7.1944281,7.3925079,7.6067874,7.8338576,8.0659562,8.3002992,8.5354624,8.7730023,9.0100058,9.225404,9.3913558,9.5544133,9.7133451,9.8724653,10.0341397,10.2014015,10.373304,10.5519308,10.7364652,10.9270709,11.1214989,11.3226892,11.5312491,11.7171497,11.74957,11.7889424,11.8345381,11.8874631,11.9485644,12.0222775,12.1097595,12.2119953,12.3260581,12.4511833,12.5836068,12.7214834,12.8626011,12.9159758,12.9640814,13.0165711,13.0745887,13.1396367,13.214747,13.3000282,13.3950612
HK,85.2000116,0,0,0,0,88.6794797,0,0,0,0,87.3432685,0,0,0,0,88.3722207,0,0,0,0,91.033912,0,0,0,0,92.9201092,0,0,0,0,99.5167324,0,0,0,0,100.4944527,0,0,0,0,99.5790548,0,0,0,0,103.3418218,0,100,0,0
HU,18.1402207,18.1899691,18.2621447,18.342087,18.4154287,18.4961686,18.5721355,18.6358275,18.698373,18.7628652,18.825133,18.886493,18.9465172,18.9829053,19.0325279,19.0353969,19.0462461,19.07347,19.122749,19.192092,19.2127836,19.1858553,19.1762039,19.1850792,19.2106239,19.243515,19.2849147,19.3324248,19.3730243,19.4148906,19.3291914,19.1091542,18.8976426,18.703074,18.5144472,18.3281481,18.1493435,17.9781888,17.8139242,17.6600899,17.5032032,17.2672086,17.025059,16.9046864,16.8330704,16.8350608,16.8776542,16.9202588,16.9664087,17.0091761
IN,6.8034005,6.8777073,6.9545236,7.0300228,7.1055605,7.1810151,7.2581188,7.3371437,7.4189209,7.5027531,7.5899512,7.6851459,7.7987103,7.9149882,8.033915,8.1544605,8.2777344,8.4030133,8.5320588,8.6650315,8.8031116,8.9302268,9.032871,9.142262,9.2599393,9.385828,9.5041205,9.6297547,9.7623245,9.9016232,10.0491911,10.1853643,10.2987414,10.414764,10.5389136,10.6678876,10.8024527,10.9414249,11.0863242,11.2368793,11.3937609,11.5604675,11.7326398,11.9045059,12.0704767,12.2283197,12.3655723,12.4876429,12.5914356,12.6805899
ID,6.913437,7.1154263,7.2306507,7.3000598,7.369043,7.4361711,7.5026108,7.5687288,7.635533,7.7028281,7.772333,7.8440647,7.9717446,8.1199426,8.2749721,8.4370428,8.6074051,8.7850695,8.9717546,9.1670255,9.3717582,9.4801158,9.5410347,9.6065036,9.6781444,9.7557641,9.8407179,9.9325292,10.0316269,10.1368128,10.249144,10.2271056,10.1411395,10.0605197,9.9847568,9.91311,9.8454775,9.7813406,9.7204231,9.6619965,9.6057926,9.5597683,9.5162388,9.4754033,9.3999729,9.3290725,9.2628499,9.2038912,9.1547223,9.1172697
IR,15.2064768,15.6248023,16.0500868,16.4824667,16.9252687,17.375808,17.8374116,18.3263942,18.8350071,19.3455915,19.8602413,20.3397385,20.8586773,21.3978548,21.9481157,22.494248,23.0495658,23.340547,23.4737698,23.595192,23.6959411,23.7851397,23.8783161,23.964516,24.0368886,24.0846093,24.2323013,24.1447162,24.0559284,24.0614335,24.1645919,24.4198931,24.4723315,24.4532061,24.4362596,24.4209909,24.4202558,24.4078484,24.347436,24.2975775,24.258726,24.2293537,24.2109288,24.2029474,24.2059272,24.2183536,24.2417903,24.3030083,24.36818,24.4373151
IQ,16.3208878,17.3070398,18.3419277,19.4211928,20.5444325,21.7035043,22.2667004,22.5605786,22.8418724,23.1223035,23.4216405,23.7357237,24.0624462,24.3992368,24.7482504,25.1069986,25.4787629,25.8621694,25.9506436,25.8933002,25.8570206,25.8483996,25.8414623,25.835176,25.8305863,25.8245525,25.8232888,25.8226995,25.7496116,25.6446298,25.5416449,25.5154403,25.4908577,25.465198,25.4411706,25.4178689,25.3042858,25.1901446,25.0930949,25.0028151,24.9138933,24.949092,24.9853805,25.0218455,24.0078155,23.0472534,22.1358593,21.2717852,22.7075947,22.7127545
IE,23.3310762,23.6506033,24.0357597,24.3590526,24.7403282,25.1442629,25.5441054,25.6945862,25.8737727,26.0538961,26.1384068,26.2153123,26.2395172,26.2429873,26.2369398,26.2213724,26.2299257,26.3000306,26.391551,26.3933195,26.5654513,26.5861458,26.3370115,26.1899543,26.0376311,25.9897458,26.0016944,25.9270087,26.0158609,26.1421,26.138713,26.0102391,26.0440112,26.1457357,26.2985129,26.2269144,26.2310346,26.1991128,26.1571548,26.0937151,25.9772691,25.7939712,25.5961646,25.4417749,25.2401283,24.9395783,24.59089,24.3024505,24.1973484,24.3607045
IL,46.9609086,47.5698856,46.6651112,46.3040773,45.8223434,45.5526336,45.7196272,45.0803279,45.4531573,45.5905457,45.4070612,45.3024438,45.4657878,44.8864857,44.7964169,45.0198842,45.2721766,45.5221976,45.8379404,45.9470946,46.1382672,46.5196158,46.9618705,47.484799,48.8511421,50.0253485,51.3451035,52.6673381,54.0077443,55.3578796,55.96103,54.9453021,55.3548702,56.2114617,57.1280237,58.0179261,58.3238229,58.0634853,57.9284542,57.835151,57.8821434,57.9579127,58.1033942,58.1377939,57.9598473,57.7835385,57.6067738,57.4264704,57.2482897,57.0544902
IT,15.8505051,16.1505323,16.4072681,16.6401526,16.8614649,17.081676,17.3167749,17.5648683,17.8341141,18.1187063,18.4155476,18.7292747,18.8085968,18.7657303,18.7274337,18.7002309,18.6917154,18.6968939,18.7149515,18.7456799,18.7924744,18.8553414,18.8438473,18.8010572,18.7607933,18.7198664,18.6834193,18.6462086,18.6022656,18.5534373,18.5035385,18.4563252,18.4083725,18.3614729,18.3221851,18.2864084,18.2458198,18.2009024,18.160535,18.1224053,18.0791468,18.0345503,17.9445741,17.7747699,17.5774856,17.4351755,17.3347356,17.2180888,17.1065607,17.02312
JP,31.5399904,32.4409435,33.3592975,34.2763077,35.2136794,36.163111,37.0123048,37.8112534,38.8639871,39.2585275,40.0347156,40.5642771,40.9920523,41.6645454,41.8991349,42.2700331,42.6022843,42.701457,42.8284383,42.9843506,43.168472,43.3287026,43.5019257,43.674952,43.8703828,44.0759437,44.3954968,44.80813,45.2553775,45.7135921,46.2091811,46.4162862,46.5500044,46.6845828,46.7764719,46.8497852,46.9359245,47.003365,47.0757171,47.1780276,47.2885852,47.4222558,47.5660246,47.7193559,47.960221,48.2135686,48.4798984,48.7253749,48.9833318,49.2445492
JO,25.8427725,26.7265331,27.0140822,26.8978539,26.7351958,26.5318262,26.3088175,26.050597,25.785875,25.6619345,25.7190318,25.9267995,26.282256,26.7271913,27.1899738,27.621989,28.0364761,28.4289714,28.8078732,29.1796074,29.1472719,28.868984,28.559954,28.2559196,28.007164,27.8257186,27.6069242,27.4070274,27.2446404,27.0602749,26.8609148,24.7319323,24.1840075,23.797888,23.5690167,23.2005483,22.6563423,22.124493,21.6051029,21.3659652,20.9869724,20.6140112,20.2579198,19.8981603,19.5566163,19.247473,18.9391195,18.6721938,18.4516001,18.2811964
KZ,5.288646,5.2522601,5.2278362,5.2184114,5.227719,5.2568067,5.3075645,5.3779801,5.4636442,5.5573131,5.6453425,5.7235,5.8046637,5.8897885,5.9824226,6.0841938,6.2060315,6.3297877,6.4562785,6.5299633,6.5292544,6.5283451,6.5275346,6.5267258,6.5260182,6.5251073,6.5515614,6.578118,6.6048796,6.6125235,6.6069794,6.6000729,6.639161,6.7181742,6.8519253,7.0094284,7.1535856,7.3053782,7.4713594,7.6295988,7.7899366,7.9428804,8.0849255,8.2021866,8.291574,8.3653265,8.425657,8.4791465,8.5268215,8.5601901
KE,3.6105042,3.7414353,3.875746,4.0327637,4.149058,4.2473825,4.3469512,4.4472876,4.5483133,4.648408,4.7183235,4.7811807,4.8427409,4.9023105,4.9612208,5.0194484,5.0777458,5.1352353,5.1927114,5.2494861,5.2987836,5.345558,5.3928505,5.4414222,5.4929361,5.5472826,5.6061424,5.6693093,5.7370768,5.8080927,5.8890889,5.9750178,6.0660024,6.1627323,6.2687767,6.3851982,6.512978,6.6499258,6.7955541,6.9469265,7.0929829,7.2395248,7.38984,7.5430389,7.6992572,7.85685,8.0173502,8.1766718,8.3317477,8.4806209
KP,5.8997418,5.9274719,6.0088276,6.0951674,6.1756271,6.2420633,6.2952485,6.3400932,6.479131,6.6951498,6.9264322,7.1731018,7.4366852,7.7213788,8.0367977,8.3881629,8.781948,9.2161379,9.6861202,10.1787491,10.6848638,10.8960955,11.0993277,11.2997804,11.5072281,11.7266072,11.9621101,12.2108118,12.3235481,12.4341807,12.5400309,12.6396621,12.7367914,12.8359137,12.8088067,12.6603264,12.5292025,12.4134892,12.3124959,12.2248262,12.1492464,12.0854879,12.0331026,11.9899759,11.9535814,11.9218001,11.8938665,11.8694431,11.8477823,11.8281298
KR,21.0272114,21.6721717,22.3517692,23.085695,23.8763693,24.718647,25.6227211,26.8433282,28.2455341,29.7442198,31.3528428,32.4559539,33.406528,34.3969,35.4331798,36.5124118,37.5984853,38.677101,39.8097676,40.9812117,42.1769568,43.0941249,43.8833062,44.7248685,45.7001089,46.8157183,47.7136242,48.4806975,49.2662085,50.0705875,50.8063659,51.0745285,51.0692531,51.0932677,51.1421479,50.9445479,50.6742779,50.2517713,49.9480027,49.6593989,49.3186543,49.0053023,48.7707362,48.5692388,48.42927,48.3735884,48.2602874,48.1543029,48.066295,47.9996287
KW,64.2844809,66.3633141,66.50891,65.7333885,64.7878964,64.2936306,65.2560225,66.8068979,69.017956,71.8845615,74.2607527,72.5046184,71.3478691,70.4534224,69.460217,68.3261172,67.5507131,66.7510731,65.9993552,65.353431,64.8140364,64.295795,64.1138883,64.2615085,64.7449576,65.5207944,65.3927973,65.2875601,65.2114913,65.0914063,65.4993882,102.6445341,0,0,0,66.0486682,65.8129884,65.9240909,67.4373952,67.9415282,68.4586758,69.0094945,70.414726,71.8486067,73.3162916,74.4760472,76.005498,77.4839023,78.7683223,79.7934416
LB,29.7014803,30.4228651,31.1853828,32.002654,32.8951388,33.5542944,34.3058509,35.1455439,36.0386858,36.9248973,37.7788767,39.9267544,43.0362588,46.4271988,50.2934693,54.7954013,55.1576184,55.8139057,56.6578592,57.5229587,58.2842828,58.8686928,59.3093348,57.685512,56.1681299,54.8255507,53.6938066,52.6986103,51.6542266,47.5907572,43.456242,39.2983349,38.5139552,37.6292211,36.8583692,36.3185717,36.0323505,35.9383597,37.0239899,38.2261314,39.4107759,40.5491747,43.0354662,43.1313564,43.2890983,43.5454384,43.9136372,44.3501544,44.802299,45.2085247
LR,0,0,0,0,0,0,0,0,0,0,0,0,0,0,0,0,0,0,0,0,0,0,0,0,0,0,0,0,0,0,0,0,0,0,0,0,0,0,0,0,0,0,0,0,0,0,0,28.7329661,0,0
LY,12.9153805,13.0836868,13.2624401,13.4430171,13.6152916,14.4901158,15.4735415,16.5076299,17.6009524,18.7540796,19.9823972,21.2876888,22.6765409,24.1453567,23.9118879,23.525588,23.1573304,22.8034311,22.442948,22.0490494,21.61603,21.140385,20.6535009,20.2071608,19.8568128,19.626469,19.5175028,19.5054757,19.5637246,19.6549805,19.7564997,19.8626139,19.9786043,20.0994311,20.2260885,20.3566367,20.1512485,19.8920793,19.6344202,19.3782864,19.1242103,18.8716569,18.6212377,18.373279,18.1286125,17.8874734,17.650921,17.4283113,17.228421,17.0580186
MG,4.9403535,4.9877553,5.0345639,5.0805772,5.1261631,5.1706052,5.2200939,5.3008154,5.3815929,5.4609363,5.5393926,5.6167717,5.7241096,5.8311288,5.9391502,6.0498243,6.1804933,6.3121231,6.447989,6.5903296,6.7412415,6.9001555,7.067281,7.2393324,7.412876,7.583461,7.7518617,7.9182498,8.083492,8.2467361,8.410344,8.5740572,8.7386538,8.9029582,8.915202,8.9125138,8.9098042,8.9065986,8.9053183,8.9069949,8.9129279,8.9223904,8.9377408,8.9599175,8.9890287,9.0256582,9.0702689,9.123101,9.1837131,9.2518941
MY,5.2407712,5.2223333,5.2031875,5.1855327,5.172337,5.1646539,5.1634829,5.1678217,5.1768324,5.1885053,5.2023934,5.4176184,5.658526,5.9114905,6.1795216,6.4631347,6.7637836,7.079327,7.4103229,7.7538875,8.0893288,8.1038147,8.1154817,8.1230824,8.1259903,8.1232494,8.115589,8.1045431,8.0947031,8.0902011,8.0952295,8.1110395,8.1148969,8.1231819,8.1363572,8.1522138,8.1705715,8.1924781,8.2224006,8.2644939,8.3220376,8.3913527,8.4757065,8.5729091,8.6805257,8.7955783,8.9189462,9.0513003,9.1913305,9.3366471
ML,2.5696156,2.6166397,2.6754583,2.7360013,2.798141,2.8611938,2.9380148,3.0297,3.1242972,3.3871639,3.6723681,3.9811394,4.3160868,4.6781371,5.0722831,5.5012558,5.9692165,6.2868762,6.4569381,6.6309481,6.8084797,6.9881475,7.1712954,7.3572113,7.5460492,7.7363209,7.9292535,8.1192068,8.2855192,8.453156,8.6240685,8.7973704,8.9734968,9.1524218,9.3374832,9.5291898,9.7291826,9.9345494,10.1424774,10.3474298,10.5469699,10.7420077,10.9367219,11.1360713,11.3447395,11.5647073,11.7943853,12.0306163,12.2699307,12.5100066
MX,22.70389,23.2369394,23.7899216,24.3556649,24.9317025,25.5103412,26.1003196,26.7028328,27.3204183,27.9469733,28.4401257,28.7384894,29.0491132,29.3754861,29.7338681,30.1302712,30.56739,31.0412146,31.5612955,32.1303276,32.7034646,32.6891903,32.7129323,32.7687622,32.8510819,32.952252,33.0754874,33.2190974,33.3830382,33.5629996,33.7349242,33.8572296,33.9924591,34.1376417,34.2961159,34.4670284,34.6653833,34.8750386,35.113065,35.3642316,35.5048619,35.5983806,35.7050854,35.8134946,35.9242734,36.0354841,36.1205723,36.2297913,36.3265938,36.4041441
MA,12.7291513,12.9692707,13.220913,13.4807166,13.7457785,14.0113938,14.2792915,14.5514924,14.8354297,15.1366038,15.4637608,15.8179863,16.00125,16.1837212,16.3727431,16.5633391,16.7573504,16.9528727,17.1477274,17.3354706,17.5142588,17.6804817,17.8412317,17.8578488,17.8575642,17.877727,17.9220166,17.9879936,18.0759025,18.1824525,18.3085499,18.4540257,18.6198556,18.802542,19.0021211,18.9813475,18.9232293,18.8752002,18.8385689,18.8139244,18.8016144,18.8007672,18.8101675,18.8248784,18.8393863,18.8487808,18.8575097,18.8716799,18.8968821,18.9380248
MZ,2.370138,2.4944749,2.6266855,2.7649306,2.9099068,3.0610789,3.2195256,3.3851823,3.5588727,3.7400759,3.930266,4.0547126,4.118606,4.1808834,4.2392606,4.2919988,4.3394372,4.3832068,4.4274024,4.4761404,4.5331024,4.5811103,4.6335753,4.699099,4.7876224,4.9041874,5.0565121,5.2401927,5.4345915,5.6057012,5.7282007,5.7903883,5.8033072,5.7877784,5.7729056,5.7762714,5.8015304,5.8414329,5.8915618,5.9466027,6.0043007,6.0672805,6.1402225,6.2252892,6.3236998,6.4348114,6.5554369,6.6818502,6.8109718,6.9408474
MM,8.7421162,8.7525558,8.7637158,8.7744413,8.7838354,8.7902433,8.7948209,8.7975729,8.7980102,8.7943747,8.78723,8.776225,8.7627941,8.7424385,8.7068993,8.6752488,8.6487581,8.6262531,8.6071189,8.5892164,8.5718438,8.5540465,8.5379542,8.5258711,8.5212122,8.5252808,8.5392866,8.5621455,8.5931392,8.630092,8.6726857,8.7209499,8.7753844,8.8341824,8.8967931,8.9622739,9.029693,9.0990239,9.174558,9.2607918,9.3610447,9.4759208,9.6042791,9.7413328,9.880802,10.0167975,10.1486855,10.2770528,10.403656,10.5311549
NL,15.9549581,15.8927056,15.8140861,15.7483202,15.6846293,15.5284099,15.2990848,15.0985474,14.9143284,14.7158332,14.5325102,14.3855476,14.2672894,14.1782945,14.0966704,13.945573,13.7533614,13.5903435,13.4258069,13.2543667,13.0926855,12.9697972,12.8769301,12.7961648,12.7138866,12.6703009,12.6645759,12.6480055,12.6303591,12.618183,12.6204588,12.6370073,12.6629332,12.6950435,12.7272549,12.7378267,12.7246182,12.6846287,12.6444388,12.5920468,12.5304552,12.4701585,12.4246365,12.3999562,12.390782,12.3998444,12.4223936,12.4379368,12.4322182,12.4102082
NZ,18.5566689,18.6809917,18.9710717,19.3690363,19.7611992,20.2442542,20.6712631,21.0186858,21.5663392,21.8752853,22.5134752,22.9740715,23.1988973,23.3830853,23.4683201,23.6039521,23.938605,24.0986539,24.3224928,24.6510775,24.8563765,24.8396184,24.7961205,24.7166403,24.7159678,24.8105762,25.0469942,25.1966415,25.2208657,25.2263685,25.2227668,25.3259706,25.681315,26.0142769,26.3019254,26.5583383,26.7140675,26.7899984,26.982595,27.2743866,27.5521022,27.8985955,28.0679499,28.1716577,28.4148012,28.760807,29.2016202,29.9573115,30.7596805,31.5022012
NI,11.1910676,0,0,0,0,13.0198479,0,0,0,0,15.2609931,0,0,0,0,15.8450349,0,0,0,0,16.1420616,0,0,0,0,16.7372788,0,0,0,0,17.7580506,0,0,0,0,18.6623179,0,0,0,0,20.0188045,0,0,0,0,21.3635904,0,0,0,0
NE,1.7752967,1.8787957,1.9873451,2.0759977,2.1683907,2.2643311,2.3647133,2.4984395,2.6401181,2.7894694,2.9480791,3.1163352,3.2952219,3.4836591,3.6827047,3.892131,4.1126249,4.3437039,4.4782808,4.5479226,4.6218461,4.6992302,4.7803207,4.8641,4.9499151,5.0359526,5.1230472,5.2105721,5.2975797,5.3810582,5.4617796,5.5391339,5.6137818,5.6852855,5.7555559,5.8249208,5.8933763,5.9597678,6.0264615,6.0945813,6.1652177,6.2380483,6.3104838,6.3771731,6.4329052,6.4756923,6.5064721,6.5289719,6.5473965,6.567654
NG,4.7589077,5.0092734,5.2768799,5.5628353,5.7725454,5.9392335,6.1132789,6.2941464,6.4825265,6.6772438,6.8796555,7.0907007,7.3575671,7.6303345,7.9053806,8.1786961,8.4490269,8.7173584,8.9939618,9.2892558,9.6123805,9.9648681,10.3483066,10.7589813,10.9491337,11.1416111,11.3377555,11.5394145,11.7498646,11.9705043,12.2061756,12.4569977,12.6135612,12.7022476,12.7969209,12.8963878,13.0014344,13.1105817,13.2252301,13.3443498,13.4684177,13.5959336,13.7293884,13.8686505,14.0149764,14.1670939,14.3275962,14.4961135,14.6722031,14.8546465
PK,10.9565004,11.183126,11.3916227,11.6159636,11.8508607,12.0890203,12.3286434,12.5658577,12.7992979,13.0252379,13.2458033,13.4530896,13.660443,13.8072672,13.9421705,14.0827066,14.2312669,14.3863469,14.5534021,14.7351857,14.9346592,15.1007921,15.1843986,15.2700572,15.3584834,15.4476328,15.5411243,15.6398504,15.7400105,15.8533814,15.9699471,16.0874681,16.2115867,16.3354514,16.4607839,16.5952726,16.7333497,16.8793927,17.0271686,17.1727814,17.312642,17.4423282,17.5570469,17.6533287,17.729883,17.7881782,17.878143,17.9543907,18.0195606,18.0806817
PA,25.1105318,25.6153103,26.0996336,26.5916783,27.0915088,27.5933913,28.103512,28.6230893,29.1590718,29.7117294,30.2140205,30.2702486,30.3435848,30.4293425,30.5296269,30.6423857,30.7684263,30.9052586,31.0591603,31.2322559,31.4395264,31.7391609,32.0610339,32.4018763,32.7605832,33.1305972,33.5161664,33.9151574,34.3258719,34.7396548,35.1166855,35.2239562,35.3316747,35.4377987,35.5477795,35.6623024,35.7829069,35.9068322,36.0399194,36.1837121,36.3414544,36.5259333,36.7455199,37.0031541,37.2958123,37.6170928,37.9566702,38.3036011,38.6467021,38.9780185
PY,20.0410374,20.3033838,20.5681713,20.783833,20.9805145,21.1760039,21.3722125,21.5692725,21.774103,21.9907063,22.2263988,22.4810159,22.7517241,22.9490901,23.1430137,23.32748,23.5034311,23.6683731,23.8207409,23.9544796,24.0685287,24.1594706,24.2351455,24.3723948,24.516565,24.6698798,24.838377,25.0206649,25.2197277,25.433059,25.6653475,25.9163497,26.1881447,26.3885348,26.5918022,26.8123865,27.0516941,27.3060475,27.5777447,27.8640758,28.1651367,28.4771102,28.8040207,29.1448359,29.4943196,29.8461338,30.1930385,30.5283497,30.8465009,31.1445086
PE,17.6802621,18.0624872,18.508777,18.9631229,19.4317137,19.9139122,20.4159638,20.9361054,21.4745174,22.0240259,22.5879422,23.1656741,23.7319097,23.9387934,24.1514601,24.3699285,24.5956731,24.8265033,25.0699822,25.3295134,25.6095961,25.908227,25.9693896,26.0369363,26.1162471,26.2023309,26.2975975,26.4027089,26.520967,26.6525708,26.8025354,26.9707937,27.1577714,27.3594551,27.4212226,27.491022,27.573469,27.6670717,27.7760356,27.902089,28.0476218,28.2101489,28.39102,28.5888469,28.8035757,29.0317438,29.2758953,29.5342288,29.8041593,30.0681714
PH,9.2547345,9.3815316,9.510055,9.6410858,9.7768741,9.9168373,10.0631878,10.2152978,10.374011,10.5374966,10.7454865,11.1763963,11.6298963,12.1036165,12.6016756,13.05407,13.1722729,13.2930596,13.4170753,13.5420355,13.6525024,13.6849023,13.7177585,13.7520595,13.7903045,13.8322755,13.8799593,13.9329085,13.9925844,14.0582295,14.1400342,14.2695693,14.4084527,14.5541829,14.7078923,14.8683969,14.7811338,14.6478634,14.5216327,14.4025677,14.3014896,14.2590886,14.2227759,14.1910933,14.1629821,14.1365759,14.1125897,14.0911133,14.0720619,14.0560078
PL,3.7860052,3.8215151,3.8298938,3.8378287,3.8336928,3.846698,3.8764591,3.9012271,3.9124841,3.9374904,3.9969624,4.0363237,4.0919862,4.1444534,4.1939331,4.2440303,4.2941389,4.3455041,4.4010426,4.4214964,4.3990162,4.3765918,4.3545422,4.3306992,4.3075093,4.2909846,4.2789139,4.2721724,4.2667186,4.2722309,4.2716534,4.2745212,4.2780525,4.2797447,4.2778101,4.2803958,4.2845098,4.2884295,4.294126,4.3025351,4.3329524,4.3638535,4.374719,4.3959348,4.4168828,4.4372332,4.4585409,4.4689375,4.4763227,4.4811746
PT,26.3232772,26.7350295,26.8964279,27.1223353,27.4151713,27.8158048,28.3055287,28.7593101,29.1641452,29.6715583,30.3062736,32.3914044,33.3065346,34.1867485,34.6156386,34.217277,34.151737,34.6961713,35.2446014,35.8070283,36.3776367,36.7727845,36.6353428,36.5639962,36.5247072,36.529826,36.619607,36.7684511,36.9526184,37.1564758,37.3997575,37.3722496,37.4995182,37.6910568,37.8347069,37.9602374,38.0906614,38.1984736,38.2847073,38.3529192,38.3968068,38.3838781,38.3423794,38.3127995,38.328486,38.3936793,38.5058819,38.6585642,38.8486496,39.0553523
PR,25.2871501,25.9420093,26.5270077,27.0976634,27.7458809,28.522128,29.4286252,30.4866027,31.6372935,32.7590809,33.6755703,34.1789979,34.5663653,34.8899897,35.2464288,35.6907482,36.2118503,36.8069682,37.4704482,38.1772224,38.8158765,39.1846607,39.5830262,40.0046498,40.4437499,40.8922713,41.3539767,41.827801,42.3150354,42.81275,43.5057676,44.8463692,46.2593189,47.6181006,48.9768135,50.376924,51.7171389,53.1898719,54.9016279,56.7105017,58.6548179,60.4583706,62.2259136,63.8718302,65.3144599,66.5012752,67.4201068,68.094138,68.5474945,68.8122718
RO,5.4463946,5.5528734,5.677255,5.7990804,5.9296772,6.0674252,6.2250823,6.4282085,6.5403986,6.705982,6.8931862,7.0956424,7.3137444,7.5485212,7.7784108,8.0103695,8.2563229,8.3806076,8.3798902,8.3813725,8.3987073,8.4166465,8.4452487,8.4929987,8.5423514,8.5812805,8.6214126,8.654721,8.68962,8.7306885,8.788469,8.8760621,9.0423231,8.9932806,8.9405042,8.898232,8.8651318,8.8249712,8.7837933,8.7405135,8.6857728,8.7469817,8.8392222,8.8783575,8.9034878,8.9260181,8.9470626,8.9657464,8.9820812,8.9990106
RU,13.5829003,13.6896667,13.798071,13.9077668,14.0191532,14.1311373,14.3222184,14.5163493,14.7139767,14.9139908,15.0967018,15.256105,15.4176692,15.5803762,15.7452885,15.9120812,16.0603961,16.2095063,16.3605096,16.4606418,16.4982678,16.5425922,16.5938242,16.6502824,16.6806557,16.7074893,16.7445457,16.78514,16.8343783,16.8278762,16.7802134,16.7601498,16.7350524,16.7008282,16.7056965,16.7503007,16.8521941,16.993544,17.1235604,17.2667102,17.3486388,17.4738735,17.6378125,17.7316363,17.8032699,17.8745288,17.9605467,18.0281773,18.0644783,18.0945633
SA,12.5600408,12.4147979,12.2497968,12.5803417,13.4651663,14.4122565,15.4320288,16.5205066,17.6741902,18.8748059,20.1203119,21.4063396,22.7362247,24.094266,25.4839643,26.1437617,26.5853031,26.9908765,27.3655213,27.7034593,28.0127159,28.3020196,28.6015522,28.9274591,29.3019607,29.7351724,30.2279093,30.7922406,31.4910959,32.387931,33.5387761,35.2708415,37.0990386,37.6358467,37.8001059,37.9655803,38.1338268,38.300197,38.4693674,38.6397762,38.9378797,39.2355947,39.5377076,39.8426697,40.1521225,40.3001446,40.5128011,40.7238896,40.8908453,41.0022488
SN,11.454462,11.9012395,12.3058006,12.7197399,13.0280594,13.312959,13.5898863,13.860833,14.1300423,14.3989444,14.6433102,14.8922636,15.1477781,15.4119182,15.693863,15.9964079,16.286291,16.4527416,16.6298382,16.8094624,16.9874051,17.1603032,17.3323409,17.5027371,17.6730486,17.8412117,18.0098029,18.1785783,18.3477058,18.487358,18.6358812,18.7930938,18.9592828,19.1307573,19.30908,19.4923709,19.6813358,19.8732435,20.0714647,20.2755395,20.486696,20.7025982,20.9258193,21.152835,21.3713022,21.571901,21.7491824,21.9026959,22.0353134,22.1529719
RS,0,0,0,0,0,0,0,0,0,0,0,0,0,0,0,0,0,0,0,0,0,0,0,0,0,0,0,0,0,0,14.891893,14.9142876,14.799061,14.6814386,14.5984572,14.574363,14.6153301,14.7125141,14.8555085,14.8931469,14.9245125,14.9339376,14.924445,14.946934,14.9655166,14.9948345,15.0402162,15.0935457,15.1603877,15.2380166
SG,99.2709599,99.3359577,99.5952571,99.7907521,99.7149294,99.6446741,99.3711479,99.1537412,99.3687376,99.6997553,99.9807711,100.0159962,100.0466078,99.9662563,99.9627354,99.9824569,99.9464457,99.6943226,99.586746,99.6403104,100.0207954,97.2442953,95.218096,96.3504662,96.8852123,98.9981725,101.2462861,101.7605045,101.257941,100.4778574,98.9950771,98.7492903,98.4995821,98.8485288,98.7115238,98.7423748,97.8786608,97.7741307,97.4825321,99.347311,99.762581,98.5894635,98.672318,100.9557208,100.7692178,100.0272399,99.155496,97.732511,95.3635368,94.9730933
SO,3.3318517,3.4976811,3.6712655,3.8522931,4.1512391,4.5921132,5.0711991,5.58897,6.1623965,6.8139879,7.5678854,8.4713561,9.533486,10.2410249,10.7642854,10.8100997,10.2765109,9.61491,9.0297459,8.6656867,8.5639872,8.7176241,9.084741,9.9430897,10.909991,11.746539,12.5214119,13.2525079,13.9773651,14.7690542,15.6951189,16.7890622,17.0536039,17.3312849,17.5308937,17.5842759,17.4697097,17.2206316,16.8916247,16.5506146,16.2406433,15.9659141,16.1842685,16.4225727,16.6766296,16.9392805,17.2171572,12.6000837,13.6698346,14.8119855
ZA,24.1716946,24.1268706,24.1646259,24.2645628,24.4111545,24.5880093,24.7872156,24.9990322,25.2176667,25.4348803,25.6306515,25.6858919,25.7484217,25.8186753,25.9008074,25.9938208,26.1008881,26.2235968,26.3494399,26.4547414,26.5285031,26.5762265,26.607407,26.6260733,26.6397472,26.6931616,26.8436351,27.018338,27.2299053,27.4874169,27.8085369,28.0912274,28.2891497,28.4842691,28.6797904,28.8745603,29.0586881,29.2436436,29.4210819,29.5833834,29.7314841,30.0092132,30.4961214,31.0118068,31.5366296,32.0402427,32.4982434,32.902483,33.2340227,33.5002023
ES,15.956146,16.3659608,16.8014646,17.248858,17.7088233,18.1789999,18.6629932,19.1596945,19.6710541,20.1938822,20.7315433,21.0005206,21.1198502,21.1772881,21.2531511,21.3130987,21.344258,21.3734017,21.4175078,21.5117172,21.6389852,21.6592459,21.6414648,21.6380027,21.6499282,21.6715971,21.7072847,21.7551219,21.8079062,21.8635421,21.9247039,22.0228408,22.2207729,22.4240458,22.6390821,22.8642166,23.0926753,23.3150693,23.5197918,23.6871482,23.7786763,23.8009379,23.7672578,23.6935138,23.6288455,23.5592162,23.4903151,23.404884,23.3709728,23.4811094
SD,2.966523,3.0857127,3.2098996,3.3389682,3.4733661,3.6121765,3.7565814,3.9060223,4.0596996,4.2148829,4.3714545,4.5285921,4.6870989,4.8353016,4.9504462,5.0668659,5.1860572,5.3070177,5.4299943,5.5532036,5.6766773,5.7981928,5.9210155,6.1049595,6.3882776,6.6998649,7.0462124,7.4263186,7.8365634,8.2662356,8.7113868,9.1697962,9.6455982,10.0772914,10.291446,10.5131334,10.742698,10.8694813,11.0044235,11.1518479,11.3152974,11.4951884,11.5384772,11.5881076,11.6360455,11.6756625,11.7114259,11.7518877,11.8051555,11.8786297
SE,10.7566148,11.0039229,11.4813277,11.9798264,12.4766871,12.9662788,13.1670594,13.0876843,13.0326005,12.9650853,12.8648763,12.7587923,12.6631618,12.582426,12.4883838,12.3830465,12.2831914,12.1829617,12.0923997,12.0112973,11.933586,11.9222356,11.9756637,12.0278958,12.0804486,12.1228862,12.1554241,12.1750566,12.1833808,12.1630755,12.1306578,12.1986794,12.3697277,12.5429197,12.7026433,12.8822444,13.0626032,13.1935399,13.3321358,13.4672477,13.5947457,13.6733753,13.7157889,13.7554265,13.7893442,13.8293713,13.8325236,13.8173184,13.7929183,13.7475821
CH,9.9864136,10.0565513,10.0942411,10.1740604,10.3038003,10.4870731,10.6844373,10.8649199,11.0469347,11.2475065,11.3384394,11.3623814,11.2331245,11.1323278,11.0911842,11.1365027,11.2193823,11.2324324,11.1941139,11.1489214,11.1847761,11.3542808,11.7131748,12.1007634,12.511751,12.9255641,13.3416513,13.7567914,14.2228498,14.5839326,14.9859803,15.0756029,14.9949818,14.9421447,14.9057335,14.8893765,14.9032513,14.9572094,14.9946554,15.0155042,15.0069829,15.0043958,14.9897287,14.9771955,14.9730003,14.9754743,14.980076,14.944875,14.8538085,14.7876252
SY,26.355825,26.7048846,27.0546512,27.4005284,27.7398274,28.0649628,28.3803453,28.6866724,28.9898182,29.2896358,29.5945064,29.8315631,30.0487837,30.2611297,30.4722619,30.678858,30.8870664,31.0908074,31.283908,31.4507812,31.5872663,31.688148,31.4394228,31.1192164,30.8296771,30.5813835,30.3795144,30.2180227,30.0959136,30.006101,29.9492568,29.9196865,29.9176633,29.943486,30.0059014,30.1332316,30.3038461,30.4981144,30.6992845,30.8806358,31.026038,31.1374128,31.2250473,31.2757087,31.2775404,31.2258367,31.4314997,31.6594533,31.9136898,32.1827699
TZ,1.6095301,1.6810285,1.7554339,1.8327648,1.9134362,1.9970558,2.0844459,2.1754884,2.3119256,2.4632828,2.6234394,2.792387,2.9713076,3.1603588,3.3624298,3.5787555,3.8111053,4.0588061,4.3239983,4.4179026,4.479597,4.540874,4.6027793,4.6655597,4.7302118,4.7962152,4.8653387,4.9369282,5.0090836,5.0893302,5.1683326,5.2426306,5.3145827,5.388185,5.4708843,5.5664289,5.6764216,5.7977712,5.9283992,6.063255,6.1992196,6.3343644,6.4705337,6.6067784,6.7405848,6.8700062,6.9937034,7.1112902,7.2232312,7.3309821
TH,7.7810854,7.8287967,7.8765509,7.924892,7.9753234,8.0275736,8.0832295,8.1423621,8.206473,8.275521,8.3631452,8.4931015,8.6316525,8.7775984,8.9326882,9.0965449,9.2708441,9.4540599,9.6457195,9.842365,9.9931482,9.9923673,9.9924187,9.9978112,10.0149701,10.0469365,10.0960836,10.1604732,10.237488,10.321939,10.3900986,10.3270015,10.2679465,10.216217,10.1770342,10.1528539,10.1458091,10.1522834,10.1634882,10.1671657,10.155427,10.126352,10.0872892,10.0502445,10.0284726,10.0288351,10.0503508,10.0870971,10.1336349,10.1848926
TG,6.0587605,6.642119,7.0184641,7.4006251,7.7530607,8.0471009,8.2714305,8.4412698,8.5933214,8.7709825,8.9880105,9.2108377,9.4837229,9.7959803,10.1354338,10.4892276,10.860145,11.2467425,11.6366206,12.0092742,12.3524154,12.6577845,12.9553174,13.2611465,13.578649,13.9203976,14.2898742,14.684373,15.1160277,15.4158292,15.7628277,16.1653751,16.6178989,17.0869133,17.5334812,17.9276927,18.2592243,18.5402409,18.805941,19.0969331,19.4425864,19.8462846,20.3027063,20.8004972,21.3248799,21.8598216,22.4088305,22.9653861,23.5195526,24.0629117
TR,11.0411115,11.4425042,11.964499,12.5179106,13.1033266,13.7166167,14.264534,14.7940525,15.3488151,15.9218179,16.5154952,16.9022593,17.1887246,17.4806879,17.7906639,18.1243733,18.3737599,18.5898461,18.8238731,19.0696133,19.3246722,19.6632809,20.045003,20.4432731,20.8660437,21.3144815,21.7314336,22.1465401,22.5834387,23.0319128,23.4906051,23.7985282,24.0409173,24.2852363,24.5358717,24.7935733,25.0588847,25.3298322,25.5631022,25.7766665,26.0111447,26.2657612,26.5333448,26.8010224,27.055169,27.285665,27.487275,27.6592803,27.8026933,27.9213269
UG,2.0256209,2.1602002,2.3013739,2.4498755,2.6074277,2.7744531,2.9525962,3.1424384,3.3466743,3.566897,3.5987758,3.6050158,3.6153304,3.6274021,3.6393852,3.6495552,3.657395,3.6627886,3.6669823,3.6709074,3.7026814,3.7683352,3.8353424,3.9012495,3.9634896,4.0196528,4.0701354,4.1162475,4.1609837,4.2069601,4.2573379,4.2901465,4.3015367,4.3158366,4.333722,4.354791,4.3794129,4.4064035,4.4348522,4.4626004,4.4885894,4.5118513,4.5334979,4.5537211,4.5732502,4.5930426,4.6139325,4.6368306,4.6627833,4.692942
UA,8.2008372,8.3338276,8.4711613,8.6141811,8.7654618,8.9256222,9.0968218,9.2785109,9.4698568,9.6677239,9.8480148,10.0039297,10.1644662,10.3306761,10.5065051,10.6937739,10.8937984,11.1048233,11.3264297,11.4950488,11.5947974,11.695922,11.8019451,11.9053437,12.0079304,12.1178762,12.2253929,12.3304681,12.429421,12.4312518,12.3604313,12.2927486,12.2159339,12.1681126,12.1876331,12.2433558,12.3114083,12.383077,12.4531321,12.529928,12.6153697,12.7015595,12.8156009,12.9292294,13.037318,13.153048,13.2729828,13.3840679,13.4893468,13.5960481
AE,43.2209588,41.8265259,39.6754728,37.4887396,35.8286521,34.7847189,34.3281154,34.0571527,34.2804123,35.6972222,35.8045849,35.0417926,34.0039048,32.9582435,32.1082256,31.5448777,30.167048,28.1131913,26.5721876,25.5686143,25.0552601,24.7026282,24.4486802,24.3844923,24.4035899,24.4339807,24.5251693,24.6813881,24.8606922,25.0692345,25.3176211,25.6078597,25.9278004,26.2384852,26.5095459,26.7220309,26.9301863,27.1483969,27.374945,27.6397518,27.9695459,28.3575855,28.8172613,29.3751789,30.0679823,30.9102986,31.9213748,32.2762622,32.7052455,33.0147001
GB,31.4320738,31.1454391,30.7079449,30.3655646,30.0102258,29.6652548,29.3613619,29.0498644,28.7747854,28.5080128,28.2832614,28.0088989,27.8482201,27.7117834,27.6331211,27.5675986,27.5057346,27.4479752,27.3813563,27.2934309,27.1991476,27.1252483,27.0569252,26.9705851,26.8517204,26.7158871,26.58004,26.4505361,26.319702,26.1802992,26.0320881,25.9155676,25.9465343,25.9857262,26.0217422,26.0557028,26.0929291,26.1296496,26.1581926,26.1762602,26.1887207,26.1989968,26.2053004,26.196182,26.1489133,26.0787145,25.9884098,25.8949841,25.7775442,25.657936
US,38.6943881,38.7867626,38.9315855,39.1203184,39.3355622,39.6097842,39.9300799,40.2847493,40.6857981,41.1028005,41.3230854,41.1200264,41.0057328,40.9464114,40.9125394,40.8575104,40.8261738,40.7798905,40.7210742,40.6534367,40.6656658,40.7096132,40.7709135,40.8535194,40.9621987,41.066997,41.1625766,41.2764987,41.3912266,41.4955623,41.5633716,41.6518992,41.7248372,41.8291652,41.9780767,42.1472491,42.3345216,42.5085129,42.7056334,42.9163912,43.1484644,43.4156117,43.6987738,43.9858642,44.2057909,44.3853787,44.5018306,44.5560442,44.603015,44.6442286
UY,50.6326131,50.2756744,49.9461566,49.6443182,49.3697582,49.1224247,48.8968015,48.6972734,48.5480727,48.478605,48.5073349,48.6457271,48.877104,49.152835,49.4071947,49.5982747,49.7599779,49.8451313,49.8772651,49.8913962,49.9139555,49.9467042,49.9829083,50.0225539,50.0646905,50.1065925,50.0728122,50.006811,49.9404851,49.8671886,49.7839197,49.6897414,49.5865569,49.4745851,49.3567085,49.2343685,49.1963188,48.9873146,48.826571,48.7055375,48.6303304,48.6219075,48.7217169,48.8979765,49.0278436,49.0677229,49.0293459,48.9713307,48.8971378,48.808528
UZ,11.2624876,11.28558,11.3022208,11.3196026,11.347278,11.3888492,11.4485449,11.5230945,11.6070342,11.6905006,11.7158597,11.6705281,11.6232882,11.5790118,11.5467231,11.5303483,11.5312975,11.5449704,11.5675291,11.52322,11.3962364,11.266922,11.1379337,11.0109756,10.8888613,10.7725759,10.6637696,10.5616226,10.4646822,10.3573763,10.2406777,10.0880441,9.8575551,9.639258,9.4550029,9.2887689,9.1158149,8.9580597,8.8369049,8.7321189,8.659643,8.5601714,8.4879431,8.4204758,8.3544531,8.2879635,8.2183472,8.1312091,8.0278395,7.9263265
VE,31.0066205,31.5508172,31.8192299,32.1173707,32.4562375,32.833896,33.2592074,33.7239153,34.2152685,34.7074648,35.1946808,35.6760477,35.7410098,35.5839679,35.4253219,35.2676205,35.1104341,34.9567831,34.8332778,34.7640335,34.7650243,34.7789188,34.5745357,34.3027989,34.0787459,33.8970103,33.7579213,33.6574202,33.593224,33.558546,33.5526886,33.410967,33.1898591,32.9892856,32.8103461,32.6542712,32.5192339,32.4035019,32.3097638,32.2322998,32.184505,32.1368787,32.103414,32.0875984,32.088598,32.1062084,32.1275425,32.1548266,32.180247,32.202977
VN,6.7596523,6.8826171,7.0099871,7.14015,7.2724519,7.4049347,7.5381396,7.6713179,7.8047444,7.9372358,8.070341,8.2040399,8.3392959,8.4759433,8.6169291,8.7632396,8.9163876,9.07609,9.2452293,9.424793,9.4391192,9.4166171,9.4074931,9.4007213,9.3857602,9.3512927,9.2893044,9.2147126,9.144677,9.0929926,9.0962175,9.1067002,9.1247482,9.1495657,9.1820569,9.222017,9.2633472,9.3273337,9.406925,9.5318854,9.880141,10.1209202,10.3729885,10.6175342,10.8787152,11.117079,11.3575047,11.6086297,11.8644825,12.1270128
YE,1.3787794,1.4094114,1.44028,1.4717365,1.504476,1.5385865,1.5742208,1.6110139,1.6492557,1.6888027,1.7298979,1.772589,1.8163551,1.8588679,1.8978316,1.9812531,2.1384045,2.3005018,2.4695573,2.6472287,2.835821,3.0344647,3.2447012,3.4681434,3.7078814,3.9643093,4.227379,4.487055,4.7592802,5.0336839,5.3068987,5.5754058,5.8456395,6.1288691,6.445886,6.6619064,6.7895554,6.9443369,7.1213731,7.310694,7.5059842,7.7045245,7.9100831,8.1218511,8.3407609,8.5651987,8.7921451,9.0173264,9.2375669,9.4508533
ZM,2.987325,3.2289311,3.4887009,3.7759319,4.1303009,4.5156027,4.9371266,5.3971378,5.8988652,6.4411603,6.7073603,6.9252543,7.1469027,7.3723825,7.6062676,7.8499571,8.1052515,8.3700067,8.6461251,8.9321735,9.2286686,9.2731978,9.2956383,9.3197777,9.3466279,9.3753316,9.4070738,9.4416222,9.4807393,9.5245629,9.5752995,9.6330591,9.6979788,9.7657195,9.8337099,9.8993737,9.9615936,10.0211514,10.0853587,10.1612664,10.2538501,10.363159,10.4816744,10.5977025,10.6986163,10.7768141,10.8324561,10.8707999,10.8977982,10.9203542
ZW,6.6102947,6.7269197,6.8439031,6.9619155,7.0829722,7.2064899,7.3344965,7.4659381,7.5998464,7.7520686,8.0038022,8.2585771,8.5179382,8.706297,8.6655434,8.6306805,8.6040622,8.5816888,8.5565515,8.5185864,8.4633052,8.3906861,8.3078922,8.4398365,8.6123119,8.7966986,8.997187,9.2143968,9.4536291,9.7176109,10.0129508,10.3424885,10.709439,10.7278988,10.7114749,10.7156014,10.7381609,10.779117,10.8444935,10.9411569,11.0736725,11.2416762,11.4416654,11.6663846,11.8999973,12.1271889,12.3429533,12.5410357,12.7062455,12.8266686
