id,Year,cases
AF,1960,2.738107
DZ,1960,8.070706
AO,1960,4.378395
AR,1960,38.067803
AM,1960,28.797266
AU,1960,54.199946
AT,1960,23.080644
AZ,1960,25.813302
BD,1960,1.824323
BY,1960,6.717614
BE,1960,16.281127
BO,1960,15.557344
BR,1960,20.665597
BG,1960,9.000387
BF,1960,1.252490
KH,1960,7.164699
CM,1960,4.217222
CA,1960,30.098935
CL,1960,25.891904
CN,1960,7.703893
CO,1960,19.459106
CD,1960,5.025351
CG,1960,12.225165
CR,1960,17.225154
CI,1960,5.569304
CU,1960,20.101913
CZ,1960,10.475508
DK,1960,28.037699
DO,1960,10.967474
EC,1960,17.469278
EG,1960,18.648682
SV,1960,11.219216
ET,1960,2.302302
FI,1960,10.117199
FR,1960,22.016917
GE,1960,17.256064
DE,1960,8.437162
GH,1960,9.038918
GR,1960,21.780785
GT,1960,11.502352
GN,1960,3.591736
HT,1960,6.396218
HN,1960,6.398435
HK,1960,85.200012
HU,1960,18.140221
IN,1960,6.803401
ID,1960,6.913437
IR,1960,15.206477
IQ,1960,16.320888
IE,1960,23.331076
IL,1960,46.960909
IT,1960,15.850505
JP,1960,31.539990
JO,1960,25.842772
KZ,1960,5.288646
KE,1960,3.610504
KP,1960,5.899742
KR,1960,21.027211
KW,1960,64.284481
LB,1960,29.701480
LR,1960,0.000000
LY,1960,12.915380
MG,1960,4.940353
MY,1960,5.240771
ML,1960,2.569616
MX,1960,22.703890
MA,1960,12.729151
MZ,1960,2.370138
MM,1960,8.742116
NL,1960,15.954958
NZ,1960,18.556669
NI,1960,11.191068
NE,1960,1.775297
NG,1960,4.758908
PK,1960,10.956500
PA,1960,25.110532
PY,1960,20.041037
PE,1960,17.680262
PH,1960,9.254734
PL,1960,3.786005
PT,1960,26.323277
PR,1960,25.287150
RO,1960,5.446395
RU,1960,13.582900
SA,1960,12.560041
SN,1960,11.454462
RS,1960,0.000000
SG,1960,99.270960
SO,1960,3.331852
ZA,1960,24.171695
ES,1960,15.956146
SD,1960,2.966523
SE,1960,10.756615
CH,1960,9.986414
SY,1960,26.355825
TZ,1960,1.609530
TH,1960,7.781085
TG,1960,6.058761
TR,1960,11.041112
UG,1960,2.025621
UA,1960,8.200837
AE,1960,43.220959
GB,1960,31.432074
US,1960,38.694388
UY,1960,50.632613
UZ,1960,11.262488
VE,1960,31.006621
VN,1960,6.759652
YE,1960,1.378779
ZM,1960,2.987325
ZW,1960,6.610295
AF,1961,2.886509
DZ,1961,8.302314
AO,1961,4.563339
AR,1961,38.300990
AM,1961,28.854759
AU,1961,54.615272
AT,1961,22.962523
AZ,1961,25.567219
BD,1961,1.899249
BY,1961,7.022341
BE,1961,16.275944
BO,1961,15.798918
BR,1961,21.146328
BG,1961,9.147136
BF,1961,1.315522
KH,1961,7.043204
CM,1961,4.408333
CA,1961,30.778009
CL,1961,26.098756
CN,1961,8.011223
CO,1961,20.147370
CD,1961,5.309586
CG,1961,12.710207
CR,1961,17.383188
CI,1961,5.825693
CU,1961,20.118905
CZ,1961,10.464479
DK,1961,28.198134
DO,1961,11.300574
EC,1961,17.864441
EG,1961,18.979209
SV,1961,11.408395
ET,1961,2.313408
FI,1961,10.210446
FR,1961,22.216026
GE,1961,17.371198
DE,1961,8.418806
GH,1961,9.185028
GR,1961,22.259002
GT,1961,11.777285
GN,1961,3.988024
HT,1961,6.670562
HN,1961,6.552456
HK,1961,0.000000
HU,1961,18.189969
IN,1961,6.877707
ID,1961,7.115426
IR,1961,15.624802
IQ,1961,17.307040
IE,1961,23.650603
IL,1961,47.569886
IT,1961,16.150532
JP,1961,32.440944
JO,1961,26.726533
KZ,1961,5.252260
KE,1961,3.741435
KP,1961,5.927472
KR,1961,21.672172
KW,1961,66.363314
LB,1961,30.422865
LR,1961,0.000000
LY,1961,13.083687
MG,1961,4.987755
MY,1961,5.222333
ML,1961,2.616640
MX,1961,23.236939
MA,1961,12.969271
MZ,1961,2.494475
MM,1961,8.752556
NL,1961,15.892706
NZ,1961,18.680992
NI,1961,0.000000
NE,1961,1.878796
NG,1961,5.009273
PK,1961,11.183126
PA,1961,25.615310
PY,1961,20.303384
PE,1961,18.062487
PH,1961,9.381532
PL,1961,3.821515
PT,1961,26.735030
PR,1961,25.942009
RO,1961,5.552873
RU,1961,13.689667
SA,1961,12.414798
SN,1961,11.901240
RS,1961,0.000000
SG,1961,99.335958
SO,1961,3.497681
ZA,1961,24.126871
ES,1961,16.365961
SD,1961,3.085713
SE,1961,11.003923
CH,1961,10.056551
SY,1961,26.704885
TZ,1961,1.681029
TH,1961,7.828797
TG,1961,6.642119
TR,1961,11.442504
UG,1961,2.160200
UA,1961,8.333828
AE,1961,41.826526
GB,1961,31.145439
US,1961,38.786763
UY,1961,50.275674
UZ,1961,11.285580
VE,1961,31.550817
VN,1961,6.882617
YE,1961,1.409411
ZM,1961,3.228931
ZW,1961,6.726920
AF,1962,3.042039
DZ,1962,8.502304
AO,1962,4.828804
AR,1962,38.500854
AM,1962,28.932708
AU,1962,54.662232
AT,1962,22.813394
AZ,1962,25.319991
BD,1962,2.032696
BY,1962,7.335420
BE,1962,16.268290
BO,1962,16.046741
BR,1962,21.644231
BG,1962,9.304405
BF,1962,1.381960
KH,1962,6.960161
CM,1962,4.606861
CA,1962,31.309154
CL,1962,26.177893
CN,1962,8.096091
CO,1962,20.863385
CD,1962,5.612734
CG,1962,13.218303
CR,1962,17.539099
CI,1962,6.084969
CU,1962,20.112788
CZ,1962,10.480159
DK,1962,28.359027
DO,1962,11.636847
EC,1962,18.264434
EG,1962,19.351585
SV,1962,11.590454
ET,1962,2.322940
FI,1962,10.264373
FR,1962,22.219790
GE,1962,17.490062
DE,1962,8.362441
GH,1962,9.337077
GR,1962,22.837938
GT,1962,12.059068
GN,1962,4.428302
HT,1962,6.956406
HN,1962,6.699185
HK,1962,0.000000
HU,1962,18.262145
IN,1962,6.954524
ID,1962,7.230651
IR,1962,16.050087
IQ,1962,18.341928
IE,1962,24.035760
IL,1962,46.665111
IT,1962,16.407268
JP,1962,33.359297
JO,1962,27.014082
KZ,1962,5.227836
KE,1962,3.875746
KP,1962,6.008828
KR,1962,22.351769
KW,1962,66.508910
LB,1962,31.185383
LR,1962,0.000000
LY,1962,13.262440
MG,1962,5.034564
MY,1962,5.203188
ML,1962,2.675458
MX,1962,23.789922
MA,1962,13.220913
MZ,1962,2.626685
MM,1962,8.763716
NL,1962,15.814086
NZ,1962,18.971072
NI,1962,0.000000
NE,1962,1.987345
NG,1962,5.276880
PK,1962,11.391623
PA,1962,26.099634
PY,1962,20.568171
PE,1962,18.508777
PH,1962,9.510055
PL,1962,3.829894
PT,1962,26.896428
PR,1962,26.527008
RO,1962,5.677255
RU,1962,13.798071
SA,1962,12.249797
SN,1962,12.305801
RS,1962,0.000000
SG,1962,99.595257
SO,1962,3.671266
ZA,1962,24.164626
ES,1962,16.801465
SD,1962,3.209900
SE,1962,11.481328
CH,1962,10.094241
SY,1962,27.054651
TZ,1962,1.755434
TH,1962,7.876551
TG,1962,7.018464
TR,1962,11.964499
UG,1962,2.301374
UA,1962,8.471161
AE,1962,39.675473
GB,1962,30.707945
US,1962,38.931585
UY,1962,49.946157
UZ,1962,11.302221
VE,1962,31.819230
VN,1962,7.009987
YE,1962,1.440280
ZM,1962,3.488701
ZW,1962,6.843903
AF,1963,3.204686
DZ,1963,8.704032
AO,1963,5.110925
AR,1963,38.714117
AM,1963,29.039759
AU,1963,54.998931
AT,1963,22.669228
AZ,1963,25.088763
BD,1963,2.175250
BY,1963,7.658993
BE,1963,16.244210
BO,1963,16.299552
BR,1963,22.161674
BG,1963,9.470971
BF,1963,1.451580
KH,1963,7.013113
CM,1963,4.766996
CA,1963,31.853791
CL,1963,26.266254
CN,1963,8.045342
CO,1963,21.608037
CD,1963,5.933269
CG,1963,13.749636
CR,1963,17.704628
CI,1963,6.349081
CU,1963,20.096524
CZ,1963,10.514569
DK,1963,28.522630
DO,1963,11.986721
EC,1963,18.578365
EG,1963,19.738055
SV,1963,11.769980
ET,1963,2.331161
FI,1963,10.314481
FR,1963,22.172386
GE,1963,17.618261
DE,1963,8.311423
GH,1963,9.501964
GR,1963,23.482500
GT,1963,12.347260
GN,1963,4.914999
HT,1963,7.253985
HN,1963,6.850881
HK,1963,0.000000
HU,1963,18.342087
IN,1963,7.030023
ID,1963,7.300060
IR,1963,16.482467
IQ,1963,19.421193
IE,1963,24.359053
IL,1963,46.304077
IT,1963,16.640153
JP,1963,34.276308
JO,1963,26.897854
KZ,1963,5.218411
KE,1963,4.032764
KP,1963,6.095167
KR,1963,23.085695
KW,1963,65.733389
LB,1963,32.002654
LR,1963,0.000000
LY,1963,13.443017
MG,1963,5.080577
MY,1963,5.185533
ML,1963,2.736001
MX,1963,24.355665
MA,1963,13.480717
MZ,1963,2.764931
MM,1963,8.774441
NL,1963,15.748320
NZ,1963,19.369036
NI,1963,0.000000
NE,1963,2.075998
NG,1963,5.562835
PK,1963,11.615964
PA,1963,26.591678
PY,1963,20.783833
PE,1963,18.963123
PH,1963,9.641086
PL,1963,3.837829
PT,1963,27.122335
PR,1963,27.097663
RO,1963,5.799080
RU,1963,13.907767
SA,1963,12.580342
SN,1963,12.719740
RS,1963,0.000000
SG,1963,99.790752
SO,1963,3.852293
ZA,1963,24.264563
ES,1963,17.248858
SD,1963,3.338968
SE,1963,11.979826
CH,1963,10.174060
SY,1963,27.400528
TZ,1963,1.832765
TH,1963,7.924892
TG,1963,7.400625
TR,1963,12.517911
UG,1963,2.449876
UA,1963,8.614181
AE,1963,37.488740
GB,1963,30.365565
US,1963,39.120318
UY,1963,49.644318
UZ,1963,11.319603
VE,1963,32.117371
VN,1963,7.140150
YE,1963,1.471737
ZM,1963,3.775932
ZW,1963,6.961915
AF,1964,3.370549
DZ,1964,8.896478
AO,1964,5.409841
AR,1964,38.944732
AM,1964,29.187894
AU,1964,55.317928
AT,1964,22.523590
AZ,1964,24.894420
BD,1964,2.327707
BY,1964,7.996658
BE,1964,16.188182
BO,1964,16.557684
BR,1964,22.712759
BG,1964,9.640300
BF,1964,1.524209
KH,1964,7.060244
CM,1964,4.930754
CA,1964,32.407638
CL,1964,26.376090
CN,1964,8.023324
CO,1964,22.386330
CD,1964,6.269831
CG,1964,14.296664
CR,1964,17.898078
CI,1964,6.826184
CU,1964,20.088474
CZ,1964,10.561267
DK,1964,28.695614
DO,1964,12.353662
EC,1964,18.834068
EG,1964,20.140407
SV,1964,11.955945
ET,1964,2.338642
FI,1964,10.379182
FR,1964,22.280940
GE,1964,17.764329
DE,1964,8.283346
GH,1964,9.689749
GR,1964,24.152327
GT,1964,12.569621
GN,1964,5.451382
HT,1964,7.564761
HN,1964,7.014970
HK,1964,0.000000
HU,1964,18.415429
IN,1964,7.105561
ID,1964,7.369043
IR,1964,16.925269
IQ,1964,20.544432
IE,1964,24.740328
IL,1964,45.822343
IT,1964,16.861465
JP,1964,35.213679
JO,1964,26.735196
KZ,1964,5.227719
KE,1964,4.149058
KP,1964,6.175627
KR,1964,23.876369
KW,1964,64.787896
LB,1964,32.895139
LR,1964,0.000000
LY,1964,13.615292
MG,1964,5.126163
MY,1964,5.172337
ML,1964,2.798141
MX,1964,24.931703
MA,1964,13.745779
MZ,1964,2.909907
MM,1964,8.783835
NL,1964,15.684629
NZ,1964,19.761199
NI,1964,0.000000
NE,1964,2.168391
NG,1964,5.772545
PK,1964,11.850861
PA,1964,27.091509
PY,1964,20.980515
PE,1964,19.431714
PH,1964,9.776874
PL,1964,3.833693
PT,1964,27.415171
PR,1964,27.745881
RO,1964,5.929677
RU,1964,14.019153
SA,1964,13.465166
SN,1964,13.028059
RS,1964,0.000000
SG,1964,99.714929
SO,1964,4.151239
ZA,1964,24.411154
ES,1964,17.708823
SD,1964,3.473366
SE,1964,12.476687
CH,1964,10.303800
SY,1964,27.739827
TZ,1964,1.913436
TH,1964,7.975323
TG,1964,7.753061
TR,1964,13.103327
UG,1964,2.607428
UA,1964,8.765462
AE,1964,35.828652
GB,1964,30.010226
US,1964,39.335562
UY,1964,49.369758
UZ,1964,11.347278
VE,1964,32.456238
VN,1964,7.272452
YE,1964,1.504476
ZM,1964,4.130301
ZW,1964,7.082972
AF,1965,3.475496
DZ,1965,9.069814
AO,1965,5.723566
AR,1965,39.190134
AM,1965,29.379085
AU,1965,55.639348
AT,1965,22.388987
AZ,1965,24.746524
BD,1965,2.489734
BY,1965,8.350035
BE,1965,16.138516
BO,1965,16.818044
BR,1965,23.301698
BG,1965,9.823375
BF,1965,1.599174
KH,1965,7.099370
CM,1965,5.237573
CA,1965,32.998531
CL,1965,26.511885
CN,1965,8.023288
CO,1965,22.904736
CD,1965,6.619024
CG,1965,14.855691
CR,1965,18.119305
CI,1965,7.336507
CU,1965,20.098816
CZ,1965,10.616718
DK,1965,28.858092
DO,1965,12.736564
EC,1965,19.089920
EG,1965,20.555664
SV,1965,12.152090
ET,1965,2.345459
FI,1965,10.469478
FR,1965,22.413052
GE,1965,17.931999
DE,1965,8.226124
GH,1965,9.904218
GR,1965,24.810339
GT,1965,12.503464
GN,1965,6.038209
HT,1965,7.887687
HN,1965,7.194428
HK,1965,88.679480
HU,1965,18.496169
IN,1965,7.181015
ID,1965,7.436171
IR,1965,17.375808
IQ,1965,21.703504
IE,1965,25.144263
IL,1965,45.552634
IT,1965,17.081676
JP,1965,36.163111
JO,1965,26.531826
KZ,1965,5.256807
KE,1965,4.247382
KP,1965,6.242063
KR,1965,24.718647
KW,1965,64.293631
LB,1965,33.554294
LR,1965,0.000000
LY,1965,14.490116
MG,1965,5.170605
MY,1965,5.164654
ML,1965,2.861194
MX,1965,25.510341
MA,1965,14.011394
MZ,1965,3.061079
MM,1965,8.790243
NL,1965,15.528410
NZ,1965,20.244254
NI,1965,13.019848
NE,1965,2.264331
NG,1965,5.939234
PK,1965,12.089020
PA,1965,27.593391
PY,1965,21.176004
PE,1965,19.913912
PH,1965,9.916837
PL,1965,3.846698
PT,1965,27.815805
PR,1965,28.522128
RO,1965,6.067425
RU,1965,14.131137
SA,1965,14.412257
SN,1965,13.312959
RS,1965,0.000000
SG,1965,99.644674
SO,1965,4.592113
ZA,1965,24.588009
ES,1965,18.179000
SD,1965,3.612176
SE,1965,12.966279
CH,1965,10.487073
SY,1965,28.064963
TZ,1965,1.997056
TH,1965,8.027574
TG,1965,8.047101
TR,1965,13.716617
UG,1965,2.774453
UA,1965,8.925622
AE,1965,34.784719
GB,1965,29.665255
US,1965,39.609784
UY,1965,49.122425
UZ,1965,11.388849
VE,1965,32.833896
VN,1965,7.404935
YE,1965,1.538587
ZM,1965,4.515603
ZW,1965,7.206490
AF,1966,3.583325
DZ,1966,9.200962
AO,1966,6.053882
AR,1966,39.455009
AM,1966,29.622049
AU,1966,55.786859
AT,1966,22.216243
AZ,1966,24.649366
BD,1966,2.662888
BY,1966,8.719822
BE,1966,16.125852
BO,1966,17.083944
BR,1966,23.937102
BG,1966,9.971179
BF,1966,1.676842
KH,1966,7.130438
CM,1966,5.562555
CA,1966,33.582781
CL,1966,26.679670
CN,1966,7.941834
CO,1966,23.430613
CD,1966,6.982693
CG,1966,15.431082
CR,1966,18.372222
CI,1966,7.886807
CU,1966,20.133958
CZ,1966,10.678067
DK,1966,28.720092
DO,1966,13.140318
EC,1966,19.349956
EG,1966,20.954033
SV,1966,12.363548
ET,1966,2.352498
FI,1966,10.556232
FR,1966,22.568091
GE,1966,18.125389
DE,1966,8.183215
GH,1966,10.152540
GR,1966,25.416949
GT,1966,12.438895
GN,1966,6.679247
HT,1966,8.224915
HN,1966,7.392508
HK,1966,0.000000
HU,1966,18.572136
IN,1966,7.258119
ID,1966,7.502611
IR,1966,17.837412
IQ,1966,22.266700
IE,1966,25.544105
IL,1966,45.719627
IT,1966,17.316775
JP,1966,37.012305
JO,1966,26.308818
KZ,1966,5.307564
KE,1966,4.346951
KP,1966,6.295248
KR,1966,25.622721
KW,1966,65.256023
LB,1966,34.305851
LR,1966,0.000000
LY,1966,15.473542
MG,1966,5.220094
MY,1966,5.163483
ML,1966,2.938015
MX,1966,26.100320
MA,1966,14.279291
MZ,1966,3.219526
MM,1966,8.794821
NL,1966,15.299085
NZ,1966,20.671263
NI,1966,0.000000
NE,1966,2.364713
NG,1966,6.113279
PK,1966,12.328643
PA,1966,28.103512
PY,1966,21.372213
PE,1966,20.415964
PH,1966,10.063188
PL,1966,3.876459
PT,1966,28.305529
PR,1966,29.428625
RO,1966,6.225082
RU,1966,14.322218
SA,1966,15.432029
SN,1966,13.589886
RS,1966,0.000000
SG,1966,99.371148
SO,1966,5.071199
ZA,1966,24.787216
ES,1966,18.662993
SD,1966,3.756581
SE,1966,13.167059
CH,1966,10.684437
SY,1966,28.380345
TZ,1966,2.084446
TH,1966,8.083229
TG,1966,8.271430
TR,1966,14.264534
UG,1966,2.952596
UA,1966,9.096822
AE,1966,34.328115
GB,1966,29.361362
US,1966,39.930080
UY,1966,48.896802
UZ,1966,11.448545
VE,1966,33.259207
VN,1966,7.538140
YE,1966,1.574221
ZM,1966,4.937127
ZW,1966,7.334497
AF,1967,3.688747
DZ,1967,9.245124
AO,1967,6.400889
AR,1967,39.734104
AM,1967,29.912879
AU,1967,56.512535
AT,1967,22.115099
AZ,1967,24.596758
BD,1967,2.847630
BY,1967,9.104121
BE,1967,16.132385
BO,1967,17.354830
BR,1967,24.616637
BG,1967,10.098881
BF,1967,1.757241
KH,1967,8.248356
CM,1967,5.905888
CA,1967,34.118264
CL,1967,26.876925
CN,1967,7.832855
CO,1967,23.976454
CD,1967,7.362113
CG,1967,16.021886
CR,1967,18.653264
CI,1967,8.477123
CU,1967,20.190019
CZ,1967,10.739800
DK,1967,28.487249
DO,1967,13.565146
EC,1967,19.613474
EG,1967,21.018465
SV,1967,12.589557
ET,1967,2.359742
FI,1967,10.625358
FR,1967,22.736349
GE,1967,18.342014
DE,1967,8.184741
GH,1967,10.430452
GR,1967,25.926285
GT,1967,12.375388
GN,1967,7.380547
HT,1967,8.576696
HN,1967,7.606787
HK,1967,0.000000
HU,1967,18.635828
IN,1967,7.337144
ID,1967,7.568729
IR,1967,18.326394
IQ,1967,22.560579
IE,1967,25.694586
IL,1967,45.080328
IT,1967,17.564868
JP,1967,37.811253
JO,1967,26.050597
KZ,1967,5.377980
KE,1967,4.447288
KP,1967,6.340093
KR,1967,26.843328
KW,1967,66.806898
LB,1967,35.145544
LR,1967,0.000000
LY,1967,16.507630
MG,1967,5.300815
MY,1967,5.167822
ML,1967,3.029700
MX,1967,26.702833
MA,1967,14.551492
MZ,1967,3.385182
MM,1967,8.797573
NL,1967,15.098547
NZ,1967,21.018686
NI,1967,0.000000
NE,1967,2.498439
NG,1967,6.294146
PK,1967,12.565858
PA,1967,28.623089
PY,1967,21.569273
PE,1967,20.936105
PH,1967,10.215298
PL,1967,3.901227
PT,1967,28.759310
PR,1967,30.486603
RO,1967,6.428209
RU,1967,14.516349
SA,1967,16.520507
SN,1967,13.860833
RS,1967,0.000000
SG,1967,99.153741
SO,1967,5.588970
ZA,1967,24.999032
ES,1967,19.159695
SD,1967,3.906022
SE,1967,13.087684
CH,1967,10.864920
SY,1967,28.686672
TZ,1967,2.175488
TH,1967,8.142362
TG,1967,8.441270
TR,1967,14.794052
UG,1967,3.142438
UA,1967,9.278511
AE,1967,34.057153
GB,1967,29.049864
US,1967,40.284749
UY,1967,48.697273
UZ,1967,11.523094
VE,1967,33.723915
VN,1967,7.671318
YE,1967,1.611014
ZM,1967,5.397138
ZW,1967,7.465938
AF,1968,3.789914
DZ,1968,9.275244
AO,1968,6.765943
AR,1968,40.017702
AM,1968,30.244609
AU,1968,56.966134
AT,1968,22.032708
AZ,1968,24.584322
BD,1968,3.045102
BY,1968,9.507308
BE,1968,16.166392
BO,1968,17.630718
BR,1968,25.342092
BG,1968,10.219104
BF,1968,1.840910
KH,1968,9.556697
CM,1968,6.269276
CA,1968,34.730457
CL,1968,27.102067
CN,1968,7.719600
CO,1968,24.553053
CD,1968,7.664906
CG,1968,16.630152
CR,1968,18.965027
CI,1968,9.108370
CU,1968,20.261814
CZ,1968,10.800927
DK,1968,28.333799
DO,1968,14.013906
EC,1968,19.882661
EG,1968,21.092988
SV,1968,12.830761
ET,1968,2.413515
FI,1968,10.704690
FR,1968,22.849059
GE,1968,18.578033
DE,1968,8.181151
GH,1968,10.724527
GR,1968,26.683617
GT,1968,12.312159
GN,1968,8.163119
HT,1968,8.946584
HN,1968,7.833858
HK,1968,0.000000
HU,1968,18.698373
IN,1968,7.418921
ID,1968,7.635533
IR,1968,18.835007
IQ,1968,22.841872
IE,1968,25.873773
IL,1968,45.453157
IT,1968,17.834114
JP,1968,38.863987
JO,1968,25.785875
KZ,1968,5.463644
KE,1968,4.548313
KP,1968,6.479131
KR,1968,28.245534
KW,1968,69.017956
LB,1968,36.038686
LR,1968,0.000000
LY,1968,17.600952
MG,1968,5.381593
MY,1968,5.176832
ML,1968,3.124297
MX,1968,27.320418
MA,1968,14.835430
MZ,1968,3.558873
MM,1968,8.798010
NL,1968,14.914328
NZ,1968,21.566339
NI,1968,0.000000
NE,1968,2.640118
NG,1968,6.482526
PK,1968,12.799298
PA,1968,29.159072
PY,1968,21.774103
PE,1968,21.474517
PH,1968,10.374011
PL,1968,3.912484
PT,1968,29.164145
PR,1968,31.637293
RO,1968,6.540399
RU,1968,14.713977
SA,1968,17.674190
SN,1968,14.130042
RS,1968,0.000000
SG,1968,99.368738
SO,1968,6.162396
ZA,1968,25.217667
ES,1968,19.671054
SD,1968,4.059700
SE,1968,13.032600
CH,1968,11.046935
SY,1968,28.989818
TZ,1968,2.311926
TH,1968,8.206473
TG,1968,8.593321
TR,1968,15.348815
UG,1968,3.346674
UA,1968,9.469857
AE,1968,34.280412
GB,1968,28.774785
US,1968,40.685798
UY,1968,48.548073
UZ,1968,11.607034
VE,1968,34.215269
VN,1968,7.804744
YE,1968,1.649256
ZM,1968,5.898865
ZW,1968,7.599846
AF,1969,3.888968
DZ,1969,9.297952
AO,1969,7.147767
AR,1969,40.288251
AM,1969,30.600887
AU,1969,57.233988
AT,1969,21.956839
AZ,1969,24.602316
BD,1969,3.254966
BY,1969,9.931371
BE,1969,16.217268
BO,1969,17.907560
BR,1969,26.106126
BG,1969,10.335855
BF,1969,1.946073
KH,1969,11.105840
CM,1969,6.650010
CA,1969,35.442149
CL,1969,27.347524
CN,1969,7.595661
CO,1969,25.166467
CD,1969,7.919877
CG,1969,17.252117
CR,1969,19.304808
CI,1969,9.774126
CU,1969,20.338907
CZ,1969,10.858888
DK,1969,28.205132
DO,1969,14.484542
EC,1969,20.155023
EG,1969,21.179860
SV,1969,13.083379
ET,1969,2.466624
FI,1969,10.840441
FR,1969,22.812789
GE,1969,18.824943
DE,1969,8.141811
GH,1969,11.012210
GR,1969,27.438995
GT,1969,12.246659
GN,1969,9.053028
HT,1969,9.335952
HN,1969,8.065956
HK,1969,0.000000
HU,1969,18.762865
IN,1969,7.502753
ID,1969,7.702828
IR,1969,19.345592
IQ,1969,23.122304
IE,1969,26.053896
IL,1969,45.590546
IT,1969,18.118706
JP,1969,39.258528
JO,1969,25.661935
KZ,1969,5.557313
KE,1969,4.648408
KP,1969,6.695150
KR,1969,29.744220
KW,1969,71.884562
LB,1969,36.924897
LR,1969,0.000000
LY,1969,18.754080
MG,1969,5.460936
MY,1969,5.188505
ML,1969,3.387164
MX,1969,27.946973
MA,1969,15.136604
MZ,1969,3.740076
MM,1969,8.794375
NL,1969,14.715833
NZ,1969,21.875285
NI,1969,0.000000
NE,1969,2.789469
NG,1969,6.677244
PK,1969,13.025238
PA,1969,29.711729
PY,1969,21.990706
PE,1969,22.024026
PH,1969,10.537497
PL,1969,3.937490
PT,1969,29.671558
PR,1969,32.759081
RO,1969,6.705982
RU,1969,14.913991
SA,1969,18.874806
SN,1969,14.398944
RS,1969,0.000000
SG,1969,99.699755
SO,1969,6.813988
ZA,1969,25.434880
ES,1969,20.193882
SD,1969,4.214883
SE,1969,12.965085
CH,1969,11.247507
SY,1969,29.289636
TZ,1969,2.463283
TH,1969,8.275521
TG,1969,8.770983
TR,1969,15.921818
UG,1969,3.566897
UA,1969,9.667724
AE,1969,35.697222
GB,1969,28.508013
US,1969,41.102801
UY,1969,48.478605
UZ,1969,11.690501
VE,1969,34.707465
VN,1969,7.937236
YE,1969,1.688803
ZM,1969,6.441160
ZW,1969,7.752069
AF,1970,3.985657
DZ,1970,9.319874
AO,1970,7.549016
AR,1970,40.539780
AM,1970,30.898806
AU,1970,57.579044
AT,1970,21.822475
AZ,1970,24.638404
BD,1970,3.479290
BY,1970,10.304934
BE,1970,16.265148
BO,1970,18.187691
BR,1970,26.913550
BG,1970,10.464653
BF,1970,2.036482
KH,1970,12.972046
CM,1970,7.034152
CA,1970,36.158455
CL,1970,27.643285
CN,1970,7.471824
CO,1970,25.829818
CD,1970,8.166336
CG,1970,17.893006
CR,1970,19.675443
CI,1970,10.477591
CU,1970,20.418321
CZ,1970,11.010026
DK,1970,27.998012
DO,1970,14.938664
EC,1970,20.434899
EG,1970,21.283781
SV,1970,13.349649
ET,1970,2.519144
FI,1970,11.013851
FR,1970,22.755495
GE,1970,19.059920
DE,1970,8.096306
GH,1970,11.213498
GR,1970,28.255863
GT,1970,12.179446
GN,1970,10.084882
HT,1970,9.749930
HN,1970,8.300299
HK,1970,87.343268
HU,1970,18.825133
IN,1970,7.589951
ID,1970,7.772333
IR,1970,19.860241
IQ,1970,23.421640
IE,1970,26.138407
IL,1970,45.407061
IT,1970,18.415548
JP,1970,40.034716
JO,1970,25.719032
KZ,1970,5.645342
KE,1970,4.718324
KP,1970,6.926432
KR,1970,31.352843
KW,1970,74.260753
LB,1970,37.778877
LR,1970,0.000000
LY,1970,19.982397
MG,1970,5.539393
MY,1970,5.202393
ML,1970,3.672368
MX,1970,28.440126
MA,1970,15.463761
MZ,1970,3.930266
MM,1970,8.787230
NL,1970,14.532510
NZ,1970,22.513475
NI,1970,15.260993
NE,1970,2.948079
NG,1970,6.879656
PK,1970,13.245803
PA,1970,30.214021
PY,1970,22.226399
PE,1970,22.587942
PH,1970,10.745487
PL,1970,3.996962
PT,1970,30.306274
PR,1970,33.675570
RO,1970,6.893186
RU,1970,15.096702
SA,1970,20.120312
SN,1970,14.643310
RS,1970,0.000000
SG,1970,99.980771
SO,1970,7.567885
ZA,1970,25.630651
ES,1970,20.731543
SD,1970,4.371454
SE,1970,12.864876
CH,1970,11.338439
SY,1970,29.594506
TZ,1970,2.623439
TH,1970,8.363145
TG,1970,8.988010
TR,1970,16.515495
UG,1970,3.598776
UA,1970,9.848015
AE,1970,35.804585
GB,1970,28.283261
US,1970,41.323085
UY,1970,48.507335
UZ,1970,11.715860
VE,1970,35.194681
VN,1970,8.070341
YE,1970,1.729898
ZM,1970,6.707360
ZW,1970,8.003802
AF,1971,4.080404
DZ,1971,9.341851
AO,1971,7.962807
AR,1971,40.599319
AM,1971,31.117590
AU,1971,57.117933
AT,1971,21.697560
AZ,1971,24.688387
BD,1971,3.718701
BY,1971,10.602896
BE,1971,16.294738
BO,1971,18.470622
BR,1971,27.471779
BG,1971,10.607943
BF,1971,2.112310
KH,1971,15.230191
CM,1971,7.438190
CA,1971,36.790659
CL,1971,28.084716
CN,1971,7.378721
CO,1971,26.546313
CD,1971,8.396662
CG,1971,18.552342
CR,1971,20.077748
CI,1971,11.219878
CU,1971,20.256379
CZ,1971,11.070937
DK,1971,27.187689
DO,1971,15.367197
EC,1971,20.722135
EG,1971,21.404015
SV,1971,13.628076
ET,1971,2.569654
FI,1971,11.218609
FR,1971,22.689224
GE,1971,19.275780
DE,1971,7.992222
GH,1971,11.247587
GR,1971,28.915219
GT,1971,12.109606
GN,1971,10.981173
HT,1971,10.189852
HN,1971,8.535462
HK,1971,0.000000
HU,1971,18.886493
IN,1971,7.685146
ID,1971,7.844065
IR,1971,20.339738
IQ,1971,23.735724
IE,1971,26.215312
IL,1971,45.302444
IT,1971,18.729275
JP,1971,40.564277
JO,1971,25.926800
KZ,1971,5.723500
KE,1971,4.781181
KP,1971,7.173102
KR,1971,32.455954
KW,1971,72.504618
LB,1971,39.926754
LR,1971,0.000000
LY,1971,21.287689
MG,1971,5.616772
MY,1971,5.417618
ML,1971,3.981139
MX,1971,28.738489
MA,1971,15.817986
MZ,1971,4.054713
MM,1971,8.776225
NL,1971,14.385548
NZ,1971,22.974072
NI,1971,0.000000
NE,1971,3.116335
NG,1971,7.090701
PK,1971,13.453090
PA,1971,30.270249
PY,1971,22.481016
PE,1971,23.165674
PH,1971,11.176396
PL,1971,4.036324
PT,1971,32.391404
PR,1971,34.178998
RO,1971,7.095642
RU,1971,15.256105
SA,1971,21.406340
SN,1971,14.892264
RS,1971,0.000000
SG,1971,100.015996
SO,1971,8.471356
ZA,1971,25.685892
ES,1971,21.000521
SD,1971,4.528592
SE,1971,12.758792
CH,1971,11.362381
SY,1971,29.831563
TZ,1971,2.792387
TH,1971,8.493101
TG,1971,9.210838
TR,1971,16.902259
UG,1971,3.605016
UA,1971,10.003930
AE,1971,35.041793
GB,1971,28.008899
US,1971,41.120026
UY,1971,48.645727
UZ,1971,11.670528
VE,1971,35.676048
VN,1971,8.204040
YE,1971,1.772589
ZM,1971,6.925254
ZW,1971,8.258577
AF,1972,4.245324
DZ,1972,9.362858
AO,1972,8.389455
AR,1972,40.583743
AM,1972,31.356735
AU,1972,57.376694
AT,1972,21.432131
AZ,1972,24.764087
BD,1972,3.974860
BY,1972,10.913380
BE,1972,16.321341
BO,1972,18.759109
BR,1972,28.000465
BG,1972,10.761299
BF,1972,2.190289
KH,1972,17.954075
CM,1972,7.863863
CA,1972,36.678005
CL,1972,28.550396
CN,1972,7.333228
CO,1972,27.315841
CD,1972,8.638200
CG,1972,19.232582
CR,1972,20.509794
CI,1972,12.007004
CU,1972,20.047491
CZ,1972,11.124152
DK,1972,26.091106
DO,1972,15.819465
EC,1972,21.018391
EG,1972,21.537788
SV,1972,13.718891
ET,1972,2.619360
FI,1972,11.492349
FR,1972,22.638148
GE,1972,19.497407
DE,1972,7.919296
GH,1972,11.256516
GR,1972,29.232557
GT,1972,12.038938
GN,1972,11.746291
HT,1972,10.459767
HN,1972,8.773002
HK,1972,0.000000
HU,1972,18.946517
IN,1972,7.798710
ID,1972,7.971745
IR,1972,20.858677
IQ,1972,24.062446
IE,1972,26.239517
IL,1972,45.465788
IT,1972,18.808597
JP,1972,40.992052
JO,1972,26.282256
KZ,1972,5.804664
KE,1972,4.842741
KP,1972,7.436685
KR,1972,33.406528
KW,1972,71.347869
LB,1972,43.036259
LR,1972,0.000000
LY,1972,22.676541
MG,1972,5.724110
MY,1972,5.658526
ML,1972,4.316087
MX,1972,29.049113
MA,1972,16.001250
MZ,1972,4.118606
MM,1972,8.762794
NL,1972,14.267289
NZ,1972,23.198897
NI,1972,0.000000
NE,1972,3.295222
NG,1972,7.357567
PK,1972,13.660443
PA,1972,30.343585
PY,1972,22.751724
PE,1972,23.731910
PH,1972,11.629896
PL,1972,4.091986
PT,1972,33.306535
PR,1972,34.566365
RO,1972,7.313744
RU,1972,15.417669
SA,1972,22.736225
SN,1972,15.147778
RS,1972,0.000000
SG,1972,100.046608
SO,1972,9.533486
ZA,1972,25.748422
ES,1972,21.119850
SD,1972,4.687099
SE,1972,12.663162
CH,1972,11.233125
SY,1972,30.048784
TZ,1972,2.971308
TH,1972,8.631652
TG,1972,9.483723
TR,1972,17.188725
UG,1972,3.615330
UA,1972,10.164466
AE,1972,34.003905
GB,1972,27.848220
US,1972,41.005733
UY,1972,48.877104
UZ,1972,11.623288
VE,1972,35.741010
VN,1972,8.339296
YE,1972,1.816355
ZM,1972,7.146903
ZW,1972,8.517938
AF,1973,4.491686
DZ,1973,9.380831
AO,1973,8.830313
AR,1973,40.553100
AM,1973,31.617869
AU,1973,57.815433
AT,1973,21.190838
AZ,1973,24.861399
BD,1973,4.247560
BY,1973,11.238689
BE,1973,16.359714
BO,1973,19.052460
BR,1973,28.550229
BG,1973,10.910219
BF,1973,2.270062
KH,1973,21.250258
CM,1973,8.308266
CA,1973,36.530673
CL,1973,29.039807
CN,1973,7.302112
CO,1973,28.124482
CD,1973,8.887552
CG,1973,19.928399
CR,1973,20.931027
CI,1973,12.836039
CU,1973,19.856183
CZ,1973,11.158369
DK,1973,25.037077
DO,1973,16.293633
EC,1973,21.319449
EG,1973,21.676695
SV,1973,13.821397
ET,1973,2.672198
FI,1973,11.767081
FR,1973,22.602940
GE,1973,19.725743
DE,1973,7.858397
GH,1973,11.259861
GR,1973,29.612790
GT,1973,11.930514
GN,1973,12.339856
HT,1973,10.697405
HN,1973,9.010006
HK,1973,0.000000
HU,1973,18.982905
IN,1973,7.914988
ID,1973,8.119943
IR,1973,21.397855
IQ,1973,24.399237
IE,1973,26.242987
IL,1973,44.886486
IT,1973,18.765730
JP,1973,41.664545
JO,1973,26.727191
KZ,1973,5.889788
KE,1973,4.902310
KP,1973,7.721379
KR,1973,34.396900
KW,1973,70.453422
LB,1973,46.427199
LR,1973,0.000000
LY,1973,24.145357
MG,1973,5.831129
MY,1973,5.911491
ML,1973,4.678137
MX,1973,29.375486
MA,1973,16.183721
MZ,1973,4.180883
MM,1973,8.742439
NL,1973,14.178295
NZ,1973,23.383085
NI,1973,0.000000
NE,1973,3.483659
NG,1973,7.630335
PK,1973,13.807267
PA,1973,30.429343
PY,1973,22.949090
PE,1973,23.938793
PH,1973,12.103616
PL,1973,4.144453
PT,1973,34.186749
PR,1973,34.889990
RO,1973,7.548521
RU,1973,15.580376
SA,1973,24.094266
SN,1973,15.411918
RS,1973,0.000000
SG,1973,99.966256
SO,1973,10.241025
ZA,1973,25.818675
ES,1973,21.177288
SD,1973,4.835302
SE,1973,12.582426
CH,1973,11.132328
SY,1973,30.261130
TZ,1973,3.160359
TH,1973,8.777598
TG,1973,9.795980
TR,1973,17.480688
UG,1973,3.627402
UA,1973,10.330676
AE,1973,32.958244
GB,1973,27.711783
US,1973,40.946411
UY,1973,49.152835
UZ,1973,11.579012
VE,1973,35.583968
VN,1973,8.475943
YE,1973,1.858868
ZM,1973,7.372382
ZW,1973,8.706297
AF,1974,4.760705
DZ,1974,9.395570
AO,1974,9.286027
AR,1974,40.519435
AM,1974,31.913378
AU,1974,57.682242
AT,1974,21.041420
AZ,1974,24.981005
BD,1974,4.501942
BY,1974,11.584849
BE,1974,16.396765
BO,1974,19.356876
BR,1974,29.122313
BG,1974,11.045213
BF,1974,2.352015
KH,1974,25.291757
CM,1974,8.773349
CA,1974,36.351064
CL,1974,29.561796
CN,1974,7.288926
CO,1974,28.485221
CD,1974,9.144535
CG,1974,20.602919
CR,1974,21.189623
CI,1974,13.715825
CU,1974,19.696364
CZ,1974,11.170829
DK,1974,24.058632
DO,1974,16.795469
EC,1974,21.630284
EG,1974,21.815545
SV,1974,13.940114
ET,1974,2.734549
FI,1974,12.051823
FR,1974,22.601834
GE,1974,19.966466
DE,1974,7.819580
GH,1974,11.285783
GR,1974,30.022718
GT,1974,11.722290
GN,1974,12.779995
HT,1974,10.937255
HN,1974,9.225404
HK,1974,0.000000
HU,1974,19.032528
IN,1974,8.033915
ID,1974,8.274972
IR,1974,21.948116
IQ,1974,24.748250
IE,1974,26.236940
IL,1974,44.796417
IT,1974,18.727434
JP,1974,41.899135
JO,1974,27.189974
KZ,1974,5.982423
KE,1974,4.961221
KP,1974,8.036798
KR,1974,35.433180
KW,1974,69.460217
LB,1974,50.293469
LR,1974,0.000000
LY,1974,23.911888
MG,1974,5.939150
MY,1974,6.179522
ML,1974,5.072283
MX,1974,29.733868
MA,1974,16.372743
MZ,1974,4.239261
MM,1974,8.706899
NL,1974,14.096670
NZ,1974,23.468320
NI,1974,0.000000
NE,1974,3.682705
NG,1974,7.905381
PK,1974,13.942171
PA,1974,30.529627
PY,1974,23.143014
PE,1974,24.151460
PH,1974,12.601676
PL,1974,4.193933
PT,1974,34.615639
PR,1974,35.246429
RO,1974,7.778411
RU,1974,15.745288
SA,1974,25.483964
SN,1974,15.693863
RS,1974,0.000000
SG,1974,99.962735
SO,1974,10.764285
ZA,1974,25.900807
ES,1974,21.253151
SD,1974,4.950446
SE,1974,12.488384
CH,1974,11.091184
SY,1974,30.472262
TZ,1974,3.362430
TH,1974,8.932688
TG,1974,10.135434
TR,1974,17.790664
UG,1974,3.639385
UA,1974,10.506505
AE,1974,32.108226
GB,1974,27.633121
US,1974,40.912539
UY,1974,49.407195
UZ,1974,11.546723
VE,1974,35.425322
VN,1974,8.616929
YE,1974,1.897832
ZM,1974,7.606268
ZW,1974,8.665543
AF,1975,5.058705
DZ,1975,9.405917
AO,1975,9.753988
AR,1975,40.489026
AM,1975,32.247270
AU,1975,58.306464
AT,1975,20.945633
AZ,1975,25.120153
BD,1975,4.692926
BY,1975,11.956069
BE,1975,16.439091
BO,1975,19.674034
BR,1975,29.712760
BG,1975,11.202890
BF,1975,2.436043
KH,1975,1.408887
CM,1975,9.258072
CA,1975,36.139011
CL,1975,30.117566
CN,1975,7.299401
CO,1975,28.625363
CD,1975,9.407019
CG,1975,21.227477
CR,1975,21.429911
CI,1975,14.591418
CU,1975,19.575852
CZ,1975,11.190686
DK,1975,23.155455
DO,1975,17.325387
EC,1975,21.976499
EG,1975,21.947648
SV,1975,14.076422
ET,1975,2.809967
FI,1975,12.356909
FR,1975,22.618742
GE,1975,20.221573
DE,1975,7.812965
GH,1975,11.349187
GR,1975,30.263789
GT,1975,11.526418
GN,1975,13.226867
HT,1975,11.174682
HN,1975,9.391356
HK,1975,88.372221
HU,1975,19.035397
IN,1975,8.154461
ID,1975,8.437043
IR,1975,22.494248
IQ,1975,25.106999
IE,1975,26.221372
IL,1975,45.019884
IT,1975,18.700231
JP,1975,42.270033
JO,1975,27.621989
KZ,1975,6.084194
KE,1975,5.019448
KP,1975,8.388163
KR,1975,36.512412
KW,1975,68.326117
LB,1975,54.795401
LR,1975,0.000000
LY,1975,23.525588
MG,1975,6.049824
MY,1975,6.463135
ML,1975,5.501256
MX,1975,30.130271
MA,1975,16.563339
MZ,1975,4.291999
MM,1975,8.675249
NL,1975,13.945573
NZ,1975,23.603952
NI,1975,15.845035
NE,1975,3.892131
NG,1975,8.178696
PK,1975,14.082707
PA,1975,30.642386
PY,1975,23.327480
PE,1975,24.369929
PH,1975,13.054070
PL,1975,4.244030
PT,1975,34.217277
PR,1975,35.690748
RO,1975,8.010369
RU,1975,15.912081
SA,1975,26.143762
SN,1975,15.996408
RS,1975,0.000000
SG,1975,99.982457
SO,1975,10.810100
ZA,1975,25.993821
ES,1975,21.313099
SD,1975,5.066866
SE,1975,12.383047
CH,1975,11.136503
SY,1975,30.678858
TZ,1975,3.578756
TH,1975,9.096545
TG,1975,10.489228
TR,1975,18.124373
UG,1975,3.649555
UA,1975,10.693774
AE,1975,31.544878
GB,1975,27.567599
US,1975,40.857510
UY,1975,49.598275
UZ,1975,11.530348
VE,1975,35.267621
VN,1975,8.763240
YE,1975,1.981253
ZM,1975,7.849957
ZW,1975,8.630681
AF,1976,5.354698
DZ,1976,9.413664
AO,1976,10.236877
AR,1976,40.463009
AM,1976,32.622689
AU,1976,59.077439
AT,1976,20.839102
AZ,1976,25.268798
BD,1976,4.893061
BY,1976,12.347243
BE,1976,16.500255
BO,1976,20.005369
BR,1976,30.324440
BG,1976,11.368581
BF,1976,2.611041
KH,1976,1.426063
CM,1976,9.709623
CA,1976,36.138800
CL,1976,30.710432
CN,1976,7.322017
CO,1976,28.760854
CD,1976,9.674795
CG,1976,21.866565
CR,1976,21.649674
CI,1976,15.224775
CU,1976,19.494757
CZ,1976,11.244616
DK,1976,22.566608
DO,1976,17.886525
EC,1976,22.332051
EG,1976,22.072982
SV,1976,14.230923
ET,1976,2.901094
FI,1976,12.683855
FR,1976,22.600059
GE,1976,20.493427
DE,1976,7.812672
GH,1976,11.457728
GR,1976,30.393717
GT,1976,11.343508
GN,1976,13.680175
HT,1976,11.409567
HN,1976,9.554413
HK,1976,0.000000
HU,1976,19.046246
IN,1976,8.277734
ID,1976,8.607405
IR,1976,23.049566
IQ,1976,25.478763
IE,1976,26.229926
IL,1976,45.272177
IT,1976,18.691715
JP,1976,42.602284
JO,1976,28.036476
KZ,1976,6.206031
KE,1976,5.077746
KP,1976,8.781948
KR,1976,37.598485
KW,1976,67.550713
LB,1976,55.157618
LR,1976,0.000000
LY,1976,23.157330
MG,1976,6.180493
MY,1976,6.763784
ML,1976,5.969216
MX,1976,30.567390
MA,1976,16.757350
MZ,1976,4.339437
MM,1976,8.648758
NL,1976,13.753361
NZ,1976,23.938605
NI,1976,0.000000
NE,1976,4.112625
NG,1976,8.449027
PK,1976,14.231267
PA,1976,30.768426
PY,1976,23.503431
PE,1976,24.595673
PH,1976,13.172273
PL,1976,4.294139
PT,1976,34.151737
PR,1976,36.211850
RO,1976,8.256323
RU,1976,16.060396
SA,1976,26.585303
SN,1976,16.286291
RS,1976,0.000000
SG,1976,99.946446
SO,1976,10.276511
ZA,1976,26.100888
ES,1976,21.344258
SD,1976,5.186057
SE,1976,12.283191
CH,1976,11.219382
SY,1976,30.887066
TZ,1976,3.811105
TH,1976,9.270844
TG,1976,10.860145
TR,1976,18.373760
UG,1976,3.657395
UA,1976,10.893798
AE,1976,30.167048
GB,1976,27.505735
US,1976,40.826174
UY,1976,49.759978
UZ,1976,11.531298
VE,1976,35.110434
VN,1976,8.916388
YE,1976,2.138405
ZM,1976,8.105251
ZW,1976,8.604062
AF,1977,5.666732
DZ,1977,9.325157
AO,1977,10.731626
AR,1977,40.438425
AM,1977,33.033193
AU,1977,59.455376
AT,1977,20.703268
AZ,1977,25.434038
BD,1977,5.101557
BY,1977,12.739427
BE,1977,16.569874
BO,1977,20.282158
BR,1977,30.954021
BG,1977,11.527147
BF,1977,2.865889
KH,1977,1.451000
CM,1977,9.984510
CA,1977,36.222155
CL,1977,31.332158
CN,1977,7.375237
CO,1977,28.891779
CD,1977,9.946616
CG,1977,22.516535
CR,1977,21.849295
CI,1977,15.880543
CU,1977,19.447068
CZ,1977,11.296503
DK,1977,22.257351
DO,1977,18.475120
EC,1977,22.694176
EG,1977,22.147582
SV,1977,14.401685
ET,1977,3.005238
FI,1977,13.024035
FR,1977,22.570567
GE,1977,20.777934
DE,1977,7.791624
GH,1977,11.598286
GR,1977,30.455838
GT,1977,11.170934
GN,1977,14.137002
HT,1977,11.640568
HN,1977,9.713345
HK,1977,0.000000
HU,1977,19.073470
IN,1977,8.403013
ID,1977,8.785070
IR,1977,23.340547
IQ,1977,25.862169
IE,1977,26.300031
IL,1977,45.522198
IT,1977,18.696894
JP,1977,42.701457
JO,1977,28.428971
KZ,1977,6.329788
KE,1977,5.135235
KP,1977,9.216138
KR,1977,38.677101
KW,1977,66.751073
LB,1977,55.813906
LR,1977,0.000000
LY,1977,22.803431
MG,1977,6.312123
MY,1977,7.079327
ML,1977,6.286876
MX,1977,31.041215
MA,1977,16.952873
MZ,1977,4.383207
MM,1977,8.626253
NL,1977,13.590343
NZ,1977,24.098654
NI,1977,0.000000
NE,1977,4.343704
NG,1977,8.717358
PK,1977,14.386347
PA,1977,30.905259
PY,1977,23.668373
PE,1977,24.826503
PH,1977,13.293060
PL,1977,4.345504
PT,1977,34.696171
PR,1977,36.806968
RO,1977,8.380608
RU,1977,16.209506
SA,1977,26.990876
SN,1977,16.452742
RS,1977,0.000000
SG,1977,99.694323
SO,1977,9.614910
ZA,1977,26.223597
ES,1977,21.373402
SD,1977,5.307018
SE,1977,12.182962
CH,1977,11.232432
SY,1977,31.090807
TZ,1977,4.058806
TH,1977,9.454060
TG,1977,11.246743
TR,1977,18.589846
UG,1977,3.662789
UA,1977,11.104823
AE,1977,28.113191
GB,1977,27.447975
US,1977,40.779891
UY,1977,49.845131
UZ,1977,11.544970
VE,1977,34.956783
VN,1977,9.076090
YE,1977,2.300502
ZM,1977,8.370007
ZW,1977,8.581689
AF,1978,5.997627
DZ,1978,9.086724
AO,1978,11.235901
AR,1978,40.423119
AM,1978,33.479793
AU,1978,59.817050
AT,1978,20.603575
AZ,1978,25.613225
BD,1978,5.320215
BY,1978,13.131339
BE,1978,16.645015
BO,1978,20.553901
BR,1978,31.607676
BG,1978,11.734967
BF,1978,3.142748
KH,1978,1.475939
CM,1978,10.265188
CA,1978,36.373386
CL,1978,31.976508
CN,1978,7.459507
CO,1978,29.024581
CD,1978,10.227664
CG,1978,23.185465
CR,1978,22.036410
CI,1978,16.570894
CU,1978,19.428739
CZ,1978,11.352360
DK,1978,21.947904
DO,1978,19.094047
EC,1978,23.068453
EG,1978,22.184016
SV,1978,14.592196
ET,1978,3.116254
FI,1978,13.371155
FR,1978,22.543838
GE,1978,21.070043
DE,1978,7.763911
GH,1978,11.745443
GR,1978,30.593892
GT,1978,11.005365
GN,1978,14.197500
HT,1978,11.868379
HN,1978,9.872465
HK,1978,0.000000
HU,1978,19.122749
IN,1978,8.532059
ID,1978,8.971755
IR,1978,23.473770
IQ,1978,25.950644
IE,1978,26.391551
IL,1978,45.837940
IT,1978,18.714952
JP,1978,42.828438
JO,1978,28.807873
KZ,1978,6.456278
KE,1978,5.192711
KP,1978,9.686120
KR,1978,39.809768
KW,1978,65.999355
LB,1978,56.657859
LR,1978,0.000000
LY,1978,22.442948
MG,1978,6.447989
MY,1978,7.410323
ML,1978,6.456938
MX,1978,31.561296
MA,1978,17.147727
MZ,1978,4.427402
MM,1978,8.607119
NL,1978,13.425807
NZ,1978,24.322493
NI,1978,0.000000
NE,1978,4.478281
NG,1978,8.993962
PK,1978,14.553402
PA,1978,31.059160
PY,1978,23.820741
PE,1978,25.069982
PH,1978,13.417075
PL,1978,4.401043
PT,1978,35.244601
PR,1978,37.470448
RO,1978,8.379890
RU,1978,16.360510
SA,1978,27.365521
SN,1978,16.629838
RS,1978,0.000000
SG,1978,99.586746
SO,1978,9.029746
ZA,1978,26.349440
ES,1978,21.417508
SD,1978,5.429994
SE,1978,12.092400
CH,1978,11.194114
SY,1978,31.283908
TZ,1978,4.323998
TH,1978,9.645720
TG,1978,11.636621
TR,1978,18.823873
UG,1978,3.666982
UA,1978,11.326430
AE,1978,26.572188
GB,1978,27.381356
US,1978,40.721074
UY,1978,49.877265
UZ,1978,11.567529
VE,1978,34.833278
VN,1978,9.245229
YE,1978,2.469557
ZM,1978,8.646125
ZW,1978,8.556551
AF,1979,6.343148
DZ,1979,8.851425
AO,1979,11.741104
AR,1979,40.422181
AM,1979,33.700392
AU,1979,60.231997
AT,1979,20.496238
AZ,1979,25.639111
BD,1979,5.548916
BY,1979,13.450563
BE,1979,16.722202
BO,1979,20.845375
BR,1979,32.284512
BG,1979,11.943825
BF,1979,3.442789
KH,1979,1.489165
CM,1979,10.554969
CA,1979,36.532084
CL,1979,32.627426
CN,1979,7.546361
CO,1979,29.163039
CD,1979,10.521173
CG,1979,23.874523
CR,1979,22.216808
CI,1979,16.493997
CU,1979,19.433078
CZ,1979,11.413145
DK,1979,21.655658
DO,1979,19.739676
EC,1979,23.455232
EG,1979,22.204276
SV,1979,14.803696
ET,1979,3.223516
FI,1979,13.733410
FR,1979,22.518050
GE,1979,21.312964
DE,1979,7.726077
GH,1979,11.861987
GR,1979,30.747287
GT,1979,10.842222
GN,1979,14.192451
HT,1979,12.091366
HN,1979,10.034140
HK,1979,0.000000
HU,1979,19.192092
IN,1979,8.665031
ID,1979,9.167025
IR,1979,23.595192
IQ,1979,25.893300
IE,1979,26.393320
IL,1979,45.947095
IT,1979,18.745680
JP,1979,42.984351
JO,1979,29.179607
KZ,1979,6.529963
KE,1979,5.249486
KP,1979,10.178749
KR,1979,40.981212
KW,1979,65.353431
LB,1979,57.522959
LR,1979,0.000000
LY,1979,22.049049
MG,1979,6.590330
MY,1979,7.753888
ML,1979,6.630948
MX,1979,32.130328
MA,1979,17.335471
MZ,1979,4.476140
MM,1979,8.589216
NL,1979,13.254367
NZ,1979,24.651078
NI,1979,0.000000
NE,1979,4.547923
NG,1979,9.289256
PK,1979,14.735186
PA,1979,31.232256
PY,1979,23.954480
PE,1979,25.329513
PH,1979,13.542036
PL,1979,4.421496
PT,1979,35.807028
PR,1979,38.177222
RO,1979,8.381372
RU,1979,16.460642
SA,1979,27.703459
SN,1979,16.809462
RS,1979,0.000000
SG,1979,99.640310
SO,1979,8.665687
ZA,1979,26.454741
ES,1979,21.511717
SD,1979,5.553204
SE,1979,12.011297
CH,1979,11.148921
SY,1979,31.450781
TZ,1979,4.417903
TH,1979,9.842365
TG,1979,12.009274
TR,1979,19.069613
UG,1979,3.670907
UA,1979,11.495049
AE,1979,25.568614
GB,1979,27.293431
US,1979,40.653437
UY,1979,49.891396
UZ,1979,11.523220
VE,1979,34.764033
VN,1979,9.424793
YE,1979,2.647229
ZM,1979,8.932173
ZW,1979,8.518586
AF,1980,6.491453
DZ,1980,8.619556
AO,1980,12.244353
AR,1980,40.439914
AM,1980,33.639753
AU,1980,60.569044
AT,1980,20.373097
AZ,1980,25.531739
BD,1980,5.788771
BY,1980,13.670518
BE,1980,16.794760
BO,1980,21.160530
BR,1980,32.988652
BG,1980,12.123832
BF,1980,3.767887
KH,1980,3.531016
CM,1980,10.857692
CA,1980,36.588668
CL,1980,33.275380
CN,1980,7.642059
CO,1980,29.311765
CD,1980,10.830469
CG,1980,24.588721
CR,1980,22.396849
CI,1980,16.432474
CU,1980,19.454269
CZ,1980,11.518305
DK,1980,21.396311
DO,1980,20.412226
EC,1980,23.857560
EG,1980,22.207154
SV,1980,15.037819
ET,1980,3.319056
FI,1980,14.097280
FR,1980,22.474503
GE,1980,21.490223
DE,1980,7.670967
GH,1980,11.924360
GR,1980,30.980639
GT,1980,10.678971
GN,1980,14.211907
HT,1980,12.309963
HN,1980,10.201401
HK,1980,91.033912
HU,1980,19.212784
IN,1980,8.803112
ID,1980,9.371758
IR,1980,23.695941
IQ,1980,25.857021
IE,1980,26.565451
IL,1980,46.138267
IT,1980,18.792474
JP,1980,43.168472
JO,1980,29.147272
KZ,1980,6.529254
KE,1980,5.298784
KP,1980,10.684864
KR,1980,42.176957
KW,1980,64.814036
LB,1980,58.284283
LR,1980,0.000000
LY,1980,21.616030
MG,1980,6.741242
MY,1980,8.089329
ML,1980,6.808480
MX,1980,32.703465
MA,1980,17.514259
MZ,1980,4.533102
MM,1980,8.571844
NL,1980,13.092686
NZ,1980,24.856377
NI,1980,16.142062
NE,1980,4.621846
NG,1980,9.612381
PK,1980,14.934659
PA,1980,31.439526
PY,1980,24.068529
PE,1980,25.609596
PH,1980,13.652502
PL,1980,4.399016
PT,1980,36.377637
PR,1980,38.815877
RO,1980,8.398707
RU,1980,16.498268
SA,1980,28.012716
SN,1980,16.987405
RS,1980,0.000000
SG,1980,100.020795
SO,1980,8.563987
ZA,1980,26.528503
ES,1980,21.638985
SD,1980,5.676677
SE,1980,11.933586
CH,1980,11.184776
SY,1980,31.587266
TZ,1980,4.479597
TH,1980,9.993148
TG,1980,12.352415
TR,1980,19.324672
UG,1980,3.702681
UA,1980,11.594797
AE,1980,25.055260
GB,1980,27.199148
US,1980,40.665666
UY,1980,49.913956
UZ,1980,11.396236
VE,1980,34.765024
VN,1980,9.439119
YE,1980,2.835821
ZM,1980,9.228669
ZW,1980,8.463305
AF,1981,6.657689
DZ,1981,8.391244
AO,1981,12.736647
AR,1981,40.363929
AM,1981,33.610097
AU,1981,60.682280
AT,1981,20.244045
AZ,1981,25.397143
BD,1981,6.020065
BY,1981,13.882297
BE,1981,16.841149
BO,1981,21.497794
BR,1981,33.159608
BG,1981,12.333825
BF,1981,4.118213
KH,1981,5.424729
CM,1981,11.172787
CA,1981,36.678261
CL,1981,33.911118
CN,1981,7.747922
CO,1981,29.467739
CD,1981,11.153345
CG,1981,25.324434
CR,1981,22.574180
CI,1981,16.383405
CU,1981,19.493210
CZ,1981,11.537520
DK,1981,21.210406
DO,1981,21.107177
EC,1981,24.272514
EG,1981,22.192194
SV,1981,15.293057
ET,1981,3.398985
FI,1981,14.300917
FR,1981,22.419900
GE,1981,21.658382
DE,1981,7.636069
GH,1981,11.924229
GR,1981,31.127711
GT,1981,10.507130
GN,1981,14.257391
HT,1981,12.521454
HN,1981,10.373304
HK,1981,0.000000
HU,1981,19.185855
IN,1981,8.930227
ID,1981,9.480116
IR,1981,23.785140
IQ,1981,25.848400
IE,1981,26.586146
IL,1981,46.519616
IT,1981,18.855341
JP,1981,43.328703
JO,1981,28.868984
KZ,1981,6.528345
KE,1981,5.345558
KP,1981,10.896095
KR,1981,43.094125
KW,1981,64.295795
LB,1981,58.868693
LR,1981,0.000000
LY,1981,21.140385
MG,1981,6.900156
MY,1981,8.103815
ML,1981,6.988148
MX,1981,32.689190
MA,1981,17.680482
MZ,1981,4.581110
MM,1981,8.554047
NL,1981,12.969797
NZ,1981,24.839618
NI,1981,0.000000
NE,1981,4.699230
NG,1981,9.964868
PK,1981,15.100792
PA,1981,31.739161
PY,1981,24.159471
PE,1981,25.908227
PH,1981,13.684902
PL,1981,4.376592
PT,1981,36.772785
PR,1981,39.184661
RO,1981,8.416647
RU,1981,16.542592
SA,1981,28.302020
SN,1981,17.160303
RS,1981,0.000000
SG,1981,97.244295
SO,1981,8.717624
ZA,1981,26.576227
ES,1981,21.659246
SD,1981,5.798193
SE,1981,11.922236
CH,1981,11.354281
SY,1981,31.688148
TZ,1981,4.540874
TH,1981,9.992367
TG,1981,12.657785
TR,1981,19.663281
UG,1981,3.768335
UA,1981,11.695922
AE,1981,24.702628
GB,1981,27.125248
US,1981,40.709613
UY,1981,49.946704
UZ,1981,11.266922
VE,1981,34.778919
VN,1981,9.416617
YE,1981,3.034465
ZM,1981,9.273198
ZW,1981,8.390686
AF,1982,6.828627
DZ,1982,8.168686
AO,1982,13.227352
AR,1982,40.256430
AM,1982,33.616839
AU,1982,60.511655
AT,1982,20.231186
AZ,1982,25.277869
BD,1982,6.222587
BY,1982,14.099898
BE,1982,16.820191
BO,1982,21.858973
BR,1982,33.229123
BG,1982,12.547830
BF,1982,4.457658
KH,1982,5.421402
CM,1982,11.502290
CA,1982,36.909896
CL,1982,34.438690
CN,1982,7.842654
CO,1982,29.633438
CD,1982,11.490305
CG,1982,26.089854
CR,1982,22.751963
CI,1982,16.350528
CU,1982,19.596425
CZ,1982,11.539265
DK,1982,21.079347
DO,1982,21.363462
EC,1982,24.705641
EG,1982,22.164631
SV,1982,15.570156
ET,1982,3.466183
FI,1982,14.408598
FR,1982,22.393427
GE,1982,21.823207
DE,1982,7.619126
GH,1982,11.878101
GR,1982,30.980276
GT,1982,10.317058
GN,1982,14.318684
HT,1982,12.729200
HN,1982,10.551931
HK,1982,0.000000
HU,1982,19.176204
IN,1982,9.032871
ID,1982,9.541035
IR,1982,23.878316
IQ,1982,25.841462
IE,1982,26.337011
IL,1982,46.961871
IT,1982,18.843847
JP,1982,43.501926
JO,1982,28.559954
KZ,1982,6.527535
KE,1982,5.392850
KP,1982,11.099328
KR,1982,43.883306
KW,1982,64.113888
LB,1982,59.309335
LR,1982,0.000000
LY,1982,20.653501
MG,1982,7.067281
MY,1982,8.115482
ML,1982,7.171295
MX,1982,32.712932
MA,1982,17.841232
MZ,1982,4.633575
MM,1982,8.537954
NL,1982,12.876930
NZ,1982,24.796121
NI,1982,0.000000
NE,1982,4.780321
NG,1982,10.348307
PK,1982,15.184399
PA,1982,32.061034
PY,1982,24.235146
PE,1982,25.969390
PH,1982,13.717759
PL,1982,4.354542
PT,1982,36.635343
PR,1982,39.583026
RO,1982,8.445249
RU,1982,16.593824
SA,1982,28.601552
SN,1982,17.332341
RS,1982,0.000000
SG,1982,95.218096
SO,1982,9.084741
ZA,1982,26.607407
ES,1982,21.641465
SD,1982,5.921016
SE,1982,11.975664
CH,1982,11.713175
SY,1982,31.439423
TZ,1982,4.602779
TH,1982,9.992419
TG,1982,12.955317
TR,1982,20.045003
UG,1982,3.835342
UA,1982,11.801945
AE,1982,24.448680
GB,1982,27.056925
US,1982,40.770913
UY,1982,49.982908
UZ,1982,11.137934
VE,1982,34.574536
VN,1982,9.407493
YE,1982,3.244701
ZM,1982,9.295638
ZW,1982,8.307892
AF,1983,7.003954
DZ,1983,7.955203
AO,1983,13.735451
AR,1983,40.159105
AM,1983,33.637677
AU,1983,60.595302
AT,1983,20.301337
AZ,1983,25.157220
BD,1983,6.435193
BY,1983,14.320106
BE,1983,16.806088
BO,1983,22.238569
BR,1983,33.315699
BG,1983,12.767022
BF,1983,4.784553
KH,1983,5.373722
CM,1983,11.842464
CA,1983,37.221779
CL,1983,34.531702
CN,1983,7.961159
CO,1983,29.808466
CD,1983,11.817901
CG,1983,26.884828
CR,1983,22.932332
CI,1983,16.337254
CU,1983,19.712968
CZ,1983,11.547788
DK,1983,20.949120
DO,1983,21.248658
EC,1983,24.938673
EG,1983,22.125265
SV,1983,15.865385
ET,1983,3.524154
FI,1983,14.511573
FR,1983,22.441038
GE,1983,21.981385
DE,1983,7.607706
GH,1983,11.809445
GR,1983,30.847263
GT,1983,10.130679
GN,1983,14.394262
HT,1983,13.056289
HN,1983,10.736465
HK,1983,0.000000
HU,1983,19.185079
IN,1983,9.142262
ID,1983,9.606504
IR,1983,23.964516
IQ,1983,25.835176
IE,1983,26.189954
IL,1983,47.484799
IT,1983,18.801057
JP,1983,43.674952
JO,1983,28.255920
KZ,1983,6.526726
KE,1983,5.441422
KP,1983,11.299780
KR,1983,44.724868
KW,1983,64.261509
LB,1983,57.685512
LR,1983,0.000000
LY,1983,20.207161
MG,1983,7.239332
MY,1983,8.123082
ML,1983,7.357211
MX,1983,32.768762
MA,1983,17.857849
MZ,1983,4.699099
MM,1983,8.525871
NL,1983,12.796165
NZ,1983,24.716640
NI,1983,0.000000
NE,1983,4.864100
NG,1983,10.758981
PK,1983,15.270057
PA,1983,32.401876
PY,1983,24.372395
PE,1983,26.036936
PH,1983,13.752060
PL,1983,4.330699
PT,1983,36.563996
PR,1983,40.004650
RO,1983,8.492999
RU,1983,16.650282
SA,1983,28.927459
SN,1983,17.502737
RS,1983,0.000000
SG,1983,96.350466
SO,1983,9.943090
ZA,1983,26.626073
ES,1983,21.638003
SD,1983,6.104959
SE,1983,12.027896
CH,1983,12.100763
SY,1983,31.119216
TZ,1983,4.665560
TH,1983,9.997811
TG,1983,13.261147
TR,1983,20.443273
UG,1983,3.901250
UA,1983,11.905344
AE,1983,24.384492
GB,1983,26.970585
US,1983,40.853519
UY,1983,50.022554
UZ,1983,11.010976
VE,1983,34.302799
VN,1983,9.400721
YE,1983,3.468143
ZM,1983,9.319778
ZW,1983,8.439837
AF,1984,6.997855
DZ,1984,7.754443
AO,1984,13.789169
AR,1984,40.061930
AM,1984,33.645213
AU,1984,60.753731
AT,1984,20.312593
AZ,1984,25.031937
BD,1984,6.660362
BY,1984,14.544874
BE,1984,16.797077
BO,1984,22.631527
BR,1984,33.430205
BG,1984,12.988964
BF,1984,5.131856
KH,1984,5.316966
CM,1984,12.189951
CA,1984,37.556132
CL,1984,34.615787
CN,1984,8.097461
CO,1984,29.994639
CD,1984,11.906274
CG,1984,27.713432
CR,1984,23.115320
CI,1984,16.349224
CU,1984,19.812263
CZ,1984,11.562003
DK,1984,20.811346
DO,1984,21.141057
EC,1984,25.032967
EG,1984,22.076763
SV,1984,16.175187
ET,1984,3.574264
FI,1984,14.625051
FR,1984,22.501500
GE,1984,22.129964
DE,1984,7.603652
GH,1984,11.787477
GR,1984,30.740744
GT,1984,9.950897
GN,1984,14.474955
HT,1984,13.419016
HN,1984,10.927071
HK,1984,0.000000
HU,1984,19.210624
IN,1984,9.259939
ID,1984,9.678144
IR,1984,24.036889
IQ,1984,25.830586
IE,1984,26.037631
IL,1984,48.851142
IT,1984,18.760793
JP,1984,43.870383
JO,1984,28.007164
KZ,1984,6.526018
KE,1984,5.492936
KP,1984,11.507228
KR,1984,45.700109
KW,1984,64.744958
LB,1984,56.168130
LR,1984,0.000000
LY,1984,19.856813
MG,1984,7.412876
MY,1984,8.125990
ML,1984,7.546049
MX,1984,32.851082
MA,1984,17.857564
MZ,1984,4.787622
MM,1984,8.521212
NL,1984,12.713887
NZ,1984,24.715968
NI,1984,0.000000
NE,1984,4.949915
NG,1984,10.949134
PK,1984,15.358483
PA,1984,32.760583
PY,1984,24.516565
PE,1984,26.116247
PH,1984,13.790305
PL,1984,4.307509
PT,1984,36.524707
PR,1984,40.443750
RO,1984,8.542351
RU,1984,16.680656
SA,1984,29.301961
SN,1984,17.673049
RS,1984,0.000000
SG,1984,96.885212
SO,1984,10.909991
ZA,1984,26.639747
ES,1984,21.649928
SD,1984,6.388278
SE,1984,12.080449
CH,1984,12.511751
SY,1984,30.829677
TZ,1984,4.730212
TH,1984,10.014970
TG,1984,13.578649
TR,1984,20.866044
UG,1984,3.963490
UA,1984,12.007930
AE,1984,24.403590
GB,1984,26.851720
US,1984,40.962199
UY,1984,50.064690
UZ,1984,10.888861
VE,1984,34.078746
VN,1984,9.385760
YE,1984,3.707881
ZM,1984,9.346628
ZW,1984,8.612312
AF,1985,6.853887
DZ,1985,7.568037
AO,1985,13.881184
AR,1985,39.956066
AM,1985,33.626552
AU,1985,60.768879
AT,1985,20.315751
AZ,1985,24.897646
BD,1985,6.898117
BY,1985,14.775900
BE,1985,16.774488
BO,1985,23.029720
BR,1985,33.575770
BG,1985,13.214115
BF,1985,5.497502
KH,1985,5.272434
CM,1985,12.539224
CA,1985,37.907270
CL,1985,34.692487
CN,1985,8.235560
CO,1985,30.189091
CD,1985,12.060970
CG,1985,28.160464
CR,1985,23.231382
CI,1985,16.385681
CU,1985,19.880814
CZ,1985,11.577291
DK,1985,20.658721
DO,1985,21.040063
EC,1985,25.136516
EG,1985,22.020033
SV,1985,16.493816
ET,1985,3.596531
FI,1985,14.757344
FR,1985,22.560651
GE,1985,22.268859
DE,1985,7.611078
GH,1985,11.879239
GR,1985,30.669136
GT,1985,9.778957
GN,1985,14.537202
HT,1985,13.796104
HN,1985,11.121499
HK,1985,92.920109
HU,1985,19.243515
IN,1985,9.385828
ID,1985,9.755764
IR,1985,24.084609
IQ,1985,25.824552
IE,1985,25.989746
IL,1985,50.025349
IT,1985,18.719866
JP,1985,44.075944
JO,1985,27.825719
KZ,1985,6.525107
KE,1985,5.547283
KP,1985,11.726607
KR,1985,46.815718
KW,1985,65.520794
LB,1985,54.825551
LR,1985,0.000000
LY,1985,19.626469
MG,1985,7.583461
MY,1985,8.123249
ML,1985,7.736321
MX,1985,32.952252
MA,1985,17.877727
MZ,1985,4.904187
MM,1985,8.525281
NL,1985,12.670301
NZ,1985,24.810576
NI,1985,16.737279
NE,1985,5.035953
NG,1985,11.141611
PK,1985,15.447633
PA,1985,33.130597
PY,1985,24.669880
PE,1985,26.202331
PH,1985,13.832276
PL,1985,4.290985
PT,1985,36.529826
PR,1985,40.892271
RO,1985,8.581281
RU,1985,16.707489
SA,1985,29.735172
SN,1985,17.841212
RS,1985,0.000000
SG,1985,98.998172
SO,1985,11.746539
ZA,1985,26.693162
ES,1985,21.671597
SD,1985,6.699865
SE,1985,12.122886
CH,1985,12.925564
SY,1985,30.581384
TZ,1985,4.796215
TH,1985,10.046936
TG,1985,13.920398
TR,1985,21.314481
UG,1985,4.019653
UA,1985,12.117876
AE,1985,24.433981
GB,1985,26.715887
US,1985,41.066997
UY,1985,50.106592
UZ,1985,10.772576
VE,1985,33.897010
VN,1985,9.351293
YE,1985,3.964309
ZM,1985,9.375332
ZW,1985,8.796699
AF,1986,6.762811
DZ,1986,7.396423
AO,1986,14.020844
AR,1986,39.841904
AM,1986,33.559183
AU,1986,60.622028
AT,1986,20.300119
AZ,1986,24.756055
BD,1986,7.151195
BY,1986,15.007209
BE,1986,16.753620
BO,1986,23.436772
BR,1986,33.757063
BG,1986,13.314257
BF,1986,5.720978
KH,1986,5.457074
CM,1986,12.893036
CA,1986,38.250779
CL,1986,34.767403
CN,1986,8.370697
CO,1986,30.350904
CD,1986,12.227613
CG,1986,28.253847
CR,1986,23.356514
CI,1986,16.451176
CU,1986,19.913018
CZ,1986,11.600503
DK,1986,20.508729
DO,1986,20.947485
EC,1986,25.253954
EG,1986,21.956637
SV,1986,16.824528
ET,1986,3.620156
FI,1986,15.103741
FR,1986,22.620342
GE,1986,22.391084
DE,1986,7.644155
GH,1986,12.003169
GR,1986,30.622772
GT,1986,9.615119
GN,1986,14.588828
HT,1986,14.192452
HN,1986,11.322689
HK,1986,0.000000
HU,1986,19.284915
IN,1986,9.504121
ID,1986,9.840718
IR,1986,24.232301
IQ,1986,25.823289
IE,1986,26.001694
IL,1986,51.345104
IT,1986,18.683419
JP,1986,44.395497
JO,1986,27.606924
KZ,1986,6.551561
KE,1986,5.606142
KP,1986,11.962110
KR,1986,47.713624
KW,1986,65.392797
LB,1986,53.693807
LR,1986,0.000000
LY,1986,19.517503
MG,1986,7.751862
MY,1986,8.115589
ML,1986,7.929253
MX,1986,33.075487
MA,1986,17.922017
MZ,1986,5.056512
MM,1986,8.539287
NL,1986,12.664576
NZ,1986,25.046994
NI,1986,0.000000
NE,1986,5.123047
NG,1986,11.337756
PK,1986,15.541124
PA,1986,33.516166
PY,1986,24.838377
PE,1986,26.297597
PH,1986,13.879959
PL,1986,4.278914
PT,1986,36.619607
PR,1986,41.353977
RO,1986,8.621413
RU,1986,16.744546
SA,1986,30.227909
SN,1986,18.009803
RS,1986,0.000000
SG,1986,101.246286
SO,1986,12.521412
ZA,1986,26.843635
ES,1986,21.707285
SD,1986,7.046212
SE,1986,12.155424
CH,1986,13.341651
SY,1986,30.379514
TZ,1986,4.865339
TH,1986,10.096084
TG,1986,14.289874
TR,1986,21.731434
UG,1986,4.070135
UA,1986,12.225393
AE,1986,24.525169
GB,1986,26.580040
US,1986,41.162577
UY,1986,50.072812
UZ,1986,10.663770
VE,1986,33.757921
VN,1986,9.289304
YE,1986,4.227379
ZM,1986,9.407074
ZW,1986,8.997187
AF,1987,6.643002
DZ,1987,7.269808
AO,1987,14.197764
AR,1987,39.722253
AM,1987,33.470685
AU,1987,60.565811
AT,1987,20.289898
AZ,1987,24.607486
BD,1987,7.419760
BY,1987,15.242844
BE,1987,16.725998
BO,1987,23.853119
BR,1987,33.971383
BG,1987,13.288418
BF,1987,5.816531
KH,1987,5.659636
CM,1987,13.207080
CA,1987,38.644143
CL,1987,34.838733
CN,1987,8.502910
CO,1987,30.505697
CD,1987,12.406496
CG,1987,28.361466
CR,1987,23.489968
CI,1987,16.541885
CU,1987,19.914935
CZ,1987,11.622652
DK,1987,20.385801
DO,1987,20.862437
EC,1987,25.385646
EG,1987,21.744332
SV,1987,17.166512
ET,1987,3.643879
FI,1987,15.670485
FR,1987,22.675884
GE,1987,22.507054
DE,1987,7.898889
GH,1987,12.151426
GR,1987,30.555355
GT,1987,9.457891
GN,1987,14.631520
HT,1987,14.607122
HN,1987,11.531249
HK,1987,0.000000
HU,1987,19.332425
IN,1987,9.629755
ID,1987,9.932529
IR,1987,24.144716
IQ,1987,25.822699
IE,1987,25.927009
IL,1987,52.667338
IT,1987,18.646209
JP,1987,44.808130
JO,1987,27.407027
KZ,1987,6.578118
KE,1987,5.669309
KP,1987,12.210812
KR,1987,48.480697
KW,1987,65.287560
LB,1987,52.698610
LR,1987,0.000000
LY,1987,19.505476
MG,1987,7.918250
MY,1987,8.104543
ML,1987,8.119207
MX,1987,33.219097
MA,1987,17.987994
MZ,1987,5.240193
MM,1987,8.562145
NL,1987,12.648006
NZ,1987,25.196641
NI,1987,0.000000
NE,1987,5.210572
NG,1987,11.539414
PK,1987,15.639850
PA,1987,33.915157
PY,1987,25.020665
PE,1987,26.402709
PH,1987,13.932909
PL,1987,4.272172
PT,1987,36.768451
PR,1987,41.827801
RO,1987,8.654721
RU,1987,16.785140
SA,1987,30.792241
SN,1987,18.178578
RS,1987,0.000000
SG,1987,101.760505
SO,1987,13.252508
ZA,1987,27.018338
ES,1987,21.755122
SD,1987,7.426319
SE,1987,12.175057
CH,1987,13.756791
SY,1987,30.218023
TZ,1987,4.936928
TH,1987,10.160473
TG,1987,14.684373
TR,1987,22.146540
UG,1987,4.116248
UA,1987,12.330468
AE,1987,24.681388
GB,1987,26.450536
US,1987,41.276499
UY,1987,50.006811
UZ,1987,10.561623
VE,1987,33.657420
VN,1987,9.214713
YE,1987,4.487055
ZM,1987,9.441622
ZW,1987,9.214397
AF,1988,6.606296
DZ,1988,7.233580
AO,1988,14.390245
AR,1988,39.602107
AM,1988,33.461456
AU,1988,60.442700
AT,1988,20.242331
AZ,1988,24.477327
BD,1988,7.705371
BY,1988,15.542899
BE,1988,16.657938
BO,1988,24.279705
BR,1988,34.220219
BG,1988,13.268556
BF,1988,5.910397
KH,1988,5.878909
CM,1988,13.388273
CA,1988,39.051783
CL,1988,34.903897
CN,1988,8.642690
CO,1988,30.673308
CD,1988,12.598446
CG,1988,28.483288
CR,1988,23.634498
CI,1988,16.623463
CU,1988,19.902577
CZ,1988,11.643762
DK,1988,20.275361
DO,1988,20.784872
EC,1988,25.533213
EG,1988,21.456955
SV,1988,17.514295
ET,1988,3.667304
FI,1988,16.249687
FR,1988,22.725075
GE,1988,22.660249
DE,1988,7.794621
GH,1988,12.316226
GR,1988,30.491611
GT,1988,9.305636
GN,1988,14.650492
HT,1988,15.041137
HN,1988,11.717150
HK,1988,0.000000
HU,1988,19.373024
IN,1988,9.762325
ID,1988,10.031627
IR,1988,24.055928
IQ,1988,25.749612
IE,1988,26.015861
IL,1988,54.007744
IT,1988,18.602266
JP,1988,45.255378
JO,1988,27.244640
KZ,1988,6.604880
KE,1988,5.737077
KP,1988,12.323548
KR,1988,49.266208
KW,1988,65.211491
LB,1988,51.654227
LR,1988,0.000000
LY,1988,19.563725
MG,1988,8.083492
MY,1988,8.094703
ML,1988,8.285519
MX,1988,33.383038
MA,1988,18.075903
MZ,1988,5.434591
MM,1988,8.593139
NL,1988,12.630359
NZ,1988,25.220866
NI,1988,0.000000
NE,1988,5.297580
NG,1988,11.749865
PK,1988,15.740011
PA,1988,34.325872
PY,1988,25.219728
PE,1988,26.520967
PH,1988,13.992584
PL,1988,4.266719
PT,1988,36.952618
PR,1988,42.315035
RO,1988,8.689620
RU,1988,16.834378
SA,1988,31.491096
SN,1988,18.347706
RS,1988,0.000000
SG,1988,101.257941
SO,1988,13.977365
ZA,1988,27.229905
ES,1988,21.807906
SD,1988,7.836563
SE,1988,12.183381
CH,1988,14.222850
SY,1988,30.095914
TZ,1988,5.009084
TH,1988,10.237488
TG,1988,15.116028
TR,1988,22.583439
UG,1988,4.160984
UA,1988,12.429421
AE,1988,24.860692
GB,1988,26.319702
US,1988,41.391227
UY,1988,49.940485
UZ,1988,10.464682
VE,1988,33.593224
VN,1988,9.144677
YE,1988,4.759280
ZM,1988,9.480739
ZW,1988,9.453629
AF,1989,6.675651
DZ,1989,7.203239
AO,1989,14.565574
AR,1989,39.485669
AM,1989,33.337125
AU,1989,60.285018
AT,1989,20.156917
AZ,1989,24.376909
BD,1989,8.006922
BY,1989,15.720423
BE,1989,16.751650
BO,1989,24.712315
BR,1989,34.499485
BG,1989,13.418903
BF,1989,6.003306
KH,1989,6.108275
CM,1989,13.575034
CA,1989,39.268195
CL,1989,34.955339
CN,1989,8.797570
CO,1989,30.850901
CD,1989,12.803115
CG,1989,28.613339
CR,1989,23.788546
CI,1989,16.644591
CU,1989,19.897032
CZ,1989,11.667082
DK,1989,20.192870
DO,1989,20.712605
EC,1989,25.693952
EG,1989,21.199727
SV,1989,17.857262
ET,1989,3.688741
FI,1989,16.872431
FR,1989,22.654378
GE,1989,22.629919
DE,1989,7.879108
GH,1989,12.482972
GR,1989,30.376987
GT,1989,9.156015
GN,1989,14.625721
HT,1989,15.490507
HN,1989,11.749570
HK,1989,0.000000
HU,1989,19.414891
IN,1989,9.901623
ID,1989,10.136813
IR,1989,24.061434
IQ,1989,25.644630
IE,1989,26.142100
IL,1989,55.357880
IT,1989,18.553437
JP,1989,45.713592
JO,1989,27.060275
KZ,1989,6.612524
KE,1989,5.808093
KP,1989,12.434181
KR,1989,50.070588
KW,1989,65.091406
LB,1989,47.590757
LR,1989,0.000000
LY,1989,19.654981
MG,1989,8.246736
MY,1989,8.090201
ML,1989,8.453156
MX,1989,33.563000
MA,1989,18.182453
MZ,1989,5.605701
MM,1989,8.630092
NL,1989,12.618183
NZ,1989,25.226369
NI,1989,0.000000
NE,1989,5.381058
NG,1989,11.970504
PK,1989,15.853381
PA,1989,34.739655
PY,1989,25.433059
PE,1989,26.652571
PH,1989,14.058229
PL,1989,4.272231
PT,1989,37.156476
PR,1989,42.812750
RO,1989,8.730688
RU,1989,16.827876
SA,1989,32.387931
SN,1989,18.487358
RS,1989,0.000000
SG,1989,100.477857
SO,1989,14.769054
ZA,1989,27.487417
ES,1989,21.863542
SD,1989,8.266236
SE,1989,12.163076
CH,1989,14.583933
SY,1989,30.006101
TZ,1989,5.089330
TH,1989,10.321939
TG,1989,15.415829
TR,1989,23.031913
UG,1989,4.206960
UA,1989,12.431252
AE,1989,25.069235
GB,1989,26.180299
US,1989,41.495562
UY,1989,49.867189
UZ,1989,10.357376
VE,1989,33.558546
VN,1989,9.092993
YE,1989,5.033684
ZM,1989,9.524563
ZW,1989,9.717611
AF,1990,6.903327
DZ,1990,7.178317
AO,1990,14.706588
AR,1990,39.379239
AM,1990,33.134698
AU,1990,60.258457
AT,1990,19.960181
AZ,1990,24.213605
BD,1990,8.327212
BY,1990,15.772618
BE,1990,16.857485
BO,1990,25.155654
BR,1990,34.811971
BG,1990,13.658431
BF,1990,6.097608
KH,1990,6.346679
CM,1990,13.773610
CA,1990,39.602652
CL,1990,34.994229
CN,1990,8.970101
CO,1990,31.042019
CD,1990,12.968070
CG,1990,28.755944
CR,1990,23.956035
CI,1990,16.669366
CU,1990,19.914594
CZ,1990,11.696131
DK,1990,20.141829
DO,1990,20.646864
EC,1990,25.872098
EG,1990,20.982407
SV,1990,18.192965
ET,1990,3.708366
FI,1990,17.474408
FR,1990,22.668926
GE,1990,22.414528
DE,1990,7.904321
GH,1990,12.645585
GR,1990,30.210088
GT,1990,9.007992
GN,1990,14.552646
HT,1990,15.957890
HN,1990,11.788942
HK,1990,99.516732
HU,1990,19.329191
IN,1990,10.049191
ID,1990,10.249144
IR,1990,24.164592
IQ,1990,25.541645
IE,1990,26.138713
IL,1990,55.961030
IT,1990,18.503539
JP,1990,46.209181
JO,1990,26.860915
KZ,1990,6.606979
KE,1990,5.889089
KP,1990,12.540031
KR,1990,50.806366
KW,1990,65.499388
LB,1990,43.456242
LR,1990,0.000000
LY,1990,19.756500
MG,1990,8.410344
MY,1990,8.095230
ML,1990,8.624068
MX,1990,33.734924
MA,1990,18.308550
MZ,1990,5.728201
MM,1990,8.672686
NL,1990,12.620459
NZ,1990,25.222767
NI,1990,17.758051
NE,1990,5.461780
NG,1990,12.206176
PK,1990,15.969947
PA,1990,35.116686
PY,1990,25.665347
PE,1990,26.802535
PH,1990,14.140034
PL,1990,4.271653
PT,1990,37.399758
PR,1990,43.505768
RO,1990,8.788469
RU,1990,16.780213
SA,1990,33.538776
SN,1990,18.635881
RS,1990,14.891893
SG,1990,98.995077
SO,1990,15.695119
ZA,1990,27.808537
ES,1990,21.924704
SD,1990,8.711387
SE,1990,12.130658
CH,1990,14.985980
SY,1990,29.949257
TZ,1990,5.168333
TH,1990,10.390099
TG,1990,15.762828
TR,1990,23.490605
UG,1990,4.257338
UA,1990,12.360431
AE,1990,25.317621
GB,1990,26.032088
US,1990,41.563372
UY,1990,49.783920
UZ,1990,10.240678
VE,1990,33.552689
VN,1990,9.096217
YE,1990,5.306899
ZM,1990,9.575299
ZW,1990,10.012951
AF,1991,7.292724
DZ,1991,7.157690
AO,1991,14.805316
AR,1991,39.282809
AM,1991,33.258126
AU,1991,60.356798
AT,1991,19.746121
AZ,1991,23.928249
BD,1991,8.615428
BY,1991,15.846782
BE,1991,16.951072
BO,1991,25.608297
BR,1991,35.157938
BG,1991,13.789261
BF,1991,6.192840
KH,1991,6.373526
CM,1991,13.983854
CA,1991,39.968292
CL,1991,35.018678
CN,1991,9.284869
CO,1991,31.246034
CD,1991,13.091619
CG,1991,28.903276
CR,1991,24.138802
CI,1991,16.696565
CU,1991,19.891543
CZ,1991,11.763158
DK,1991,20.083430
DO,1991,20.586665
EC,1991,25.993279
EG,1991,20.805993
SV,1991,18.516727
ET,1991,3.726077
FI,1991,17.844136
FR,1991,22.668422
GE,1991,22.346349
DE,1991,7.910362
GH,1991,12.802167
GR,1991,29.982417
GT,1991,8.860893
GN,1991,14.428373
HT,1991,16.443430
HN,1991,11.834538
HK,1991,0.000000
HU,1991,19.109154
IN,1991,10.185364
ID,1991,10.227106
IR,1991,24.419893
IQ,1991,25.515440
IE,1991,26.010239
IL,1991,54.945302
IT,1991,18.456325
JP,1991,46.416286
JO,1991,24.731932
KZ,1991,6.600073
KE,1991,5.975018
KP,1991,12.639662
KR,1991,51.074529
KW,1991,102.644534
LB,1991,39.298335
LR,1991,0.000000
LY,1991,19.862614
MG,1991,8.574057
MY,1991,8.111040
ML,1991,8.797370
MX,1991,33.857230
MA,1991,18.454026
MZ,1991,5.790388
MM,1991,8.720950
NL,1991,12.637007
NZ,1991,25.325971
NI,1991,0.000000
NE,1991,5.539134
NG,1991,12.456998
PK,1991,16.087468
PA,1991,35.223956
PY,1991,25.916350
PE,1991,26.970794
PH,1991,14.269569
PL,1991,4.274521
PT,1991,37.372250
PR,1991,44.846369
RO,1991,8.876062
RU,1991,16.760150
SA,1991,35.270842
SN,1991,18.793094
RS,1991,14.914288
SG,1991,98.749290
SO,1991,16.789062
ZA,1991,28.091227
ES,1991,22.022841
SD,1991,9.169796
SE,1991,12.198679
CH,1991,15.075603
SY,1991,29.919687
TZ,1991,5.242631
TH,1991,10.327002
TG,1991,16.165375
TR,1991,23.798528
UG,1991,4.290146
UA,1991,12.292749
AE,1991,25.607860
GB,1991,25.915568
US,1991,41.651899
UY,1991,49.689741
UZ,1991,10.088044
VE,1991,33.410967
VN,1991,9.106700
YE,1991,5.575406
ZM,1991,9.633059
ZW,1991,10.342489
AF,1992,7.738278
DZ,1992,7.142499
AO,1992,15.143514
AR,1992,39.190912
AM,1992,33.669773
AU,1992,60.305127
AT,1992,19.800864
AZ,1992,23.655188
BD,1992,8.800729
BY,1992,15.894920
BE,1992,16.930164
BO,1992,26.085512
BR,1992,35.369786
BG,1992,13.932494
BF,1992,6.289000
KH,1992,6.405309
CM,1992,14.206603
CA,1992,40.068732
CL,1992,34.991434
CN,1992,9.630578
CO,1992,31.464022
CD,1992,13.228708
CG,1992,29.061712
CR,1992,24.337015
CI,1992,16.731022
CU,1992,19.823376
CZ,1992,11.708442
DK,1992,20.038840
DO,1992,20.533224
EC,1992,26.083518
EG,1992,20.664089
SV,1992,18.834229
ET,1992,3.743369
FI,1992,17.979691
FR,1992,22.659650
GE,1992,22.408013
DE,1992,7.910034
GH,1992,12.958379
GR,1992,29.773510
GT,1992,8.715220
GN,1992,14.272310
HT,1992,16.949737
HN,1992,11.887463
HK,1992,0.000000
HU,1992,18.897643
IN,1992,10.298741
ID,1992,10.141140
IR,1992,24.472331
IQ,1992,25.490858
IE,1992,26.044011
IL,1992,55.354870
IT,1992,18.408372
JP,1992,46.550004
JO,1992,24.184008
KZ,1992,6.639161
KE,1992,6.066002
KP,1992,12.736791
KR,1992,51.069253
KW,1992,0.000000
LB,1992,38.513955
LR,1992,0.000000
LY,1992,19.978604
MG,1992,8.738654
MY,1992,8.114897
ML,1992,8.973497
MX,1992,33.992459
MA,1992,18.619856
MZ,1992,5.803307
MM,1992,8.775384
NL,1992,12.662933
NZ,1992,25.681315
NI,1992,0.000000
NE,1992,5.613782
NG,1992,12.613561
PK,1992,16.211587
PA,1992,35.331675
PY,1992,26.188145
PE,1992,27.157771
PH,1992,14.408453
PL,1992,4.278053
PT,1992,37.499518
PR,1992,46.259319
RO,1992,9.042323
RU,1992,16.735052
SA,1992,37.099039
SN,1992,18.959283
RS,1992,14.799061
SG,1992,98.499582
SO,1992,17.053604
ZA,1992,28.289150
ES,1992,22.220773
SD,1992,9.645598
SE,1992,12.369728
CH,1992,14.994982
SY,1992,29.917663
TZ,1992,5.314583
TH,1992,10.267947
TG,1992,16.617899
TR,1992,24.040917
UG,1992,4.301537
UA,1992,12.215934
AE,1992,25.927800
GB,1992,25.946534
US,1992,41.724837
UY,1992,49.586557
UZ,1992,9.857555
VE,1992,33.189859
VN,1992,9.124748
YE,1992,5.845639
ZM,1992,9.697979
ZW,1992,10.709439
AF,1993,7.751654
DZ,1993,7.134826
AO,1993,15.478704
AR,1993,39.107786
AM,1993,34.274729
AU,1993,60.394770
AT,1993,19.448599
AZ,1993,23.384069
BD,1993,8.993470
BY,1993,15.941488
BE,1993,16.911101
BO,1993,26.715287
BR,1993,35.566613
BG,1993,13.986178
BF,1993,6.385554
KH,1993,6.444436
CM,1993,14.441229
CA,1993,40.223272
CL,1993,34.781144
CN,1993,10.005165
CO,1993,31.691843
CD,1993,13.379326
CG,1993,29.251316
CR,1993,24.540081
CI,1993,16.774883
CU,1993,19.774403
CZ,1993,11.649598
DK,1993,20.004355
DO,1993,20.487437
EC,1993,26.195107
EG,1993,20.545391
SV,1993,19.023629
ET,1993,3.761742
FI,1993,18.130497
FR,1993,22.665950
GE,1993,22.559722
DE,1993,7.913755
GH,1993,13.117407
GR,1993,29.608647
GT,1993,8.571516
GN,1993,14.119542
HT,1993,17.339533
HN,1993,11.948564
HK,1993,0.000000
HU,1993,18.703074
IN,1993,10.414764
ID,1993,10.060520
IR,1993,24.453206
IQ,1993,25.465198
IE,1993,26.145736
IL,1993,56.211462
IT,1993,18.361473
JP,1993,46.684583
JO,1993,23.797888
KZ,1993,6.718174
KE,1993,6.162732
KP,1993,12.835914
KR,1993,51.093268
KW,1993,0.000000
LB,1993,37.629221
LR,1993,0.000000
LY,1993,20.099431
MG,1993,8.902958
MY,1993,8.123182
ML,1993,9.152422
MX,1993,34.137642
MA,1993,18.802542
MZ,1993,5.787778
MM,1993,8.834182
NL,1993,12.695044
NZ,1993,26.014277
NI,1993,0.000000
NE,1993,5.685286
NG,1993,12.702248
PK,1993,16.335451
PA,1993,35.437799
PY,1993,26.388535
PE,1993,27.359455
PH,1993,14.554183
PL,1993,4.279745
PT,1993,37.691057
PR,1993,47.618101
RO,1993,8.993281
RU,1993,16.700828
SA,1993,37.635847
SN,1993,19.130757
RS,1993,14.681439
SG,1993,98.848529
SO,1993,17.331285
ZA,1993,28.484269
ES,1993,22.424046
SD,1993,10.077291
SE,1993,12.542920
CH,1993,14.942145
SY,1993,29.943486
TZ,1993,5.388185
TH,1993,10.216217
TG,1993,17.086913
TR,1993,24.285236
UG,1993,4.315837
UA,1993,12.168113
AE,1993,26.238485
GB,1993,25.985726
US,1993,41.829165
UY,1993,49.474585
UZ,1993,9.639258
VE,1993,32.989286
VN,1993,9.149566
YE,1993,6.128869
ZM,1993,9.765719
ZW,1993,10.727899
AF,1994,7.765316
DZ,1994,7.138776
AO,1994,15.507858
AR,1994,39.034318
AM,1994,34.912633
AU,1994,60.438381
AT,1994,19.461527
AZ,1994,23.154890
BD,1994,9.194438
BY,1994,16.043102
BE,1994,16.906412
BO,1994,27.372547
BR,1994,35.776103
BG,1994,13.949591
BF,1994,6.484236
KH,1994,6.872463
CM,1994,14.692429
CA,1994,40.435012
CL,1994,34.597314
CN,1994,10.407860
CO,1994,31.945014
CD,1994,13.544226
CG,1994,29.506278
CR,1994,24.741788
CI,1994,16.836727
CU,1994,19.739281
CZ,1994,11.599981
DK,1994,20.021556
DO,1994,20.457686
EC,1994,26.338130
EG,1994,20.437999
SV,1994,19.195030
ET,1994,3.784274
FI,1994,18.286893
FR,1994,22.686723
GE,1994,22.736747
DE,1994,7.885854
GH,1994,13.288728
GR,1994,29.472434
GT,1994,8.446665
GN,1994,14.012960
HT,1994,17.742341
HN,1994,12.022278
HK,1994,0.000000
HU,1994,18.514447
IN,1994,10.538914
ID,1994,9.984757
IR,1994,24.436260
IQ,1994,25.441171
IE,1994,26.298513
IL,1994,57.128024
IT,1994,18.322185
JP,1994,46.776472
JO,1994,23.569017
KZ,1994,6.851925
KE,1994,6.268777
KP,1994,12.808807
KR,1994,51.142148
KW,1994,0.000000
LB,1994,36.858369
LR,1994,0.000000
LY,1994,20.226088
MG,1994,8.915202
MY,1994,8.136357
ML,1994,9.337483
MX,1994,34.296116
MA,1994,19.002121
MZ,1994,5.772906
MM,1994,8.896793
NL,1994,12.727255
NZ,1994,26.301925
NI,1994,0.000000
NE,1994,5.755556
NG,1994,12.796921
PK,1994,16.460784
PA,1994,35.547779
PY,1994,26.591802
PE,1994,27.421223
PH,1994,14.707892
PL,1994,4.277810
PT,1994,37.834707
PR,1994,48.976813
RO,1994,8.940504
RU,1994,16.705696
SA,1994,37.800106
SN,1994,19.309080
RS,1994,14.598457
SG,1994,98.711524
SO,1994,17.530894
ZA,1994,28.679790
ES,1994,22.639082
SD,1994,10.291446
SE,1994,12.702643
CH,1994,14.905734
SY,1994,30.005901
TZ,1994,5.470884
TH,1994,10.177034
TG,1994,17.533481
TR,1994,24.535872
UG,1994,4.333722
UA,1994,12.187633
AE,1994,26.509546
GB,1994,26.021742
US,1994,41.978077
UY,1994,49.356709
UZ,1994,9.455003
VE,1994,32.810346
VN,1994,9.182057
YE,1994,6.445886
ZM,1994,9.833710
ZW,1994,10.711475
AF,1995,7.779001
DZ,1995,7.156038
AO,1995,15.575952
AR,1995,38.969707
AM,1995,35.445861
AU,1995,60.393033
AT,1995,19.414925
AZ,1995,22.973884
BD,1995,9.402700
BY,1995,16.178654
BE,1995,16.918396
BO,1995,28.061798
BR,1995,35.990966
BG,1995,13.910059
BF,1995,6.584838
KH,1995,7.344961
CM,1995,14.960621
CA,1995,40.704023
CL,1995,34.450868
CN,1995,10.843529
CO,1995,32.214379
CD,1995,13.723714
CG,1995,29.842147
CR,1995,24.935873
CI,1995,16.919990
CU,1995,19.713741
CZ,1995,11.561756
DK,1995,20.052621
DO,1995,20.442399
EC,1995,26.516416
EG,1995,20.332387
SV,1995,19.403964
ET,1995,3.762942
FI,1995,18.459475
FR,1995,22.711285
GE,1995,22.887959
DE,1995,7.862136
GH,1995,13.476570
GR,1995,29.355388
GT,1995,8.384672
GN,1995,13.974923
HT,1995,18.157028
HN,1995,12.109759
HK,1995,100.494453
HU,1995,18.328148
IN,1995,10.667888
ID,1995,9.913110
IR,1995,24.420991
IQ,1995,25.417869
IE,1995,26.226914
IL,1995,58.017926
IT,1995,18.286408
JP,1995,46.849785
JO,1995,23.200548
KZ,1995,7.009428
KE,1995,6.385198
KP,1995,12.660326
KR,1995,50.944548
KW,1995,66.048668
LB,1995,36.318572
LR,1995,0.000000
LY,1995,20.356637
MG,1995,8.912514
MY,1995,8.152214
ML,1995,9.529190
MX,1995,34.467028
MA,1995,18.981347
MZ,1995,5.776271
MM,1995,8.962274
NL,1995,12.737827
NZ,1995,26.558338
NI,1995,18.662318
NE,1995,5.824921
NG,1995,12.896388
PK,1995,16.595273
PA,1995,35.662302
PY,1995,26.812386
PE,1995,27.491022
PH,1995,14.868397
PL,1995,4.280396
PT,1995,37.960237
PR,1995,50.376924
RO,1995,8.898232
RU,1995,16.750301
SA,1995,37.965580
SN,1995,19.492371
RS,1995,14.574363
SG,1995,98.742375
SO,1995,17.584276
ZA,1995,28.874560
ES,1995,22.864217
SD,1995,10.513133
SE,1995,12.882244
CH,1995,14.889376
SY,1995,30.133232
TZ,1995,5.566429
TH,1995,10.152854
TG,1995,17.927693
TR,1995,24.793573
UG,1995,4.354791
UA,1995,12.243356
AE,1995,26.722031
GB,1995,26.055703
US,1995,42.147249
UY,1995,49.234369
UZ,1995,9.288769
VE,1995,32.654271
VN,1995,9.222017
YE,1995,6.661906
ZM,1995,9.899374
ZW,1995,10.715601
AF,1996,7.766196
DZ,1996,7.187347
AO,1996,15.689275
AR,1996,38.913177
AM,1996,35.816902
AU,1996,60.286412
AT,1996,19.398840
AZ,1996,22.826755
BD,1996,9.618934
BY,1996,16.317234
BE,1996,17.004027
BO,1996,28.287376
BR,1996,36.211010
BG,1996,13.885675
BF,1996,6.688177
KH,1996,7.868117
CM,1996,15.247828
CA,1996,40.886920
CL,1996,34.345251
CN,1996,11.316027
CO,1996,32.494792
CD,1996,13.918329
CG,1996,30.275980
CR,1996,25.122346
CI,1996,17.023904
CU,1996,19.698120
CZ,1996,11.535890
DK,1996,20.061289
DO,1996,20.441374
EC,1996,26.732191
EG,1996,20.227287
SV,1996,19.655461
ET,1996,3.728487
FI,1996,18.666810
FR,1996,22.736577
GE,1996,22.993965
DE,1996,7.815688
GH,1996,13.683213
GR,1996,29.257046
GT,1996,8.324932
GN,1996,14.008643
HT,1996,18.584498
HN,1996,12.211995
HK,1996,0.000000
HU,1996,18.149344
IN,1996,10.802453
ID,1996,9.845477
IR,1996,24.420256
IQ,1996,25.304286
IE,1996,26.231035
IL,1996,58.323823
IT,1996,18.245820
JP,1996,46.935924
JO,1996,22.656342
KZ,1996,7.153586
KE,1996,6.512978
KP,1996,12.529203
KR,1996,50.674278
KW,1996,65.812988
LB,1996,36.032351
LR,1996,0.000000
LY,1996,20.151249
MG,1996,8.909804
MY,1996,8.170571
ML,1996,9.729183
MX,1996,34.665383
MA,1996,18.923229
MZ,1996,5.801530
MM,1996,9.029693
NL,1996,12.724618
NZ,1996,26.714067
NI,1996,0.000000
NE,1996,5.893376
NG,1996,13.001434
PK,1996,16.733350
PA,1996,35.782907
PY,1996,27.051694
PE,1996,27.573469
PH,1996,14.781134
PL,1996,4.284510
PT,1996,38.090661
PR,1996,51.717139
RO,1996,8.865132
RU,1996,16.852194
SA,1996,38.133827
SN,1996,19.681336
RS,1996,14.615330
SG,1996,97.878661
SO,1996,17.469710
ZA,1996,29.058688
ES,1996,23.092675
SD,1996,10.742698
SE,1996,13.062603
CH,1996,14.903251
SY,1996,30.303846
TZ,1996,5.676422
TH,1996,10.145809
TG,1996,18.259224
TR,1996,25.058885
UG,1996,4.379413
UA,1996,12.311408
AE,1996,26.930186
GB,1996,26.092929
US,1996,42.334522
UY,1996,49.196319
UZ,1996,9.115815
VE,1996,32.519234
VN,1996,9.263347
YE,1996,6.789555
ZM,1996,9.961594
ZW,1996,10.738161
AF,1997,7.752895
DZ,1997,7.230086
AO,1997,16.273854
AR,1997,38.864533
AM,1997,36.044367
AU,1997,60.342604
AT,1997,19.396745
AZ,1997,22.691312
BD,1997,9.842067
BY,1997,16.471602
BE,1997,17.083450
BO,1997,28.532439
BR,1997,36.435543
BG,1997,13.861881
BF,1997,6.906598
KH,1997,8.442957
CM,1997,15.550676
CA,1997,41.153025
CL,1997,34.274203
CN,1997,11.825693
CO,1997,32.783371
CD,1997,14.128171
CG,1997,30.828953
CR,1997,25.377586
CI,1997,17.145319
CU,1997,19.693393
CZ,1997,11.504527
DK,1997,20.103838
DO,1997,20.451766
EC,1997,26.980483
EG,1997,20.087587
SV,1997,19.943986
ET,1997,3.698786
FI,1997,18.909498
FR,1997,22.761876
GE,1997,23.064954
DE,1997,7.754849
GH,1997,13.904713
GR,1997,29.179094
GT,1997,8.266104
GN,1997,14.099302
HT,1997,18.705439
HN,1997,12.326058
HK,1997,0.000000
HU,1997,17.978189
IN,1997,10.941425
ID,1997,9.781341
IR,1997,24.407848
IQ,1997,25.190145
IE,1997,26.199113
IL,1997,58.063485
IT,1997,18.200902
JP,1997,47.003365
JO,1997,22.124493
KZ,1997,7.305378
KE,1997,6.649926
KP,1997,12.413489
KR,1997,50.251771
KW,1997,65.924091
LB,1997,35.938360
LR,1997,0.000000
LY,1997,19.892079
MG,1997,8.906599
MY,1997,8.192478
ML,1997,9.934549
MX,1997,34.875039
MA,1997,18.875200
MZ,1997,5.841433
MM,1997,9.099024
NL,1997,12.684629
NZ,1997,26.789998
NI,1997,0.000000
NE,1997,5.959768
NG,1997,13.110582
PK,1997,16.879393
PA,1997,35.906832
PY,1997,27.306047
PE,1997,27.667072
PH,1997,14.647863
PL,1997,4.288430
PT,1997,38.198474
PR,1997,53.189872
RO,1997,8.824971
RU,1997,16.993544
SA,1997,38.300197
SN,1997,19.873244
RS,1997,14.712514
SG,1997,97.774131
SO,1997,17.220632
ZA,1997,29.243644
ES,1997,23.315069
SD,1997,10.869481
SE,1997,13.193540
CH,1997,14.957209
SY,1997,30.498114
TZ,1997,5.797771
TH,1997,10.152283
TG,1997,18.540241
TR,1997,25.329832
UG,1997,4.406403
UA,1997,12.383077
AE,1997,27.148397
GB,1997,26.129650
US,1997,42.508513
UY,1997,48.987315
UZ,1997,8.958060
VE,1997,32.403502
VN,1997,9.327334
YE,1997,6.944337
ZM,1997,10.021151
ZW,1997,10.779117
AF,1998,7.739874
DZ,1998,7.281218
AO,1998,16.895211
AR,1998,38.831688
AM,1998,36.142828
AU,1998,60.446540
AT,1998,19.382068
AZ,1998,22.558853
BD,1998,10.074483
BY,1998,16.636101
BE,1998,17.166873
BO,1998,28.798144
BR,1998,36.670124
BG,1998,13.857043
BF,1998,7.225459
KH,1998,8.889077
CM,1998,15.869501
CA,1998,41.502772
CL,1998,34.233787
CN,1998,12.384245
CO,1998,33.084994
CD,1998,14.346137
CG,1998,31.419726
CR,1998,25.643950
CI,1998,17.292625
CU,1998,19.697612
CZ,1998,11.471311
DK,1998,20.134333
DO,1998,20.472626
EC,1998,27.261109
EG,1998,19.927489
SV,1998,20.267641
ET,1998,3.672942
FI,1998,19.162119
FR,1998,22.784467
GE,1998,23.107535
DE,1998,7.693296
GH,1998,14.141475
GR,1998,29.129525
GT,1998,8.207065
GN,1998,14.232847
HT,1998,18.833145
HN,1998,12.451183
HK,1998,0.000000
HU,1998,17.813924
IN,1998,11.086324
ID,1998,9.720423
IR,1998,24.347436
IQ,1998,25.093095
IE,1998,26.157155
IL,1998,57.928454
IT,1998,18.160535
JP,1998,47.075717
JO,1998,21.605103
KZ,1998,7.471359
KE,1998,6.795554
KP,1998,12.312496
KR,1998,49.948003
KW,1998,67.437395
LB,1998,37.023990
LR,1998,0.000000
LY,1998,19.634420
MG,1998,8.905318
MY,1998,8.222401
ML,1998,10.142477
MX,1998,35.113065
MA,1998,18.838569
MZ,1998,5.891562
MM,1998,9.174558
NL,1998,12.644439
NZ,1998,26.982595
NI,1998,0.000000
NE,1998,6.026461
NG,1998,13.225230
PK,1998,17.027169
PA,1998,36.039919
PY,1998,27.577745
PE,1998,27.776036
PH,1998,14.521633
PL,1998,4.294126
PT,1998,38.284707
PR,1998,54.901628
RO,1998,8.783793
RU,1998,17.123560
SA,1998,38.469367
SN,1998,20.071465
RS,1998,14.855508
SG,1998,97.482532
SO,1998,16.891625
ZA,1998,29.421082
ES,1998,23.519792
SD,1998,11.004424
SE,1998,13.332136
CH,1998,14.994655
SY,1998,30.699285
TZ,1998,5.928399
TH,1998,10.163488
TG,1998,18.805941
TR,1998,25.563102
UG,1998,4.434852
UA,1998,12.453132
AE,1998,27.374945
GB,1998,26.158193
US,1998,42.705633
UY,1998,48.826571
UZ,1998,8.836905
VE,1998,32.309764
VN,1998,9.406925
YE,1998,7.121373
ZM,1998,10.085359
ZW,1998,10.844494
AF,1999,7.726877
DZ,1999,7.335607
AO,1999,17.525616
AR,1999,38.821772
AM,1999,36.159172
AU,1999,60.490458
AT,1999,19.347151
AZ,1999,22.471953
BD,1999,10.316561
BY,1999,16.800070
BE,1999,17.249091
BO,1999,29.079635
BR,1999,36.917470
BG,1999,13.842580
BF,1999,7.552526
KH,1999,8.980910
CM,1999,16.199846
CA,1999,41.873108
CL,1999,34.215065
CN,1999,13.000161
CO,1999,33.400228
CD,1999,14.571641
CG,1999,31.985505
CR,1999,25.934728
CI,1999,17.418161
CU,1999,19.708029
CZ,1999,11.441204
DK,1999,20.157711
DO,1999,20.500214
EC,1999,27.568623
EG,1999,19.768693
SV,1999,20.618671
ET,1999,3.649323
FI,1999,19.420934
FR,1999,22.813969
GE,1999,23.140979
DE,1999,7.658797
GH,1999,14.389696
GR,1999,29.107599
GT,1999,8.145632
GN,1999,14.386977
HT,1999,18.970141
HN,1999,12.583607
HK,1999,0.000000
HU,1999,17.660090
IN,1999,11.236879
ID,1999,9.661997
IR,1999,24.297577
IQ,1999,25.002815
IE,1999,26.093715
IL,1999,57.835151
IT,1999,18.122405
JP,1999,47.178028
JO,1999,21.365965
KZ,1999,7.629599
KE,1999,6.946927
KP,1999,12.224826
KR,1999,49.659399
KW,1999,67.941528
LB,1999,38.226131
LR,1999,0.000000
LY,1999,19.378286
MG,1999,8.906995
MY,1999,8.264494
ML,1999,10.347430
MX,1999,35.364232
MA,1999,18.813924
MZ,1999,5.946603
MM,1999,9.260792
NL,1999,12.592047
NZ,1999,27.274387
NI,1999,0.000000
NE,1999,6.094581
NG,1999,13.344350
PK,1999,17.172781
PA,1999,36.183712
PY,1999,27.864076
PE,1999,27.902089
PH,1999,14.402568
PL,1999,4.302535
PT,1999,38.352919
PR,1999,56.710502
RO,1999,8.740514
RU,1999,17.266710
SA,1999,38.639776
SN,1999,20.275540
RS,1999,14.893147
SG,1999,99.347311
SO,1999,16.550615
ZA,1999,29.583383
ES,1999,23.687148
SD,1999,11.151848
SE,1999,13.467248
CH,1999,15.015504
SY,1999,30.880636
TZ,1999,6.063255
TH,1999,10.167166
TG,1999,19.096933
TR,1999,25.776667
UG,1999,4.462600
UA,1999,12.529928
AE,1999,27.639752
GB,1999,26.176260
US,1999,42.916391
UY,1999,48.705537
UZ,1999,8.732119
VE,1999,32.232300
VN,1999,9.531885
YE,1999,7.310694
ZM,1999,10.161266
ZW,1999,10.941157
AF,2000,8.308952
DZ,2000,7.389858
AO,2000,18.147587
AR,2000,38.839827
AM,2000,36.130341
AU,2000,60.505780
AT,2000,19.337394
AZ,2000,22.438581
BD,2000,10.569809
BY,2000,16.995262
BE,2000,17.326892
BO,2000,29.375953
BR,2000,37.182148
BG,2000,13.998338
BF,2000,7.886226
KH,2000,9.087141
CM,2000,16.540186
CA,2000,42.225888
CL,2000,34.212318
CN,2000,13.679809
CO,2000,33.731572
CD,2000,14.813796
CG,2000,32.485304
CR,2000,26.261816
CI,2000,17.544025
CU,2000,19.722785
CZ,2000,11.408691
DK,2000,20.181030
DO,2000,20.532753
EC,2000,27.900369
EG,2000,19.611196
SV,2000,20.991866
ET,2000,3.626960
FI,2000,19.690245
FR,2000,22.867342
GE,2000,23.179261
DE,2000,7.659455
GH,2000,14.648217
GR,2000,29.122363
GT,2000,8.080829
GN,2000,14.544846
HT,2000,19.582478
HN,2000,12.721483
HK,2000,99.579055
HU,2000,17.503203
IN,2000,11.393761
ID,2000,9.605793
IR,2000,24.258726
IQ,2000,24.913893
IE,2000,25.977269
IL,2000,57.882143
IT,2000,18.079147
JP,2000,47.288585
JO,2000,20.986972
KZ,2000,7.789937
KE,2000,7.092983
KP,2000,12.149246
KR,2000,49.318654
KW,2000,68.458676
LB,2000,39.410776
LR,2000,0.000000
LY,2000,19.124210
MG,2000,8.912928
MY,2000,8.322038
ML,2000,10.546970
MX,2000,35.504862
MA,2000,18.801614
MZ,2000,6.004301
MM,2000,9.361045
NL,2000,12.530455
NZ,2000,27.552102
NI,2000,20.018805
NE,2000,6.165218
NG,2000,13.468418
PK,2000,17.312642
PA,2000,36.341454
PY,2000,28.165137
PE,2000,28.047622
PH,2000,14.301490
PL,2000,4.332952
PT,2000,38.396807
PR,2000,58.654818
RO,2000,8.685773
RU,2000,17.348639
SA,2000,38.937880
SN,2000,20.486696
RS,2000,14.924513
SG,2000,99.762581
SO,2000,16.240643
ZA,2000,29.731484
ES,2000,23.778676
SD,2000,11.315297
SE,2000,13.594746
CH,2000,15.006983
SY,2000,31.026038
TZ,2000,6.199220
TH,2000,10.155427
TG,2000,19.442586
TR,2000,26.011145
UG,2000,4.488589
UA,2000,12.615370
AE,2000,27.969546
GB,2000,26.188721
US,2000,43.148464
UY,2000,48.630330
UZ,2000,8.659643
VE,2000,32.184505
VN,2000,9.880141
YE,2000,7.505984
ZM,2000,10.253850
ZW,2000,11.073673
AF,2001,8.964734
DZ,2001,7.442261
AO,2001,18.749355
AR,2001,38.886445
AM,2001,36.053032
AU,2001,60.424963
AT,2001,19.325749
AZ,2001,22.414410
BD,2001,10.832732
BY,2001,17.200645
BE,2001,17.389579
BO,2001,29.683436
BR,2001,37.430107
BG,2001,14.164488
BF,2001,8.223905
KH,2001,9.206715
CM,2001,16.887202
CA,2001,42.157513
CL,2001,34.223024
CN,2001,14.238498
CO,2001,34.076120
CD,2001,15.072780
CG,2001,32.894544
CR,2001,26.623108
CI,2001,17.703892
CU,2001,19.736728
CZ,2001,11.430849
DK,2001,20.206208
DO,2001,20.568335
EC,2001,28.252155
EG,2001,19.453476
SV,2001,21.385102
ET,2001,3.605383
FI,2001,19.885118
FR,2001,22.911682
GE,2001,23.221415
DE,2001,7.686261
GH,2001,14.913371
GR,2001,29.142590
GT,2001,8.011972
GN,2001,14.702603
HT,2001,20.223502
HN,2001,12.862601
HK,2001,0.000000
HU,2001,17.267209
IN,2001,11.560468
ID,2001,9.559768
IR,2001,24.229354
IQ,2001,24.949092
IE,2001,25.793971
IL,2001,57.957913
IT,2001,18.034550
JP,2001,47.422256
JO,2001,20.614011
KZ,2001,7.942880
KE,2001,7.239525
KP,2001,12.085488
KR,2001,49.005302
KW,2001,69.009495
LB,2001,40.549175
LR,2001,0.000000
LY,2001,18.871657
MG,2001,8.922390
MY,2001,8.391353
ML,2001,10.742008
MX,2001,35.598381
MA,2001,18.800767
MZ,2001,6.067280
MM,2001,9.475921
NL,2001,12.470159
NZ,2001,27.898595
NI,2001,0.000000
NE,2001,6.238048
NG,2001,13.595934
PK,2001,17.442328
PA,2001,36.525933
PY,2001,28.477110
PE,2001,28.210149
PH,2001,14.259089
PL,2001,4.363854
PT,2001,38.383878
PR,2001,60.458371
RO,2001,8.746982
RU,2001,17.473874
SA,2001,39.235595
SN,2001,20.702598
RS,2001,14.933938
SG,2001,98.589463
SO,2001,15.965914
ZA,2001,30.009213
ES,2001,23.800938
SD,2001,11.495188
SE,2001,13.673375
CH,2001,15.004396
SY,2001,31.137413
TZ,2001,6.334364
TH,2001,10.126352
TG,2001,19.846285
TR,2001,26.265761
UG,2001,4.511851
UA,2001,12.701560
AE,2001,28.357585
GB,2001,26.198997
US,2001,43.415612
UY,2001,48.621907
UZ,2001,8.560171
VE,2001,32.136879
VN,2001,10.120920
YE,2001,7.704524
ZM,2001,10.363159
ZW,2001,11.241676
AF,2002,9.673623
DZ,2002,7.494068
AO,2002,19.344454
AR,2002,38.959343
AM,2002,36.050411
AU,2002,60.399117
AT,2002,19.568637
AZ,2002,22.396904
BD,2002,11.100859
BY,2002,17.427385
BE,2002,17.434298
BO,2002,29.993307
BR,2002,37.691806
BG,2002,14.394205
BF,2002,8.569118
KH,2002,9.339937
CM,2002,17.238932
CA,2002,42.418953
CL,2002,34.249581
CN,2002,14.763251
CO,2002,34.437411
CD,2002,15.349390
CG,2002,33.236950
CR,2002,27.021288
CI,2002,17.894978
CU,2002,19.753790
CZ,2002,11.440106
DK,2002,20.286291
DO,2002,20.609063
EC,2002,28.722826
EG,2002,19.296487
SV,2002,21.801121
ET,2002,3.585001
FI,2002,20.005108
FR,2002,22.914850
GE,2002,23.400491
DE,2002,7.696206
GH,2002,15.182950
GR,2002,29.145151
GT,2002,7.940511
GN,2002,14.860645
HT,2002,20.897688
HN,2002,12.915976
HK,2002,0.000000
HU,2002,17.025059
IN,2002,11.732640
ID,2002,9.516239
IR,2002,24.210929
IQ,2002,24.985381
IE,2002,25.596165
IL,2002,58.103394
IT,2002,17.944574
JP,2002,47.566025
JO,2002,20.257920
KZ,2002,8.084926
KE,2002,7.389840
KP,2002,12.033103
KR,2002,48.770736
KW,2002,70.414726
LB,2002,43.035466
LR,2002,0.000000
LY,2002,18.621238
MG,2002,8.937741
MY,2002,8.475706
ML,2002,10.936722
MX,2002,35.705085
MA,2002,18.810167
MZ,2002,6.140223
MM,2002,9.604279
NL,2002,12.424637
NZ,2002,28.067950
NI,2002,0.000000
NE,2002,6.310484
NG,2002,13.729388
PK,2002,17.557047
PA,2002,36.745520
PY,2002,28.804021
PE,2002,28.391020
PH,2002,14.222776
PL,2002,4.374719
PT,2002,38.342379
PR,2002,62.225914
RO,2002,8.839222
RU,2002,17.637812
SA,2002,39.537708
SN,2002,20.925819
RS,2002,14.924445
SG,2002,98.672318
SO,2002,16.184269
ZA,2002,30.496121
ES,2002,23.767258
SD,2002,11.538477
SE,2002,13.715789
CH,2002,14.989729
SY,2002,31.225047
TZ,2002,6.470534
TH,2002,10.087289
TG,2002,20.302706
TR,2002,26.533345
UG,2002,4.533498
UA,2002,12.815601
AE,2002,28.817261
GB,2002,26.205300
US,2002,43.698774
UY,2002,48.721717
UZ,2002,8.487943
VE,2002,32.103414
VN,2002,10.372989
YE,2002,7.910083
ZM,2002,10.481674
ZW,2002,11.441665
AF,2003,10.438565
DZ,2003,7.545128
AO,2003,19.947220
AR,2003,39.039527
AM,2003,36.051862
AU,2003,60.366758
AT,2003,19.728646
AZ,2003,22.376854
BD,2003,11.368804
BY,2003,17.667790
BE,2003,17.484397
BO,2003,30.317680
BR,2003,37.975150
BG,2003,14.648639
BF,2003,8.921979
KH,2003,9.481122
CM,2003,17.589866
CA,2003,42.640539
CL,2003,34.288579
CN,2003,15.289940
CO,2003,34.813338
CD,2003,15.644019
CG,2003,33.553190
CR,2003,27.458681
CI,2003,18.104572
CU,2003,19.730726
CZ,2003,11.425117
DK,2003,20.452003
DO,2003,20.654496
EC,2003,29.282795
EG,2003,19.141310
SV,2003,22.234331
ET,2003,3.565322
FI,2003,20.126738
FR,2003,22.861948
GE,2003,23.758640
DE,2003,7.709063
GH,2003,15.454376
GR,2003,29.144078
GT,2003,7.867559
GN,2003,15.014365
HT,2003,21.602930
HN,2003,12.964081
HK,2003,0.000000
HU,2003,16.904686
IN,2003,11.904506
ID,2003,9.475403
IR,2003,24.202947
IQ,2003,25.021846
IE,2003,25.441775
IL,2003,58.137794
IT,2003,17.774770
JP,2003,47.719356
JO,2003,19.898160
KZ,2003,8.202187
KE,2003,7.543039
KP,2003,11.989976
KR,2003,48.569239
KW,2003,71.848607
LB,2003,43.131356
LR,2003,0.000000
LY,2003,18.373279
MG,2003,8.959917
MY,2003,8.572909
ML,2003,11.136071
MX,2003,35.813495
MA,2003,18.824878
MZ,2003,6.225289
MM,2003,9.741333
NL,2003,12.399956
NZ,2003,28.171658
NI,2003,0.000000
NE,2003,6.377173
NG,2003,13.868650
PK,2003,17.653329
PA,2003,37.003154
PY,2003,29.144836
PE,2003,28.588847
PH,2003,14.191093
PL,2003,4.395935
PT,2003,38.312799
PR,2003,63.871830
RO,2003,8.878357
RU,2003,17.731636
SA,2003,39.842670
SN,2003,21.152835
RS,2003,14.946934
SG,2003,100.955721
SO,2003,16.422573
ZA,2003,31.011807
ES,2003,23.693514
SD,2003,11.588108
SE,2003,13.755427
CH,2003,14.977196
SY,2003,31.275709
TZ,2003,6.606778
TH,2003,10.050245
TG,2003,20.800497
TR,2003,26.801022
UG,2003,4.553721
UA,2003,12.929229
AE,2003,29.375179
GB,2003,26.196182
US,2003,43.985864
UY,2003,48.897976
UZ,2003,8.420476
VE,2003,32.087598
VN,2003,10.617534
YE,2003,8.121851
ZM,2003,10.597703
ZW,2003,11.666385
AF,2004,10.954058
DZ,2004,7.596226
AO,2004,20.582692
AR,2004,39.104996
AM,2004,36.023782
AU,2004,60.382061
AT,2004,19.834257
AZ,2004,22.330794
BD,2004,11.631564
BY,2004,17.909415
BE,2004,17.531809
BO,2004,30.664595
BR,2004,38.288928
BG,2004,14.874284
BF,2004,9.284947
KH,2004,9.623660
CM,2004,17.934542
CA,2004,42.862507
CL,2004,34.337483
CN,2004,15.752294
CO,2004,35.203856
CD,2004,15.957282
CG,2004,33.903423
CR,2004,27.940138
CI,2004,18.317780
CU,2004,19.646697
CZ,2004,11.403281
DK,2004,20.615340
DO,2004,20.709802
EC,2004,29.868030
EG,2004,18.990074
SV,2004,22.679063
ET,2004,3.546073
FI,2004,20.238811
FR,2004,22.882977
GE,2004,24.120908
DE,2004,7.721063
GH,2004,15.725051
GR,2004,29.126223
GT,2004,7.799566
GN,2004,15.161113
HT,2004,22.323966
HN,2004,13.016571
HK,2004,0.000000
HU,2004,16.833070
IN,2004,12.070477
ID,2004,9.399973
IR,2004,24.205927
IQ,2004,24.007816
IE,2004,25.240128
IL,2004,57.959847
IT,2004,17.577486
JP,2004,47.960221
JO,2004,19.556616
KZ,2004,8.291574
KE,2004,7.699257
KP,2004,11.953581
KR,2004,48.429270
KW,2004,73.316292
LB,2004,43.289098
LR,2004,0.000000
LY,2004,18.128612
MG,2004,8.989029
MY,2004,8.680526
ML,2004,11.344739
MX,2004,35.924273
MA,2004,18.839386
MZ,2004,6.323700
MM,2004,9.880802
NL,2004,12.390782
NZ,2004,28.414801
NI,2004,0.000000
NE,2004,6.432905
NG,2004,14.014976
PK,2004,17.729883
PA,2004,37.295812
PY,2004,29.494320
PE,2004,28.803576
PH,2004,14.162982
PL,2004,4.416883
PT,2004,38.328486
PR,2004,65.314460
RO,2004,8.903488
RU,2004,17.803270
SA,2004,40.152122
SN,2004,21.371302
RS,2004,14.965517
SG,2004,100.769218
SO,2004,16.676630
ZA,2004,31.536630
ES,2004,23.628846
SD,2004,11.636046
SE,2004,13.789344
CH,2004,14.973000
SY,2004,31.277540
TZ,2004,6.740585
TH,2004,10.028473
TG,2004,21.324880
TR,2004,27.055169
UG,2004,4.573250
UA,2004,13.037318
AE,2004,30.067982
GB,2004,26.148913
US,2004,44.205791
UY,2004,49.027844
UZ,2004,8.354453
VE,2004,32.088598
VN,2004,10.878715
YE,2004,8.340761
ZM,2004,10.698616
ZW,2004,11.899997
AF,2005,11.171470
DZ,2005,7.647103
AO,2005,21.262597
AR,2005,39.140208
AM,2005,36.010930
AU,2005,60.300189
AT,2005,19.948223
AZ,2005,22.251363
BD,2005,11.884972
BY,2005,18.153224
BE,2005,17.558378
BO,2005,31.032779
BR,2005,38.635301
BG,2005,15.101473
BF,2005,9.656910
KH,2005,9.762534
CM,2005,18.267911
CA,2005,43.091610
CL,2005,34.392259
CN,2005,16.189013
CO,2005,35.604283
CD,2005,16.161611
CG,2005,34.311639
CR,2005,28.463516
CI,2005,18.520986
CU,2005,19.537948
CZ,2005,11.369574
DK,2005,20.776469
DO,2005,20.778707
EC,2005,30.460263
EG,2005,18.843274
SV,2005,23.127779
ET,2005,3.526727
FI,2005,20.340310
FR,2005,22.909898
GE,2005,24.488285
DE,2005,7.742397
GH,2005,15.992043
GR,2005,29.085339
GT,2005,7.741985
GN,2005,15.301784
HT,2005,23.067248
HN,2005,13.074589
HK,2005,103.341822
HU,2005,16.835061
IN,2005,12.228320
ID,2005,9.329073
IR,2005,24.218354
IQ,2005,23.047253
IE,2005,24.939578
IL,2005,57.783538
IT,2005,17.435176
JP,2005,48.213569
JO,2005,19.247473
KZ,2005,8.365327
KE,2005,7.856850
KP,2005,11.921800
KR,2005,48.373588
KW,2005,74.476047
LB,2005,43.545438
LR,2005,0.000000
LY,2005,17.887473
MG,2005,9.025658
MY,2005,8.795578
ML,2005,11.564707
MX,2005,36.035484
MA,2005,18.848781
MZ,2005,6.434811
MM,2005,10.016797
NL,2005,12.399844
NZ,2005,28.760807
NI,2005,21.363590
NE,2005,6.475692
NG,2005,14.167094
PK,2005,17.788178
PA,2005,37.617093
PY,2005,29.846134
PE,2005,29.031744
PH,2005,14.136576
PL,2005,4.437233
PT,2005,38.393679
PR,2005,66.501275
RO,2005,8.926018
RU,2005,17.874529
SA,2005,40.300145
SN,2005,21.571901
RS,2005,14.994835
SG,2005,100.027240
SO,2005,16.939280
ZA,2005,32.040243
ES,2005,23.559216
SD,2005,11.675663
SE,2005,13.829371
CH,2005,14.975474
SY,2005,31.225837
TZ,2005,6.870006
TH,2005,10.028835
TG,2005,21.859822
TR,2005,27.285665
UG,2005,4.593043
UA,2005,13.153048
AE,2005,30.910299
GB,2005,26.078715
US,2005,44.385379
UY,2005,49.067723
UZ,2005,8.287964
VE,2005,32.106208
VN,2005,11.117079
YE,2005,8.565199
ZM,2005,10.776814
ZW,2005,12.127189
AF,2006,11.375558
DZ,2006,7.698279
AO,2006,21.998991
AR,2006,39.138939
AM,2006,36.022487
AU,2006,60.127496
AT,2006,20.003878
AZ,2006,22.208226
BD,2006,12.125815
BY,2006,18.390085
BE,2006,17.566063
BO,2006,31.427397
BR,2006,39.020030
BG,2006,15.294999
BF,2006,10.041484
KH,2006,9.895490
CM,2006,18.585441
CA,2006,43.301299
CL,2006,34.453390
CN,2006,16.599099
CO,2006,35.996065
CD,2006,16.385413
CG,2006,34.482210
CR,2006,29.036624
CI,2006,18.713583
CU,2006,19.415903
CZ,2006,11.322036
DK,2006,20.914293
DO,2006,20.862447
EC,2006,31.042545
EG,2006,18.702196
SV,2006,23.579695
ET,2006,3.507507
FI,2006,20.443111
FR,2006,22.890131
GE,2006,24.889477
DE,2006,7.801415
GH,2006,16.251811
GR,2006,29.028278
GT,2006,7.698538
GN,2006,15.439857
HT,2006,23.839293
HN,2006,13.139637
HK,2006,0.000000
HU,2006,16.877654
IN,2006,12.365572
ID,2006,9.262850
IR,2006,24.241790
IQ,2006,22.135859
IE,2006,24.590890
IL,2006,57.606774
IT,2006,17.334736
JP,2006,48.479898
JO,2006,18.939120
KZ,2006,8.425657
KE,2006,8.017350
KP,2006,11.893867
KR,2006,48.260287
KW,2006,76.005498
LB,2006,43.913637
LR,2006,0.000000
LY,2006,17.650921
MG,2006,9.070269
MY,2006,8.918946
ML,2006,11.794385
MX,2006,36.120572
MA,2006,18.857510
MZ,2006,6.555437
MM,2006,10.148685
NL,2006,12.422394
NZ,2006,29.201620
NI,2006,0.000000
NE,2006,6.506472
NG,2006,14.327596
PK,2006,17.878143
PA,2006,37.956670
PY,2006,30.193039
PE,2006,29.275895
PH,2006,14.112590
PL,2006,4.458541
PT,2006,38.505882
PR,2006,67.420107
RO,2006,8.947063
RU,2006,17.960547
SA,2006,40.512801
SN,2006,21.749182
RS,2006,15.040216
SG,2006,99.155496
SO,2006,17.217157
ZA,2006,32.498243
ES,2006,23.490315
SD,2006,11.711426
SE,2006,13.832524
CH,2006,14.980076
SY,2006,31.431500
TZ,2006,6.993703
TH,2006,10.050351
TG,2006,22.408831
TR,2006,27.487275
UG,2006,4.613932
UA,2006,13.272983
AE,2006,31.921375
GB,2006,25.988410
US,2006,44.501831
UY,2006,49.029346
UZ,2006,8.218347
VE,2006,32.127542
VN,2006,11.357505
YE,2006,8.792145
ZM,2006,10.832456
ZW,2006,12.342953
AF,2007,11.580506
DZ,2007,7.749291
AO,2007,22.786070
AR,2007,39.103515
AM,2007,36.029065
AU,2007,59.758605
AT,2007,20.094562
AZ,2007,22.210702
BD,2007,12.352263
BY,2007,18.607421
BE,2007,17.560556
BO,2007,31.847242
BR,2007,39.441006
BG,2007,15.441129
BF,2007,10.439329
KH,2007,10.022451
CM,2007,18.884436
CA,2007,43.515244
CL,2007,34.520127
CN,2007,16.951369
CO,2007,36.401276
CD,2007,16.623072
CG,2007,34.696299
CR,2007,29.656799
CI,2007,18.822663
CU,2007,19.300040
CZ,2007,11.242859
DK,2007,21.042297
DO,2007,20.960636
EC,2007,31.596641
EG,2007,18.566556
SV,2007,24.033166
ET,2007,3.488399
FI,2007,20.546881
FR,2007,22.835042
GE,2007,25.324144
DE,2007,7.869801
GH,2007,16.500777
GR,2007,28.964555
GT,2007,7.670988
GN,2007,15.578831
HT,2007,24.640615
HN,2007,13.214747
HK,2007,100.000000
HU,2007,16.920259
IN,2007,12.487643
ID,2007,9.203891
IR,2007,24.303008
IQ,2007,21.271785
IE,2007,24.302450
IL,2007,57.426470
IT,2007,17.218089
JP,2007,48.725375
JO,2007,18.672194
KZ,2007,8.479147
KE,2007,8.176672
KP,2007,11.869443
KR,2007,48.154303
KW,2007,77.483902
LB,2007,44.350154
LR,2007,28.732966
LY,2007,17.428311
MG,2007,9.123101
MY,2007,9.051300
ML,2007,12.030616
MX,2007,36.229791
MA,2007,18.871680
MZ,2007,6.681850
MM,2007,10.277053
NL,2007,12.437937
NZ,2007,29.957311
NI,2007,0.000000
NE,2007,6.528972
NG,2007,14.496114
PK,2007,17.954391
PA,2007,38.303601
PY,2007,30.528350
PE,2007,29.534229
PH,2007,14.091113
PL,2007,4.468938
PT,2007,38.658564
PR,2007,68.094138
RO,2007,8.965746
RU,2007,18.028177
SA,2007,40.723890
SN,2007,21.902696
RS,2007,15.093546
SG,2007,97.732511
SO,2007,12.600084
ZA,2007,32.902483
ES,2007,23.404884
SD,2007,11.751888
SE,2007,13.817318
CH,2007,14.944875
SY,2007,31.659453
TZ,2007,7.111290
TH,2007,10.087097
TG,2007,22.965386
TR,2007,27.659280
UG,2007,4.636831
UA,2007,13.384068
AE,2007,32.276262
GB,2007,25.894984
US,2007,44.556044
UY,2007,48.971331
UZ,2007,8.131209
VE,2007,32.154827
VN,2007,11.608630
YE,2007,9.017326
ZM,2007,10.870800
ZW,2007,12.541036
AF,2008,11.785005
DZ,2008,7.800674
AO,2008,23.593964
AR,2008,39.038748
AM,2008,36.028036
AU,2008,59.437672
AT,2008,20.163847
AZ,2008,22.211104
BD,2008,12.563884
BY,2008,18.810755
BE,2008,17.547974
BO,2008,32.279188
BR,2008,39.877612
BG,2008,15.574649
BF,2008,10.851107
KH,2008,10.143704
CM,2008,19.163926
CA,2008,43.694054
CL,2008,34.593327
CN,2008,17.252225
CO,2008,36.822995
CD,2008,16.871358
CG,2008,34.913027
CR,2008,30.294154
CI,2008,18.924981
CU,2008,19.196090
CZ,2008,11.142542
DK,2008,21.140901
DO,2008,21.071656
EC,2008,32.103485
EG,2008,18.438795
SV,2008,24.474047
ET,2008,3.470961
FI,2008,20.643151
FR,2008,22.875335
GE,2008,25.757492
DE,2008,7.930885
GH,2008,16.735850
GR,2008,28.897080
GT,2008,7.659427
GN,2008,15.719814
HT,2008,25.475381
HN,2008,13.300028
HK,2008,0.000000
HU,2008,16.966409
IN,2008,12.591436
ID,2008,9.154722
IR,2008,24.368180
IQ,2008,22.707595
IE,2008,24.197348
IL,2008,57.248290
IT,2008,17.106561
JP,2008,48.983332
JO,2008,18.451600
KZ,2008,8.526822
KE,2008,8.331748
KP,2008,11.847782
KR,2008,48.066295
KW,2008,78.768322
LB,2008,44.802299
LR,2008,0.000000
LY,2008,17.228421
MG,2008,9.183713
MY,2008,9.191330
ML,2008,12.269931
MX,2008,36.326594
MA,2008,18.896882
MZ,2008,6.810972
MM,2008,10.403656
NL,2008,12.432218
NZ,2008,30.759681
NI,2008,0.000000
NE,2008,6.547396
NG,2008,14.672203
PK,2008,18.019561
PA,2008,38.646702
PY,2008,30.846501
PE,2008,29.804159
PH,2008,14.072062
PL,2008,4.476323
PT,2008,38.848650
PR,2008,68.547494
RO,2008,8.982081
RU,2008,18.064478
SA,2008,40.890845
SN,2008,22.035313
RS,2008,15.160388
SG,2008,95.363537
SO,2008,13.669835
ZA,2008,33.234023
ES,2008,23.370973
SD,2008,11.805156
SE,2008,13.792918
CH,2008,14.853809
SY,2008,31.913690
TZ,2008,7.223231
TH,2008,10.133635
TG,2008,23.519553
TR,2008,27.802693
UG,2008,4.662783
UA,2008,13.489347
AE,2008,32.705245
GB,2008,25.777544
US,2008,44.603015
UY,2008,48.897138
UZ,2008,8.027840
VE,2008,32.180247
VN,2008,11.864482
YE,2008,9.237567
ZM,2008,10.897798
ZW,2008,12.706246
AF,2009,11.988716
DZ,2009,7.852208
AO,2009,24.385229
AR,2009,38.952402
AM,2009,36.010627
AU,2009,58.884800
AT,2009,20.246482
AZ,2009,22.207104
BD,2009,12.762223
BY,2009,19.009459
BE,2009,17.536751
BO,2009,32.707987
BR,2009,40.305078
BG,2009,15.713440
BF,2009,11.277002
KH,2009,10.262028
CM,2009,19.425171
CA,2009,43.715859
CL,2009,34.666730
CN,2009,17.494980
CO,2009,37.259587
CD,2009,17.123747
CG,2009,35.088953
CR,2009,30.913365
CI,2009,19.022487
CU,2009,19.098256
CZ,2009,11.075055
DK,2009,21.226762
DO,2009,21.193102
EC,2009,32.548921
EG,2009,18.321497
SV,2009,24.889657
ET,2009,3.456881
FI,2009,20.734940
FR,2009,22.917882
GE,2009,26.170795
DE,2009,7.998443
GH,2009,16.956134
GR,2009,28.823607
GT,2009,7.662858
GN,2009,15.865148
HT,2009,26.341706
HN,2009,13.395061
HK,2009,0.000000
HU,2009,17.009176
IN,2009,12.680590
ID,2009,9.117270
IR,2009,24.437315
IQ,2009,22.712754
IE,2009,24.360705
IL,2009,57.054490
IT,2009,17.023120
JP,2009,49.244549
JO,2009,18.281196
KZ,2009,8.560190
KE,2009,8.480621
KP,2009,11.828130
KR,2009,47.999629
KW,2009,79.793442
LB,2009,45.208525
LR,2009,0.000000
LY,2009,17.058019
MG,2009,9.251894
MY,2009,9.336647
ML,2009,12.510007
MX,2009,36.404144
MA,2009,18.938025
MZ,2009,6.940847
MM,2009,10.531155
NL,2009,12.410208
NZ,2009,31.502201
NI,2009,0.000000
NE,2009,6.567654
NG,2009,14.854646
PK,2009,18.080682
PA,2009,38.978018
PY,2009,31.144509
PE,2009,30.068171
PH,2009,14.056008
PL,2009,4.481175
PT,2009,39.055352
PR,2009,68.812272
RO,2009,8.999011
RU,2009,18.094563
SA,2009,41.002249
SN,2009,22.152972
RS,2009,15.238017
SG,2009,94.973093
SO,2009,14.811986
ZA,2009,33.500202
ES,2009,23.481109
SD,2009,11.878630
SE,2009,13.747582
CH,2009,14.787625
SY,2009,32.182770
TZ,2009,7.330982
TH,2009,10.184893
TG,2009,24.062912
TR,2009,27.921327
UG,2009,4.692942
UA,2009,13.596048
AE,2009,33.014700
GB,2009,25.657936
US,2009,44.644229
UY,2009,48.808528
UZ,2009,7.926327
VE,2009,32.202977
VN,2009,12.127013
YE,2009,9.450853
ZM,2009,10.920354
ZW,2009,12.826669
