AD,58.5,60.88,63.26,65.64,68.02,70.4,72.36,74.32,76.28,78.24,80.2,81.62,83.04,84.46,85.88,87.3,88.26,89.22,90.18,91.14,92.1,92.72,93.34,93.96,94.58,95.2,95.1,95,94.9,94.8,94.7,94.5,94.3,94.1,93.9,93.7,93.44,93.18,92.92,92.66,92.4,91.98,91.56,91.14,90.72,90.3,89.84,89.38,88.92,88.46
AE,73.5,73.94,74.38,74.82,75.26,75.7,76.1,76.5,76.9,77.3,77.7,78.08,78.46,78.84,79.22,79.6,79.82,80.04,80.26,80.48,80.7,80.52,80.34,80.16,79.98,79.8,79.66,79.52,79.38,79.24,79.1,78.96,78.82,78.68,78.54,78.4,78.28,78.16,78.04,77.92,77.8,77.78,77.76,77.74,77.72,77.7,77.76,77.82,77.88,77.94
AF,8,8.28,8.56,8.84,9.12,9.4,9.72,10.04,10.36,10.68,11,11.46,11.92,12.38,12.84,13.3,13.78,14.26,14.74,15.22,15.7,15.96,16.22,16.48,16.74,17,17.26,17.52,17.78,18.04,18.3,18.6,18.9,19.2,19.5,19.8,20.1,20.4,20.7,21,21.3,21.62,21.94,22.26,22.58,22.9,23.28,23.66,24.04,24.42
AG,39.7,39.08,38.46,37.84,37.22,36.6,36.04,35.48,34.92,34.36,33.8,33.88,33.96,34.04,34.12,34.2,34.28,34.36,34.44,34.52,34.6,34.68,34.76,34.84,34.92,35,35.08,35.16,35.24,35.32,35.4,35.12,34.84,34.56,34.28,34,33.62,33.24,32.86,32.48,32.1,31.82,31.54,31.26,30.98,30.7,30.62,30.54,30.46,30.38
AL,30.7,30.8,30.9,31,31.1,31.2,31.3,31.4,31.5,31.6,31.7,31.9,32.1,32.3,32.5,32.7,32.92,33.14,33.36,33.58,33.8,34.06,34.32,34.58,34.84,35.1,35.36,35.62,35.88,36.14,36.4,36.9,37.4,37.9,38.4,38.9,39.46,40.02,40.58,41.14,41.7,42.32,42.94,43.56,44.18,44.8,45.44,46.08,46.72,47.36
AM,51.3,52.16,53.02,53.88,54.74,55.6,56.46,57.32,58.18,59.04,59.9,60.64,61.38,62.12,62.86,63.6,64.08,64.56,65.04,65.52,66,66.22,66.44,66.66,66.88,67.1,67.18,67.26,67.34,67.42,67.5,67.26,67.02,66.78,66.54,66.3,66.06,65.82,65.58,65.34,65.1,64.9,64.7,64.5,64.3,64.1,64.02,63.94,63.86,63.78
AN,69.7,70.34,70.98,71.62,72.26,72.9,73.5,74.1,74.7,75.3,75.9,76.46,77.02,77.58,78.14,78.7,79.2,79.7,80.2,80.7,81.2,81.66,82.12,82.58,83.04,83.5,83.92,84.34,84.76,85.18,85.6,86.08,86.56,87.04,87.52,88,88.44,88.88,89.32,89.76,90.2,90.54,90.88,91.22,91.56,91.9,92.16,92.42,92.68,92.94
AO,10.4,10.82,11.24,11.66,12.08,12.5,13,13.5,14,14.5,15,15.82,16.64,17.46,18.28,19.1,20.14,21.18,22.22,23.26,24.3,25.5,26.7,27.9,29.1,30.3,31.66,33.02,34.38,35.74,37.1,38.48,39.86,41.24,42.62,44,45,46,47,48,49,50,51,52,53,54,54.9,55.8,56.7,57.6
AR,73.6,74.16,74.72,75.28,75.84,76.4,76.9,77.4,77.9,78.4,78.9,79.32,79.74,80.16,80.58,81,81.38,81.76,82.14,82.52,82.9,83.32,83.74,84.16,84.58,85,85.4,85.8,86.2,86.6,87,87.34,87.68,88.02,88.36,88.7,88.98,89.26,89.54,89.82,90.1,90.36,90.62,90.88,91.14,91.4,91.6,91.8,92,92.2
AS,66.2,66.62,67.04,67.46,67.88,68.3,68.72,69.14,69.56,69.98,70.4,70.8,71.2,71.6,72,72.4,72.78,73.16,73.54,73.92,74.3,75,75.7,76.4,77.1,77.8,78.42,79.04,79.66,80.28,80.9,81.78,82.66,83.54,84.42,85.3,86,86.7,87.4,88.1,88.8,89.3,89.8,90.3,90.8,91.3,91.64,91.98,92.32,92.66
AT,64.7,64.76,64.82,64.88,64.94,65,65.06,65.12,65.18,65.24,65.3,65.3,65.3,65.3,65.3,65.3,65.32,65.34,65.36,65.38,65.4,65.44,65.48,65.52,65.56,65.6,65.64,65.68,65.72,65.76,65.8,65.8,65.8,65.8,65.8,65.8,65.8,65.8,65.8,65.8,65.8,65.94,66.08,66.22,66.36,66.5,66.72,66.94,67.16,67.38
AU,81.5,81.9,82.3,82.7,83.1,83.5,83.86,84.22,84.58,84.94,85.3,85.42,85.54,85.66,85.78,85.9,85.88,85.86,85.84,85.82,85.8,85.74,85.68,85.62,85.56,85.5,85.48,85.46,85.44,85.42,85.4,85.54,85.68,85.82,85.96,86.1,86.32,86.54,86.76,86.98,87.2,87.4,87.6,87.8,88,88.2,88.38,88.56,88.74,88.92
AW,50.8,50.78,50.76,50.74,50.72,50.7,50.68,50.66,50.64,50.62,50.6,50.58,50.56,50.54,50.52,50.5,50.5,50.5,50.5,50.5,50.5,50.48,50.46,50.44,50.42,50.4,50.38,50.36,50.34,50.32,50.3,50,49.7,49.4,49.1,48.8,48.38,47.96,47.54,47.12,46.7,46.68,46.66,46.64,46.62,46.6,46.66,46.72,46.78,46.84
AZ,47.7,47.92,48.14,48.36,48.58,48.8,49.04,49.28,49.52,49.76,50,50.38,50.76,51.14,51.52,51.9,52.08,52.26,52.44,52.62,52.8,52.94,53.08,53.22,53.36,53.5,53.54,53.58,53.62,53.66,53.7,53.4,53.1,52.8,52.5,52.2,52,51.8,51.6,51.4,51.2,51.26,51.32,51.38,51.44,51.5,51.64,51.78,51.92,52.06
BA,19,19.76,20.52,21.28,22.04,22.8,23.68,24.56,25.44,26.32,27.2,28.02,28.84,29.66,30.48,31.3,32.14,32.98,33.82,34.66,35.5,35.92,36.34,36.76,37.18,37.6,37.92,38.24,38.56,38.88,39.2,39.58,39.96,40.34,40.72,41.1,41.52,41.94,42.36,42.78,43.2,43.7,44.2,44.7,45.2,45.7,46.28,46.86,47.44,48.02
BB,36.8,36.86,36.92,36.98,37.04,37.1,37.18,37.26,37.34,37.42,37.5,37.72,37.94,38.16,38.38,38.6,38.8,39,39.2,39.4,39.6,38.88,38.16,37.44,36.72,36,35.34,34.68,34.02,33.36,32.7,33.06,33.42,33.78,34.14,34.5,34.86,35.22,35.58,35.94,36.3,36.72,37.14,37.56,37.98,38.4,38.88,39.36,39.84,40.32
BD,5.1,5.32,5.54,5.76,5.98,6.2,6.48,6.76,7.04,7.32,7.6,8.04,8.48,8.92,9.36,9.8,10.82,11.84,12.86,13.88,14.9,15.42,15.94,16.46,16.98,17.5,17.96,18.42,18.88,19.34,19.8,20.18,20.56,20.94,21.32,21.7,22.08,22.46,22.84,23.22,23.6,24.02,24.44,24.86,25.28,25.7,26.18,26.66,27.14,27.62
BE,92.5,92.62,92.74,92.86,92.98,93.1,93.24,93.38,93.52,93.66,93.8,93.94,94.08,94.22,94.36,94.5,94.68,94.86,95.04,95.22,95.4,95.5,95.6,95.7,95.8,95.9,96,96.1,96.2,96.3,96.4,96.48,96.56,96.64,96.72,96.8,96.86,96.92,96.98,97.04,97.1,97.14,97.18,97.22,97.26,97.3,97.32,97.34,97.36,97.38
BF,4.7,4.8,4.9,5,5.1,5.2,5.3,5.4,5.5,5.6,5.7,5.82,5.94,6.06,6.18,6.3,6.8,7.3,7.8,8.3,8.8,9.5,10.2,10.9,11.6,12.3,12.6,12.9,13.2,13.5,13.8,14.06,14.32,14.58,14.84,15.1,15.4,15.7,16,16.3,16.6,16.94,17.28,17.62,17.96,18.3,18.72,19.14,19.56,19.98
BG,37.1,38.84,40.58,42.32,44.06,45.8,47.1,48.4,49.7,51,52.3,53.36,54.42,55.48,56.54,57.6,58.5,59.4,60.3,61.2,62.1,62.6,63.1,63.6,64.1,64.6,64.96,65.32,65.68,66.04,66.4,66.68,66.96,67.24,67.52,67.8,68.02,68.24,68.46,68.68,68.9,69.16,69.42,69.68,69.94,70.2,70.5,70.8,71.1,71.4
BH,82.3,82.34,82.38,82.42,82.46,82.5,82.76,83.02,83.28,83.54,83.8,84.04,84.28,84.52,84.76,85,85.22,85.44,85.66,85.88,86.1,86.32,86.54,86.76,86.98,87.2,87.38,87.56,87.74,87.92,88.1,88.16,88.22,88.28,88.34,88.4,88.4,88.4,88.4,88.4,88.4,88.4,88.4,88.4,88.4,88.4,88.44,88.48,88.52,88.56
BI,2,2.04,2.08,2.12,2.16,2.2,2.24,2.28,2.32,2.36,2.4,2.56,2.72,2.88,3.04,3.2,3.42,3.64,3.86,4.08,4.3,4.48,4.66,4.84,5.02,5.2,5.42,5.64,5.86,6.08,6.3,6.48,6.66,6.84,7.02,7.2,7.42,7.64,7.86,8.08,8.3,8.54,8.78,9.02,9.26,9.5,9.8,10.1,10.4,10.7
BJ,9.3,9.94,10.58,11.22,11.86,12.5,13.34,14.18,15.02,15.86,16.7,17.74,18.78,19.82,20.86,21.9,22.98,24.06,25.14,26.22,27.3,28,28.7,29.4,30.1,30.8,31.54,32.28,33.02,33.76,34.5,34.96,35.42,35.88,36.34,36.8,37.1,37.4,37.7,38,38.3,38.64,38.98,39.32,39.66,40,40.4,40.8,41.2,41.6
BM,100,100,100,100,100,100,100,100,100,100,100,100,100,100,100,100,100,100,100,100,100,100,100,100,100,100,100,100,100,100,100,100,100,100,100,100,100,100,100,100,100,100,100,100,100,100,100,100,100,100
BN,43.4,45.24,47.08,48.92,50.76,52.6,54.42,56.24,58.06,59.88,61.7,61.76,61.82,61.88,61.94,62,61.58,61.16,60.74,60.32,59.9,60.38,60.86,61.34,61.82,62.3,63,63.7,64.4,65.1,65.8,66.36,66.92,67.48,68.04,68.6,69.1,69.6,70.1,70.6,71.1,71.58,72.06,72.54,73.02,73.5,73.94,74.38,74.82,75.26
BO,36.8,37.1,37.4,37.7,38,38.3,38.6,38.9,39.2,39.5,39.8,40.1,40.4,40.7,41,41.3,42.14,42.98,43.82,44.66,45.5,46.5,47.5,48.5,49.5,50.5,51.52,52.54,53.56,54.58,55.6,56.36,57.12,57.88,58.64,59.4,59.88,60.36,60.84,61.32,61.8,62.28,62.76,63.24,63.72,64.2,64.66,65.12,65.58,66.04
BR,44.9,45.98,47.06,48.14,49.22,50.3,51.4,52.5,53.6,54.7,55.8,56.98,58.16,59.34,60.52,61.7,62.84,63.98,65.12,66.26,67.4,68.18,68.96,69.74,70.52,71.3,72,72.7,73.4,74.1,74.8,75.4,76,76.6,77.2,77.8,78.48,79.16,79.84,80.52,81.2,81.8,82.4,83,83.6,84.2,84.66,85.12,85.58,86.04
BS,59.7,60.42,61.14,61.86,62.58,63.3,63.98,64.66,65.34,66.02,66.7,67.36,68.02,68.68,69.34,70,70.62,71.24,71.86,72.48,73.1,73.82,74.54,75.26,75.98,76.7,77.32,77.94,78.56,79.18,79.8,80.04,80.28,80.52,80.76,81,81.2,81.4,81.6,81.8,82,82.22,82.44,82.66,82.88,83.1,83.3,83.5,83.7,83.9
BT,3.6,3.82,4.04,4.26,4.48,4.7,4.98,5.26,5.54,5.82,6.1,6.46,6.82,7.18,7.54,7.9,8.34,8.78,9.22,9.66,10.1,10.66,11.22,11.78,12.34,12.9,13.6,14.3,15,15.7,16.4,17.22,18.04,18.86,19.68,20.5,21.48,22.46,23.44,24.42,25.4,26.52,27.64,28.76,29.88,31,32.16,33.32,34.48,35.64
BW,3.1,3.24,3.38,3.52,3.66,3.8,4.6,5.4,6.2,7,7.8,8.62,9.44,10.26,11.08,11.9,12.82,13.74,14.66,15.58,16.5,18.54,20.58,22.62,24.66,26.7,29.74,32.78,35.82,38.86,41.9,43.32,44.74,46.16,47.58,49,49.84,50.68,51.52,52.36,53.2,54.02,54.84,55.66,56.48,57.3,58.06,58.82,59.58,60.34
BY,32.4,33.54,34.68,35.82,36.96,38.1,39.28,40.46,41.64,42.82,44,45.32,46.64,47.96,49.28,50.6,51.78,52.96,54.14,55.32,56.5,57.56,58.62,59.68,60.74,61.8,62.64,63.48,64.32,65.16,66,66.38,66.76,67.14,67.52,67.9,68.3,68.7,69.1,69.5,69.9,70.36,70.82,71.28,71.74,72.2,72.62,73.04,73.46,73.88
BZ,54,53.7,53.4,53.1,52.8,52.5,52.2,51.9,51.6,51.3,51,50.84,50.68,50.52,50.36,50.2,50.04,49.88,49.72,49.56,49.4,49.2,49,48.8,48.6,48.4,48.22,48.04,47.86,47.68,47.5,47.5,47.5,47.5,47.5,47.5,47.56,47.62,47.68,47.74,47.8,48.28,48.76,49.24,49.72,50.2,50.7,51.2,51.7,52.2
CA,69.1,69.86,70.62,71.38,72.14,72.9,73.46,74.02,74.58,75.14,75.7,75.68,75.66,75.64,75.62,75.6,75.62,75.64,75.66,75.68,75.7,75.84,75.98,76.12,76.26,76.4,76.44,76.48,76.52,76.56,76.6,76.82,77.04,77.26,77.48,77.7,78.06,78.42,78.78,79.14,79.5,79.62,79.74,79.86,79.98,80.1,80.2,80.3,80.4,80.5
CD,22.3,23.06,23.82,24.58,25.34,26.1,26.94,27.78,28.62,29.46,30.3,30.14,29.98,29.82,29.66,29.5,29.34,29.18,29.02,28.86,28.7,28.56,28.42,28.28,28.14,28,27.96,27.92,27.88,27.84,27.8,27.92,28.04,28.16,28.28,28.4,28.68,28.96,29.24,29.52,29.8,30.26,30.72,31.18,31.64,32.1,32.72,33.34,33.96,34.58
CF,20.1,20.78,21.46,22.14,22.82,23.5,24.26,25.02,25.78,26.54,27.3,28.24,29.18,30.12,31.06,32,32.38,32.76,33.14,33.52,33.9,34.22,34.54,34.86,35.18,35.5,35.76,36.02,36.28,36.54,36.8,36.88,36.96,37.04,37.12,37.2,37.28,37.36,37.44,37.52,37.6,37.7,37.8,37.9,38,38.1,38.26,38.42,38.58,38.74
CG,31.6,32.34,33.08,33.82,34.56,35.3,36.06,36.82,37.58,38.34,39.1,39.94,40.78,41.62,42.46,43.3,44.22,45.14,46.06,46.98,47.9,48.76,49.62,50.48,51.34,52.2,52.62,53.04,53.46,53.88,54.3,54.72,55.14,55.56,55.98,56.4,56.78,57.16,57.54,57.92,58.3,58.68,59.06,59.44,59.82,60.2,60.58,60.96,61.34,61.72
CH,51,51.64,52.28,52.92,53.56,54.2,54.84,55.48,56.12,56.76,57.4,57.4,57.4,57.4,57.4,57.4,57.34,57.28,57.22,57.16,57.1,58.72,60.34,61.96,63.58,65.2,66.8,68.4,70,71.6,73.2,73.28,73.36,73.44,73.52,73.6,73.54,73.48,73.42,73.36,73.3,73.3,73.3,73.3,73.3,73.3,73.36,73.42,73.48,73.54
CI,17.7,19.06,20.42,21.78,23.14,24.5,25.24,25.98,26.72,27.46,28.2,29,29.8,30.6,31.4,32.2,33.14,34.08,35.02,35.96,36.9,37.18,37.46,37.74,38.02,38.3,38.58,38.86,39.14,39.42,39.7,40.04,40.38,40.72,41.06,41.4,41.82,42.24,42.66,43.08,43.5,44.16,44.82,45.48,46.14,46.8,47.46,48.12,48.78,49.44
CL,67.8,68.58,69.36,70.14,70.92,71.7,72.4,73.1,73.8,74.5,75.2,75.84,76.48,77.12,77.76,78.4,78.96,79.52,80.08,80.64,81.2,81.48,81.76,82.04,82.32,82.6,82.74,82.88,83.02,83.16,83.3,83.52,83.74,83.96,84.18,84.4,84.7,85,85.3,85.6,85.9,86.24,86.58,86.92,87.26,87.6,87.88,88.16,88.44,88.72
CM,13.9,14.5,15.1,15.7,16.3,16.9,17.58,18.26,18.94,19.62,20.3,21.7,23.1,24.5,25.9,27.3,28.22,29.14,30.06,30.98,31.9,32.76,33.62,34.48,35.34,36.2,37.1,38,38.9,39.8,40.7,41.62,42.54,43.46,44.38,45.3,46.22,47.14,48.06,48.98,49.9,50.78,51.66,52.54,53.42,54.3,55.12,55.94,56.76,57.58
CN,16,16.32,16.64,16.96,17.28,17.6,17.56,17.52,17.48,17.44,17.4,17.4,17.4,17.4,17.4,17.4,17.84,18.28,18.72,19.16,19.6,20.28,20.96,21.64,22.32,23,23.88,24.76,25.64,26.52,27.4,28.2,29,29.8,30.6,31.4,32.28,33.16,34.04,34.92,35.8,36.72,37.64,38.56,39.48,40.4,41.3,42.2,43.1,44
CO,45,46.2,47.4,48.6,49.8,51,51.76,52.52,53.28,54.04,54.8,55.54,56.28,57.02,57.76,58.5,59.22,59.94,60.66,61.38,62.1,62.8,63.5,64.2,64.9,65.6,66.14,66.68,67.22,67.76,68.3,68.74,69.18,69.62,70.06,70.5,70.82,71.14,71.46,71.78,72.1,72.4,72.7,73,73.3,73.6,73.9,74.2,74.5,74.8
CR,34.3,34.6,34.9,35.2,35.5,35.8,36.4,37,37.6,38.2,38.8,39.3,39.8,40.3,40.8,41.3,41.66,42.02,42.38,42.74,43.1,43.6,44.1,44.6,45.1,45.6,46.62,47.64,48.66,49.68,50.7,51.72,52.74,53.76,54.78,55.8,56.44,57.08,57.72,58.36,59,59.54,60.08,60.62,61.16,61.7,62.22,62.74,63.26,63.78
CU,58.4,58.58,58.76,58.94,59.12,59.3,59.5,59.7,59.9,60.1,60.3,61.08,61.86,62.64,63.42,64.2,64.98,65.76,66.54,67.32,68.1,68.66,69.22,69.78,70.34,70.9,71.4,71.9,72.4,72.9,73.4,73.58,73.76,73.94,74.12,74.3,74.56,74.82,75.08,75.34,75.6,75.6,75.6,75.6,75.6,75.6,75.62,75.64,75.66,75.68
CV,16.7,16.98,17.26,17.54,17.82,18.1,18.4,18.7,19,19.3,19.6,19.96,20.32,20.68,21.04,21.4,21.82,22.24,22.66,23.08,23.5,25.1,26.7,28.3,29.9,31.5,34.02,36.54,39.06,41.58,44.1,45.04,45.98,46.92,47.86,48.8,49.72,50.64,51.56,52.48,53.4,54.2,55,55.8,56.6,57.4,58.14,58.88,59.62,60.36
CY,35.6,36.12,36.64,37.16,37.68,38.2,38.72,39.24,39.76,40.28,40.8,42.1,43.4,44.7,46,47.3,49.56,51.82,54.08,56.34,58.6,59.82,61.04,62.26,63.48,64.7,65.12,65.54,65.96,66.38,66.8,67.04,67.28,67.52,67.76,68,68.12,68.24,68.36,68.48,68.6,68.74,68.88,69.02,69.16,69.3,69.5,69.7,69.9,70.1
CZ,59.5,60,60.5,61,61.5,62,62.48,62.96,63.44,63.92,64.4,65.5,66.6,67.7,68.8,69.9,70.96,72.02,73.08,74.14,75.2,75.24,75.28,75.32,75.36,75.4,75.36,75.32,75.28,75.24,75.2,75.08,74.96,74.84,74.72,74.6,74.48,74.36,74.24,74.12,74,73.9,73.8,73.7,73.6,73.5,73.5,73.5,73.5,73.5
DE,71.4,71.52,71.64,71.76,71.88,72,72.06,72.12,72.18,72.24,72.3,72.36,72.42,72.48,72.54,72.6,72.64,72.68,72.72,72.76,72.8,72.78,72.76,72.74,72.72,72.7,72.78,72.86,72.94,73.02,73.1,73.14,73.18,73.22,73.26,73.3,73.26,73.22,73.18,73.14,73.1,73.16,73.22,73.28,73.34,73.4,73.48,73.56,73.64,73.72
DJ,50.3,51.46,52.62,53.78,54.94,56.1,57.24,58.38,59.52,60.66,61.8,62.86,63.92,64.98,66.04,67.1,68.1,69.1,70.1,71.1,72.1,72.6,73.1,73.6,74.1,74.6,74.82,75.04,75.26,75.48,75.7,76.5,77.3,78.1,78.9,79.7,80.42,81.14,81.86,82.58,83.3,83.86,84.42,84.98,85.54,86.1,86.5,86.9,87.3,87.7
DK,73.7,74.36,75.02,75.68,76.34,77,77.54,78.08,78.62,79.16,79.7,80.18,80.66,81.14,81.62,82.1,82.42,82.74,83.06,83.38,83.7,83.84,83.98,84.12,84.26,84.4,84.48,84.56,84.64,84.72,84.8,84.84,84.88,84.92,84.96,85,85.02,85.04,85.06,85.08,85.1,85.26,85.42,85.58,85.74,85.9,86.16,86.42,86.68,86.94
DM,27.3,29.16,31.02,32.88,34.74,36.6,38.66,40.72,42.78,44.84,46.9,48.58,50.26,51.94,53.62,55.3,56.92,58.54,60.16,61.78,63.4,63.92,64.44,64.96,65.48,66,66.34,66.68,67.02,67.36,67.7,68.04,68.38,68.72,69.06,69.4,69.74,70.08,70.42,70.76,71.1,71.46,71.82,72.18,72.54,72.9,73.24,73.58,73.92,74.26
DO,30.2,31.16,32.12,33.08,34.04,35,36.04,37.08,38.12,39.16,40.2,41.3,42.4,43.5,44.6,45.7,46.82,47.94,49.06,50.18,51.3,51.82,52.34,52.86,53.38,53.9,54.16,54.42,54.68,54.94,55.2,55.72,56.24,56.76,57.28,57.8,58.72,59.64,60.56,61.48,62.4,63.28,64.16,65.04,65.92,66.8,67.54,68.28,69.02,69.76
DZ,30.5,31.92,33.34,34.76,36.18,37.6,37.98,38.36,38.74,39.12,39.5,39.66,39.82,39.98,40.14,40.3,40.94,41.58,42.22,42.86,43.5,44.4,45.3,46.2,47.1,48,48.82,49.64,50.46,51.28,52.1,52.88,53.66,54.44,55.22,56,56.76,57.52,58.28,59.04,59.8,60.5,61.2,61.9,62.6,63.3,63.94,64.58,65.22,65.86
EC,33.9,34.44,34.98,35.52,36.06,36.6,37.14,37.68,38.22,38.76,39.3,39.92,40.54,41.16,41.78,42.4,43.32,44.24,45.16,46.08,47,47.84,48.68,49.52,50.36,51.2,51.98,52.76,53.54,54.32,55.1,55.64,56.18,56.72,57.26,57.8,58.3,58.8,59.3,59.8,60.3,60.96,61.62,62.28,62.94,63.6,64.26,64.92,65.58,66.24
EE,57.5,58.26,59.02,59.78,60.54,61.3,62.02,62.74,63.46,64.18,64.9,65.44,65.98,66.52,67.06,67.6,68.02,68.44,68.86,69.28,69.7,69.92,70.14,70.36,70.58,70.8,70.86,70.92,70.98,71.04,71.1,70.88,70.66,70.44,70.22,70,69.88,69.76,69.64,69.52,69.4,69.4,69.4,69.4,69.4,69.4,69.42,69.44,69.46,69.48
EG,37.9,38.46,39.02,39.58,40.14,40.7,41,41.3,41.6,41.9,42.2,42.46,42.72,42.98,43.24,43.5,43.58,43.66,43.74,43.82,43.9,43.9,43.9,43.9,43.9,43.9,43.82,43.74,43.66,43.58,43.5,43.36,43.22,43.08,42.94,42.8,42.76,42.72,42.68,42.64,42.6,42.6,42.6,42.6,42.6,42.6,42.64,42.68,42.72,42.76
ER,9.8,10.12,10.44,10.76,11.08,11.4,11.64,11.88,12.12,12.36,12.6,12.78,12.96,13.14,13.32,13.5,13.68,13.86,14.04,14.22,14.4,14.56,14.72,14.88,15.04,15.2,15.32,15.44,15.56,15.68,15.8,15.96,16.12,16.28,16.44,16.6,16.84,17.08,17.32,17.56,17.8,18.12,18.44,18.76,19.08,19.4,19.84,20.28,20.72,21.16
ES,56.6,57.54,58.48,59.42,60.36,61.3,62.24,63.18,64.12,65.06,66,66.72,67.44,68.16,68.88,69.6,70.24,70.88,71.52,72.16,72.8,73.08,73.36,73.64,73.92,74.2,74.44,74.68,74.92,75.16,75.4,75.5,75.6,75.7,75.8,75.9,75.98,76.06,76.14,76.22,76.3,76.38,76.46,76.54,76.62,76.7,76.84,76.98,77.12,77.26
ET,6.4,6.64,6.88,7.12,7.36,7.6,7.8,8,8.2,8.4,8.6,8.78,8.96,9.14,9.32,9.5,9.68,9.86,10.04,10.22,10.4,10.62,10.84,11.06,11.28,11.5,11.72,11.94,12.16,12.38,12.6,12.86,13.12,13.38,13.64,13.9,14.1,14.3,14.5,14.7,14.9,15.14,15.38,15.62,15.86,16.1,16.4,16.7,17,17.3
FI,38.1,39.26,40.42,41.58,42.74,43.9,45.18,46.46,47.74,49.02,50.3,51.9,53.5,55.1,56.7,58.3,58.6,58.9,59.2,59.5,59.8,59.8,59.8,59.8,59.8,59.8,60.12,60.44,60.76,61.08,61.4,61.4,61.4,61.4,61.4,61.4,61.34,61.28,61.22,61.16,61.1,61.36,61.62,61.88,62.14,62.4,62.7,63,63.3,63.6
FJ,29.7,30.28,30.86,31.44,32.02,32.6,33.04,33.48,33.92,34.36,34.8,35.18,35.56,35.94,36.32,36.7,36.92,37.14,37.36,37.58,37.8,37.94,38.08,38.22,38.36,38.5,39.12,39.74,40.36,40.98,41.6,42.38,43.16,43.94,44.72,45.5,46.06,46.62,47.18,47.74,48.3,48.8,49.3,49.8,50.3,50.8,51.32,51.84,52.36,52.88
FM,22.3,22.54,22.78,23.02,23.26,23.5,23.76,24.02,24.28,24.54,24.8,25.02,25.24,25.46,25.68,25.9,26,26.1,26.2,26.3,26.4,26.34,26.28,26.22,26.16,26.1,26.04,25.98,25.92,25.86,25.8,25.66,25.52,25.38,25.24,25.1,24.54,23.98,23.42,22.86,22.3,22.3,22.3,22.3,22.3,22.3,22.38,22.46,22.54,22.62
FO,21.4,22.24,23.08,23.92,24.76,25.6,26.08,26.56,27.04,27.52,28,28.46,28.92,29.38,29.84,30.3,30.48,30.66,30.84,31.02,31.2,31.12,31.04,30.96,30.88,30.8,30.76,30.72,30.68,30.64,30.6,30.66,30.72,30.78,30.84,30.9,31.98,33.06,34.14,35.22,36.3,37,37.7,38.4,39.1,39.8,40.34,40.88,41.42,41.96
FR,61.9,62.94,63.98,65.02,66.06,67.1,67.9,68.7,69.5,70.3,71.1,71.46,71.82,72.18,72.54,72.9,72.98,73.06,73.14,73.22,73.3,73.38,73.46,73.54,73.62,73.7,73.78,73.86,73.94,74.02,74.1,74.26,74.42,74.58,74.74,74.9,75.08,75.26,75.44,75.62,75.8,75.98,76.16,76.34,76.52,76.7,76.92,77.14,77.36,77.58
GA,17.4,18.68,19.96,21.24,22.52,23.8,25.44,27.08,28.72,30.36,32,34.2,36.4,38.6,40.8,43,45.34,47.68,50.02,52.36,54.7,56.24,57.78,59.32,60.86,62.4,63.74,65.08,66.42,67.76,69.1,70.36,71.62,72.88,74.14,75.4,76.34,77.28,78.22,79.16,80.1,80.8,81.5,82.2,82.9,83.6,84.08,84.56,85.04,85.52
GB,78.4,78.28,78.16,78.04,77.92,77.8,77.66,77.52,77.38,77.24,77.1,78.22,79.34,80.46,81.58,82.7,83.74,84.78,85.82,86.86,87.9,88.04,88.18,88.32,88.46,88.6,88.62,88.64,88.66,88.68,88.7,88.76,88.82,88.88,88.94,89,89.08,89.16,89.24,89.32,89.4,89.46,89.52,89.58,89.64,89.7,89.78,89.86,89.94,90.02
GD,30.3,30.5,30.7,30.9,31.1,31.3,31.48,31.66,31.84,32.02,32.2,32.28,32.36,32.44,32.52,32.6,32.66,32.72,32.78,32.84,32.9,32.84,32.78,32.72,32.66,32.6,32.52,32.44,32.36,32.28,32.2,32.08,31.96,31.84,31.72,31.6,31.48,31.36,31.24,31.12,31,30.92,30.84,30.76,30.68,30.6,30.68,30.76,30.84,30.92
GE,42.3,42.82,43.34,43.86,44.38,44.9,45.42,45.94,46.46,46.98,47.5,47.9,48.3,48.7,49.1,49.5,49.92,50.34,50.76,51.18,51.6,52.06,52.52,52.98,53.44,53.9,54.14,54.38,54.62,54.86,55.1,54.86,54.62,54.38,54.14,53.9,53.66,53.42,53.18,52.94,52.7,52.66,52.62,52.58,52.54,52.5,52.58,52.66,52.74,52.82
GH,23.3,23.86,24.42,24.98,25.54,26.1,26.68,27.26,27.84,28.42,29,29.22,29.44,29.66,29.88,30.1,30.32,30.54,30.76,30.98,31.2,31.54,31.88,32.22,32.56,32.9,33.6,34.3,35,35.7,36.4,37.14,37.88,38.62,39.36,40.1,40.88,41.66,42.44,43.22,44,44.76,45.52,46.28,47.04,47.8,48.54,49.28,50.02,50.76
GL,58.5,60.02,61.54,63.06,64.58,66.1,67.42,68.74,70.06,71.38,72.7,73.04,73.38,73.72,74.06,74.4,74.74,75.08,75.42,75.76,76.1,76.48,76.86,77.24,77.62,78,78.34,78.68,79.02,79.36,79.7,79.94,80.18,80.42,80.66,80.9,81.04,81.18,81.32,81.46,81.6,81.84,82.08,82.32,82.56,82.8,83.04,83.28,83.52,83.76
GM,12.1,12.58,13.06,13.54,14.02,14.5,15.5,16.5,17.5,18.5,19.5,20.48,21.46,22.44,23.42,24.4,25.2,26,26.8,27.6,28.4,29.32,30.24,31.16,32.08,33,34.06,35.12,36.18,37.24,38.3,39.4,40.5,41.6,42.7,43.8,44.86,45.92,46.98,48.04,49.1,50.06,51.02,51.98,52.94,53.9,54.74,55.58,56.42,57.26
GN,10.5,11,11.5,12,12.5,13,13.6,14.2,14.8,15.4,16,16.7,17.4,18.1,18.8,19.5,20.32,21.14,21.96,22.78,23.6,24.2,24.8,25.4,26,26.6,26.88,27.16,27.44,27.72,28,28.3,28.6,28.9,29.2,29.5,29.8,30.1,30.4,30.7,31,31.4,31.8,32.2,32.6,33,33.48,33.96,34.44,34.92
GQ,25.5,25.7,25.9,26.1,26.3,26.5,26.6,26.7,26.8,26.9,27,27.08,27.16,27.24,27.32,27.4,27.5,27.6,27.7,27.8,27.9,28.3,28.7,29.1,29.5,29.9,30.86,31.82,32.78,33.74,34.7,35.52,36.34,37.16,37.98,38.8,38.8,38.8,38.8,38.8,38.8,38.82,38.84,38.86,38.88,38.9,39.06,39.22,39.38,39.54
GR,42.9,43.82,44.74,45.66,46.58,47.5,48.5,49.5,50.5,51.5,52.5,53.06,53.62,54.18,54.74,55.3,55.78,56.26,56.74,57.22,57.7,57.84,57.98,58.12,58.26,58.4,58.48,58.56,58.64,58.72,58.8,58.9,59,59.1,59.2,59.3,59.38,59.46,59.54,59.62,59.7,59.84,59.98,60.12,60.26,60.4,60.6,60.8,61,61.2
GT,31.1,31.68,32.26,32.84,33.42,34,34.3,34.6,34.9,35.2,35.5,35.74,35.98,36.22,36.46,36.7,36.84,36.98,37.12,37.26,37.4,37.76,38.12,38.48,38.84,39.2,39.58,39.96,40.34,40.72,41.1,41.5,41.9,42.3,42.7,43.1,43.5,43.9,44.3,44.7,45.1,45.52,45.94,46.36,46.78,47.2,47.66,48.12,48.58,49.04
GU,50.1,51.18,52.26,53.34,54.42,55.5,56.78,58.06,59.34,60.62,61.9,66.24,70.58,74.92,79.26,83.6,85.64,87.68,89.72,91.76,93.8,93.5,93.2,92.9,92.6,92.3,92,91.7,91.4,91.1,90.8,91.06,91.32,91.58,91.84,92.1,92.3,92.5,92.7,92.9,93.1,93.1,93.1,93.1,93.1,93.1,93.12,93.14,93.16,93.18
GW,13.6,13.74,13.88,14.02,14.16,14.3,14.46,14.62,14.78,14.94,15.1,15.28,15.46,15.64,15.82,16,16.32,16.64,16.96,17.28,17.6,18.56,19.52,20.48,21.44,22.4,23.54,24.68,25.82,26.96,28.1,28.44,28.78,29.12,29.46,29.8,29.78,29.76,29.74,29.72,29.7,29.68,29.66,29.64,29.62,29.6,29.68,29.76,29.84,29.92
GY,29,29.04,29.08,29.12,29.16,29.2,29.24,29.28,29.32,29.36,29.4,29.52,29.64,29.76,29.88,30,30.1,30.2,30.3,30.4,30.5,30.4,30.3,30.2,30.1,30,29.9,29.8,29.7,29.6,29.5,29.42,29.34,29.26,29.18,29.1,29,28.9,28.8,28.7,28.6,28.52,28.44,28.36,28.28,28.2,28.26,28.32,28.38,28.44
HK,85.2,85.44,85.68,85.92,86.16,86.4,86.66,86.92,87.18,87.44,87.7,88.1,88.5,88.9,89.3,89.7,90.06,90.42,90.78,91.14,91.5,91.78,92.06,92.34,92.62,92.9,94.22,95.54,96.86,98.18,99.5,99.6,99.7,99.8,99.9,100,100,100,100,100,100,100,100,100,100,100,100,100,100,100
HN,22.7,23.3,23.9,24.5,25.1,25.7,26.34,26.98,27.62,28.26,28.9,29.54,30.18,30.82,31.46,32.1,32.66,33.22,33.78,34.34,34.9,35.46,36.02,36.58,37.14,37.7,38.22,38.74,39.26,39.78,40.3,40.7,41.1,41.5,41.9,42.3,42.72,43.14,43.56,43.98,44.4,44.82,45.24,45.66,46.08,46.5,46.96,47.42,47.88,48.34
HR,30.2,31.16,32.12,33.08,34.04,35,36.04,37.08,38.12,39.16,40.2,41.18,42.16,43.14,44.12,45.1,46.1,47.1,48.1,49.1,50.1,50.54,50.98,51.42,51.86,52.3,52.64,52.98,53.32,53.66,54,54.18,54.36,54.54,54.72,54.9,55.04,55.18,55.32,55.46,55.6,55.78,55.96,56.14,56.32,56.5,56.76,57.02,57.28,57.54
HT,15.6,16,16.4,16.8,17.2,17.6,18.04,18.48,18.92,19.36,19.8,19.92,20.04,20.16,20.28,20.4,20.42,20.44,20.46,20.48,20.5,21.06,21.62,22.18,22.74,23.3,24.34,25.38,26.42,27.46,28.5,29.32,30.14,30.96,31.78,32.6,33.2,33.8,34.4,35,35.6,37.02,38.44,39.86,41.28,42.7,44.08,45.46,46.84,48.22
HU,55.9,56.32,56.74,57.16,57.58,58,58.42,58.84,59.26,59.68,60.1,60.52,60.94,61.36,61.78,62.2,62.6,63,63.4,63.8,64.2,64.38,64.56,64.74,64.92,65.1,65.24,65.38,65.52,65.66,65.8,65.68,65.56,65.44,65.32,65.2,65.08,64.96,64.84,64.72,64.6,64.94,65.28,65.62,65.96,66.3,66.7,67.1,67.5,67.9
ID,14.6,14.84,15.08,15.32,15.56,15.8,16.06,16.32,16.58,16.84,17.1,17.54,17.98,18.42,18.86,19.3,19.86,20.42,20.98,21.54,22.1,22.9,23.7,24.5,25.3,26.1,27,27.9,28.8,29.7,30.6,31.6,32.6,33.6,34.6,35.6,36.88,38.16,39.44,40.72,42,43.22,44.44,45.66,46.88,48.1,49.22,50.34,51.46,52.58
IE,45.8,46.38,46.96,47.54,48.12,48.7,49.3,49.9,50.5,51.1,51.7,52.08,52.46,52.84,53.22,53.6,53.94,54.28,54.62,54.96,55.3,55.5,55.7,55.9,56.1,56.3,56.42,56.54,56.66,56.78,56.9,57.1,57.3,57.5,57.7,57.9,58.14,58.38,58.62,58.86,59.1,59.38,59.66,59.94,60.22,60.5,60.78,61.06,61.34,61.62
IL,76.8,77.62,78.44,79.26,80.08,80.9,81.56,82.22,82.88,83.54,84.2,84.68,85.16,85.64,86.12,86.6,87,87.4,87.8,88.2,88.6,88.84,89.08,89.32,89.56,89.8,89.92,90.04,90.16,90.28,90.4,90.5,90.6,90.7,90.8,90.9,91,91.1,91.2,91.3,91.4,91.44,91.48,91.52,91.56,91.6,91.62,91.64,91.66,91.68
IM,55.1,55.34,55.58,55.82,56.06,56.3,56.2,56.1,56,55.9,55.8,55.12,54.44,53.76,53.08,52.4,52.28,52.16,52.04,51.92,51.8,51.8,51.8,51.8,51.8,51.8,51.78,51.76,51.74,51.72,51.7,51.72,51.74,51.76,51.78,51.8,51.8,51.8,51.8,51.8,51.8,51.68,51.56,51.44,51.32,51.2,51.08,50.96,50.84,50.72
IN,17.9,18.08,18.26,18.44,18.62,18.8,19,19.2,19.4,19.6,19.8,20.1,20.4,20.7,21,21.3,21.66,22.02,22.38,22.74,23.1,23.34,23.58,23.82,24.06,24.3,24.54,24.78,25.02,25.26,25.5,25.72,25.94,26.16,26.38,26.6,26.82,27.04,27.26,27.48,27.7,27.9,28.1,28.3,28.5,28.7,28.98,29.26,29.54,29.82
IQ,42.9,44.46,46.02,47.58,49.14,50.7,51.8,52.9,54,55.1,56.2,57.24,58.28,59.32,60.36,61.4,62.22,63.04,63.86,64.68,65.5,66.16,66.82,67.48,68.14,68.8,68.98,69.16,69.34,69.52,69.7,69.52,69.34,69.16,68.98,68.8,68.6,68.4,68.2,68,67.8,67.62,67.44,67.26,67.08,66.9,66.8,66.7,66.6,66.5
IR,33.7,34.38,35.06,35.74,36.42,37.1,37.92,38.74,39.56,40.38,41.2,42.1,43,43.9,44.8,45.7,46.5,47.3,48.1,48.9,49.7,50.44,51.18,51.92,52.66,53.4,53.98,54.56,55.14,55.72,56.3,57.08,57.86,58.64,59.42,60.2,61,61.8,62.6,63.4,64.2,64.74,65.28,65.82,66.36,66.9,67.42,67.94,68.46,68.98
IS,80.3,80.78,81.26,81.74,82.22,82.7,83.14,83.58,84.02,84.46,84.9,85.26,85.62,85.98,86.34,86.7,87.02,87.34,87.66,87.98,88.3,88.56,88.82,89.08,89.34,89.6,89.84,90.08,90.32,90.56,90.8,90.96,91.12,91.28,91.44,91.6,91.72,91.84,91.96,92.08,92.2,92.2,92.2,92.2,92.2,92.2,92.22,92.24,92.26,92.28
IT,59.4,59.88,60.36,60.84,61.32,61.8,62.3,62.8,63.3,63.8,64.3,64.56,64.82,65.08,65.34,65.6,65.8,66,66.2,66.4,66.6,66.64,66.68,66.72,66.76,66.8,66.78,66.76,66.74,66.72,66.7,66.74,66.78,66.82,66.86,66.9,66.96,67.02,67.08,67.14,67.2,67.28,67.36,67.44,67.52,67.6,67.76,67.92,68.08,68.24
JM,33.8,34.54,35.28,36.02,36.76,37.5,38.28,39.06,39.84,40.62,41.4,41.94,42.48,43.02,43.56,44.1,44.64,45.18,45.72,46.26,46.8,47.12,47.44,47.76,48.08,48.4,48.6,48.8,49,49.2,49.4,49.64,49.88,50.12,50.36,50.6,50.84,51.08,51.32,51.56,51.8,51.98,52.16,52.34,52.52,52.7,52.9,53.1,53.3,53.5
JO,50.9,51.58,52.26,52.94,53.62,54.3,54.64,54.98,55.32,55.66,56,56.34,56.68,57.02,57.36,57.7,58.14,58.58,59.02,59.46,59.9,61.18,62.46,63.74,65.02,66.3,67.48,68.66,69.84,71.02,72.2,73.4,74.6,75.8,77,78.2,78.22,78.24,78.26,78.28,78.3,78.3,78.3,78.3,78.3,78.3,78.34,78.38,78.42,78.46
JP,43.1,43.96,44.82,45.68,46.54,47.4,48.56,49.72,50.88,52.04,53.2,53.92,54.64,55.36,56.08,56.8,57.36,57.92,58.48,59.04,59.6,59.8,60,60.2,60.4,60.6,61.1,61.6,62.1,62.6,63.1,63.4,63.7,64,64.3,64.6,64.72,64.84,64.96,65.08,65.2,65.36,65.52,65.68,65.84,66,66.16,66.32,66.48,66.64
KE,7.4,7.64,7.88,8.12,8.36,8.6,8.94,9.28,9.62,9.96,10.3,10.82,11.34,11.86,12.38,12.9,13.46,14.02,14.58,15.14,15.7,15.96,16.22,16.48,16.74,17,17.24,17.48,17.72,17.96,18.2,18.36,18.52,18.68,18.84,19,19.14,19.28,19.42,19.56,19.7,19.9,20.1,20.3,20.5,20.7,21,21.3,21.6,21.9
KG,34.2,34.54,34.88,35.22,35.56,35.9,36.22,36.54,36.86,37.18,37.5,37.64,37.78,37.92,38.06,38.2,38.28,38.36,38.44,38.52,38.6,38.56,38.52,38.48,38.44,38.4,38.28,38.16,38.04,37.92,37.8,37.5,37.2,36.9,36.6,36.3,36.12,35.94,35.76,35.58,35.4,35.48,35.56,35.64,35.72,35.8,35.96,36.12,36.28,36.44
KH,10.3,10.4,10.5,10.6,10.7,10.8,11.84,12.88,13.92,14.96,16,13.68,11.36,9.04,6.72,4.4,5.32,6.24,7.16,8.08,9,9.72,10.44,11.16,11.88,12.6,12.6,12.6,12.6,12.6,12.6,12.92,13.24,13.56,13.88,14.2,14.74,15.28,15.82,16.36,16.9,17.46,18.02,18.58,19.14,19.7,20.32,20.94,21.56,22.18
KI,16.3,16.96,17.62,18.28,18.94,19.6,20.5,21.4,22.3,23.2,24.1,25.2,26.3,27.4,28.5,29.6,30.14,30.68,31.22,31.76,32.3,32.54,32.78,33.02,33.26,33.5,33.8,34.1,34.4,34.7,35,35.28,35.56,35.84,36.12,36.4,37.72,39.04,40.36,41.68,43,43.12,43.24,43.36,43.48,43.6,43.68,43.76,43.84,43.92
KM,12.6,13.48,14.36,15.24,16.12,17,17.48,17.96,18.44,18.92,19.4,19.76,20.12,20.48,20.84,21.2,21.6,22,22.4,22.8,23.2,23.66,24.12,24.58,25.04,25.5,25.98,26.46,26.94,27.42,27.9,27.98,28.06,28.14,28.22,28.3,28.26,28.22,28.18,28.14,28.1,28.06,28.02,27.98,27.94,27.9,27.96,28.02,28.08,28.14
KN,27.6,28.26,28.92,29.58,30.24,30.9,31.54,32.18,32.82,33.46,34.1,34.28,34.46,34.64,34.82,35,35.18,35.36,35.54,35.72,35.9,35.76,35.62,35.48,35.34,35.2,35.08,34.96,34.84,34.72,34.6,34.42,34.24,34.06,33.88,33.7,33.52,33.34,33.16,32.98,32.8,32.68,32.56,32.44,32.32,32.2,32.24,32.28,32.32,32.36
KP,40.2,41.18,42.16,43.14,44.12,45.1,46.92,48.74,50.56,52.38,54.2,54.7,55.2,55.7,56.2,56.7,56.74,56.78,56.82,56.86,56.9,57.04,57.18,57.32,57.46,57.6,57.76,57.92,58.08,58.24,58.4,58.54,58.68,58.82,58.96,59.1,59.32,59.54,59.76,59.98,60.2,60.48,60.76,61.04,61.32,61.6,61.96,62.32,62.68,63.04
KR,27.7,28.64,29.58,30.52,31.46,32.4,34.06,35.72,37.38,39.04,40.7,42.16,43.62,45.08,46.54,48,49.74,51.48,53.22,54.96,56.7,58.34,59.98,61.62,63.26,64.9,66.68,68.46,70.24,72.02,73.8,74.68,75.56,76.44,77.32,78.2,78.48,78.76,79.04,79.32,79.6,79.84,80.08,80.32,80.56,80.8,81.02,81.24,81.46,81.68
KW,74.9,75.78,76.66,77.54,78.42,79.3,80.58,81.86,83.14,84.42,85.7,86.44,87.18,87.92,88.66,89.4,90.48,91.56,92.64,93.72,94.8,95.42,96.04,96.66,97.28,97.9,97.92,97.94,97.96,97.98,98,98.02,98.04,98.06,98.08,98.1,98.12,98.14,98.16,98.18,98.2,98.22,98.24,98.26,98.28,98.3,98.32,98.34,98.36,98.38
KY,100,100,100,100,100,100,100,100,100,100,100,100,100,100,100,100,100,100,100,100,100,100,100,100,100,100,100,100,100,100,100,100,100,100,100,100,100,100,100,100,100,100,100,100,100,100,100,100,100,100
KZ,44.2,44.76,45.32,45.88,46.44,47,47.64,48.28,48.92,49.56,50.2,50.68,51.16,51.64,52.12,52.6,52.9,53.2,53.5,53.8,54.1,54.48,54.86,55.24,55.62,56,56.06,56.12,56.18,56.24,56.3,56.22,56.14,56.06,55.98,55.9,55.98,56.06,56.14,56.22,56.3,56.46,56.62,56.78,56.94,57.1,57.38,57.66,57.94,58.22
LA,7.9,7.98,8.06,8.14,8.22,8.3,8.56,8.82,9.08,9.34,9.6,9.9,10.2,10.5,10.8,11.1,11.36,11.62,11.88,12.14,12.4,12.68,12.96,13.24,13.52,13.8,14.12,14.44,14.76,15.08,15.4,15.8,16.2,16.6,17,17.4,18.32,19.24,20.16,21.08,22,23.08,24.16,25.24,26.32,27.4,28.56,29.72,30.88,32.04
LB,42.3,44.02,45.74,47.46,49.18,50.9,52.62,54.34,56.06,57.78,59.5,61,62.5,64,65.5,67,68.34,69.68,71.02,72.36,73.7,74.84,75.98,77.12,78.26,79.4,80.14,80.88,81.62,82.36,83.1,83.44,83.78,84.12,84.46,84.8,85.04,85.28,85.52,85.76,86,86.12,86.24,86.36,86.48,86.6,86.72,86.84,86.96,87.08
LC,21.5,21.74,21.98,22.22,22.46,22.7,22.94,23.18,23.42,23.66,23.9,24.16,24.42,24.68,24.94,25.2,25.46,25.72,25.98,26.24,26.5,26.78,27.06,27.34,27.62,27.9,28.18,28.46,28.74,29.02,29.3,29.36,29.42,29.48,29.54,29.6,29.28,28.96,28.64,28.32,28,27.92,27.84,27.76,27.68,27.6,27.68,27.76,27.84,27.92
LI,20.4,20.22,20.04,19.86,19.68,19.5,19.3,19.1,18.9,18.7,18.5,18.46,18.42,18.38,18.34,18.3,18.3,18.3,18.3,18.3,18.3,18.16,18.02,17.88,17.74,17.6,17.46,17.32,17.18,17.04,16.9,16.82,16.74,16.66,16.58,16.5,16.22,15.94,15.66,15.38,15.1,14.98,14.86,14.74,14.62,14.5,14.44,14.38,14.32,14.26
LK,16.4,16.64,16.88,17.12,17.36,17.6,17.98,18.36,18.74,19.12,19.5,19.5,19.5,19.5,19.5,19.5,19.36,19.22,19.08,18.94,18.8,18.64,18.48,18.32,18.16,18,17.84,17.68,17.52,17.36,17.2,17.04,16.88,16.72,16.56,16.4,16.26,16.12,15.98,15.84,15.7,15.58,15.46,15.34,15.22,15.1,15.1,15.1,15.1,15.1
LR,18.6,19.3,20,20.7,21.4,22.1,22.88,23.66,24.44,25.22,26,26.88,27.76,28.64,29.52,30.4,31.36,32.32,33.28,34.24,35.2,36.22,37.24,38.26,39.28,40.3,41.3,42.3,43.3,44.3,45.3,46.24,47.18,48.12,49.06,50,50.86,51.72,52.58,53.44,54.3,55.06,55.82,56.58,57.34,58.1,58.78,59.46,60.14,60.82
LS,3.4,3.98,4.56,5.14,5.72,6.3,6.76,7.22,7.68,8.14,8.6,9.04,9.48,9.92,10.36,10.8,10.94,11.08,11.22,11.36,11.5,11.56,11.62,11.68,11.74,11.8,12.24,12.68,13.12,13.56,14,14.6,15.2,15.8,16.4,17,17.6,18.2,18.8,19.4,20,20.66,21.32,21.98,22.64,23.3,24.02,24.74,25.46,26.18
LT,39.5,40.5,41.5,42.5,43.5,44.5,45.52,46.54,47.56,48.58,49.6,50.82,52.04,53.26,54.48,55.7,56.8,57.9,59,60.1,61.2,61.96,62.72,63.48,64.24,65,65.52,66.04,66.56,67.08,67.6,67.54,67.48,67.42,67.36,67.3,67.24,67.18,67.12,67.06,67,66.92,66.84,66.76,66.68,66.6,66.72,66.84,66.96,67.08
LU,69.6,70.08,70.56,71.04,71.52,72,72.48,72.96,73.44,73.92,74.4,74.98,75.56,76.14,76.72,77.3,77.84,78.38,78.92,79.46,80,80.14,80.28,80.42,80.56,80.7,80.74,80.78,80.82,80.86,80.9,81.3,81.7,82.1,82.5,82.9,83.08,83.26,83.44,83.62,83.8,83.6,83.4,83.2,83,82.8,82.68,82.56,82.44,82.32
LV,52.9,53.68,54.46,55.24,56.02,56.8,57.58,58.36,59.14,59.92,60.7,61.4,62.1,62.8,63.5,64.2,64.78,65.36,65.94,66.52,67.1,67.4,67.7,68,68.3,68.6,68.74,68.88,69.02,69.16,69.3,69.2,69.1,69,68.9,68.8,68.66,68.52,68.38,68.24,68.1,68.08,68.06,68.04,68.02,68,68.04,68.08,68.12,68.16
LY,27.3,28.58,29.86,31.14,32.42,33.7,36.9,40.1,43.3,46.5,49.7,52.32,54.94,57.56,60.18,62.8,64.26,65.72,67.18,68.64,70.1,71.18,72.26,73.34,74.42,75.5,75.54,75.58,75.62,75.66,75.7,75.76,75.82,75.88,75.94,76,76.08,76.16,76.24,76.32,76.4,76.52,76.64,76.76,76.88,77,77.18,77.36,77.54,77.72
MA,29.4,29.9,30.4,30.9,31.4,31.9,32.42,32.94,33.46,33.98,34.5,35.14,35.78,36.42,37.06,37.7,38.4,39.1,39.8,40.5,41.2,41.92,42.64,43.36,44.08,44.8,45.52,46.24,46.96,47.68,48.4,49.06,49.72,50.38,51.04,51.7,52.02,52.34,52.66,52.98,53.3,53.64,53.98,54.32,54.66,55,55.34,55.68,56.02,56.36
MC,100,100,100,100,100,100,100,100,100,100,100,100,100,100,100,100,100,100,100,100,100,100,100,100,100,100,100,100,100,100,100,100,100,100,100,100,100,100,100,100,100,100,100,100,100,100,100,100,100,100
MD,23.4,24.24,25.08,25.92,26.76,27.6,28.5,29.4,30.3,31.2,32.1,32.92,33.74,34.56,35.38,36.2,37.04,37.88,38.72,39.56,40.4,41.16,41.92,42.68,43.44,44.2,44.72,45.24,45.76,46.28,46.8,46.7,46.6,46.5,46.4,46.3,45.96,45.62,45.28,44.94,44.6,44.2,43.8,43.4,43,42.6,42.32,42.04,41.76,41.48
ME,18.8,19.56,20.32,21.08,21.84,22.6,23.46,24.32,25.18,26.04,26.9,27.84,28.78,29.72,30.66,31.6,32.64,33.68,34.72,35.76,36.8,37.9,39,40.1,41.2,42.3,43.44,44.58,45.72,46.86,48,49.08,50.16,51.24,52.32,53.4,54.42,55.44,56.46,57.48,58.5,59.04,59.58,60.12,60.66,61.2,60.86,60.52,60.18,59.84
MG,10.6,10.96,11.32,11.68,12.04,12.4,12.74,13.08,13.42,13.76,14.1,14.54,14.98,15.42,15.86,16.3,16.74,17.18,17.62,18.06,18.5,18.98,19.46,19.94,20.42,20.9,21.44,21.98,22.52,23.06,23.6,24.04,24.48,24.92,25.36,25.8,26.06,26.32,26.58,26.84,27.1,27.38,27.66,27.94,28.22,28.5,28.84,29.18,29.52,29.86
MH,35.6,37.02,38.44,39.86,41.28,42.7,44.86,47.02,49.18,51.34,53.5,54.92,56.34,57.76,59.18,60.6,60.14,59.68,59.22,58.76,58.3,59.02,59.74,60.46,61.18,61.9,62.54,63.18,63.82,64.46,65.1,65.42,65.74,66.06,66.38,66.7,67.04,67.38,67.72,68.06,68.4,68.72,69.04,69.36,69.68,70,70.36,70.72,71.08,71.44
MK,34,35.28,36.56,37.84,39.12,40.4,41.74,43.08,44.42,45.76,47.1,47.8,48.5,49.2,49.9,50.6,51.18,51.76,52.34,52.92,53.5,53.94,54.38,54.82,55.26,55.7,56.12,56.54,56.96,57.38,57.8,58.3,58.8,59.3,59.8,60.3,60.82,61.34,61.86,62.38,62.9,63.4,63.9,64.4,64.9,65.4,65.9,66.4,66.9,67.4
ML,11.1,11.4,11.7,12,12.3,12.6,12.94,13.28,13.62,13.96,14.3,14.68,15.06,15.44,15.82,16.2,16.66,17.12,17.58,18.04,18.5,19,19.5,20,20.5,21,21.46,21.92,22.38,22.84,23.3,23.74,24.18,24.62,25.06,25.5,25.98,26.46,26.94,27.42,27.9,28.42,28.94,29.46,29.98,30.5,31.06,31.62,32.18,32.74
MM,19.2,19.56,19.92,20.28,20.64,21,21.36,21.72,22.08,22.44,22.8,23.02,23.24,23.46,23.68,23.9,23.92,23.94,23.96,23.98,24,24.04,24.08,24.12,24.16,24.2,24.34,24.48,24.62,24.76,24.9,25.14,25.38,25.62,25.86,26.1,26.48,26.86,27.24,27.62,28,28.52,29.04,29.56,30.08,30.6,31.26,31.92,32.58,33.24
MN,35.7,36.98,38.26,39.54,40.82,42.1,42.7,43.3,43.9,44.5,45.1,45.82,46.54,47.26,47.98,48.7,49.38,50.06,50.74,51.42,52.1,52.68,53.26,53.84,54.42,55,55.4,55.8,56.2,56.6,57,56.96,56.92,56.88,56.84,56.8,56.76,56.72,56.68,56.64,56.6,56.62,56.64,56.66,56.68,56.7,56.86,57.02,57.18,57.34
MO,95.3,95.48,95.66,95.84,96.02,96.2,96.36,96.52,96.68,96.84,97,97.18,97.36,97.54,97.72,97.9,98.02,98.14,98.26,98.38,98.5,98.68,98.86,99.04,99.22,99.4,99.48,99.56,99.64,99.72,99.8,99.82,99.84,99.86,99.88,99.9,99.92,99.94,99.96,99.98,100,100,100,100,100,100,100,100,100,100
MP,51.2,52.72,54.24,55.76,57.28,58.8,61.06,63.32,65.58,67.84,70.1,72.2,74.3,76.4,78.5,80.6,81.84,83.08,84.32,85.56,86.8,87.12,87.44,87.76,88.08,88.4,88.66,88.92,89.18,89.44,89.7,89.68,89.66,89.64,89.62,89.6,89.72,89.84,89.96,90.08,90.2,90.32,90.44,90.56,90.68,90.8,90.9,91,91.1,91.2
MR,6.9,7.54,8.18,8.82,9.46,10.1,11,11.9,12.8,13.7,14.6,15.8,17,18.2,19.4,20.6,21.96,23.32,24.68,26.04,27.4,28.92,30.44,31.96,33.48,35,35.94,36.88,37.82,38.76,39.7,39.72,39.74,39.76,39.78,39.8,39.84,39.88,39.92,39.96,40,40.08,40.16,40.24,40.32,40.4,40.6,40.8,41,41.2
MT,90.1,90.04,89.98,89.92,89.86,89.8,89.78,89.76,89.74,89.72,89.7,89.7,89.7,89.7,89.7,89.7,89.72,89.74,89.76,89.78,89.8,89.8,89.8,89.8,89.8,89.8,89.92,90.04,90.16,90.28,90.4,90.5,90.6,90.7,90.8,90.9,91.2,91.5,91.8,92.1,92.4,92.64,92.88,93.12,93.36,93.6,93.82,94.04,94.26,94.48
MU,33.2,33.96,34.72,35.48,36.24,37,38,39,40,41,42,42.28,42.56,42.84,43.12,43.4,43.2,43,42.8,42.6,42.4,42.38,42.36,42.34,42.32,42.3,42.62,42.94,43.26,43.58,43.9,43.78,43.66,43.54,43.42,43.3,43.18,43.06,42.94,42.82,42.7,42.62,42.54,42.46,42.38,42.3,42.36,42.42,42.48,42.54
MV,11.2,11.26,11.32,11.38,11.44,11.5,11.58,11.66,11.74,11.82,11.9,12.98,14.06,15.14,16.22,17.3,18.3,19.3,20.3,21.3,22.3,22.94,23.58,24.22,24.86,25.5,25.56,25.62,25.68,25.74,25.8,25.76,25.72,25.68,25.64,25.6,26.02,26.44,26.86,27.28,27.7,28.94,30.18,31.42,32.66,33.9,35.22,36.54,37.86,39.18
MW,4.4,4.5,4.6,4.7,4.8,4.9,5.14,5.38,5.62,5.86,6.1,6.42,6.74,7.06,7.38,7.7,7.98,8.26,8.54,8.82,9.1,9.32,9.54,9.76,9.98,10.2,10.48,10.76,11.04,11.32,11.6,11.94,12.28,12.62,12.96,13.3,13.68,14.06,14.44,14.82,15.2,15.62,16.04,16.46,16.88,17.3,17.8,18.3,18.8,19.3
MX,50.8,51.62,52.44,53.26,54.08,54.9,55.72,56.54,57.36,58.18,59,59.76,60.52,61.28,62.04,62.8,63.5,64.2,64.9,65.6,66.3,66.84,67.38,67.92,68.46,69,69.48,69.96,70.44,70.92,71.4,71.8,72.2,72.6,73,73.4,73.66,73.92,74.18,74.44,74.7,75.02,75.34,75.66,75.98,76.3,76.6,76.9,77.2,77.5
MY,26.6,27.26,27.92,28.58,29.24,29.9,30.62,31.34,32.06,32.78,33.5,34.34,35.18,36.02,36.86,37.7,38.56,39.42,40.28,41.14,42,42.78,43.56,44.34,45.12,45.9,46.68,47.46,48.24,49.02,49.8,50.98,52.16,53.34,54.52,55.7,56.96,58.22,59.48,60.74,62,63.12,64.24,65.36,66.48,67.6,68.52,69.44,70.36,71.28
MZ,3.7,3.88,4.06,4.24,4.42,4.6,4.84,5.08,5.32,5.56,5.8,6.38,6.96,7.54,8.12,8.7,9.58,10.46,11.34,12.22,13.1,13.82,14.54,15.26,15.98,16.7,17.58,18.46,19.34,20.22,21.1,22.12,23.14,24.16,25.18,26.2,27.1,28,28.9,29.8,30.7,31.46,32.22,32.98,33.74,34.5,35.28,36.06,36.84,37.62
NA,17.9,18.32,18.74,19.16,19.58,20,20.46,20.92,21.38,21.84,22.3,22.58,22.86,23.14,23.42,23.7,23.98,24.26,24.54,24.82,25.1,25.36,25.62,25.88,26.14,26.4,26.66,26.92,27.18,27.44,27.7,28.12,28.54,28.96,29.38,29.8,30.32,30.84,31.36,31.88,32.4,32.94,33.48,34.02,34.56,35.1,35.68,36.26,36.84,37.42
NC,37.4,38.84,40.28,41.72,43.16,44.6,45.92,47.24,48.56,49.88,51.2,52,52.8,53.6,54.4,55.2,55.64,56.08,56.52,56.96,57.4,57.68,57.96,58.24,58.52,58.8,58.96,59.12,59.28,59.44,59.6,59.74,59.88,60.02,60.16,60.3,60.62,60.94,61.26,61.58,61.9,62.26,62.62,62.98,63.34,63.7,64.06,64.42,64.78,65.14
NE,5.8,6,6.2,6.4,6.6,6.8,7.2,7.6,8,8.4,8.8,9.32,9.84,10.36,10.88,11.4,11.8,12.2,12.6,13,13.4,13.62,13.84,14.06,14.28,14.5,14.68,14.86,15.04,15.22,15.4,15.48,15.56,15.64,15.72,15.8,15.88,15.96,16.04,16.12,16.2,16.22,16.24,16.26,16.28,16.3,16.38,16.46,16.54,16.62
NG,16.2,16.98,17.76,18.54,19.32,20.1,20.62,21.14,21.66,22.18,22.7,23.26,23.82,24.38,24.94,25.5,26.12,26.74,27.36,27.98,28.6,29.24,29.88,30.52,31.16,31.8,32.5,33.2,33.9,34.6,35.3,36.02,36.74,37.46,38.18,38.9,39.62,40.34,41.06,41.78,42.5,43.24,43.98,44.72,45.46,46.2,46.92,47.64,48.36,49.08
NI,39.6,40.22,40.84,41.46,42.08,42.7,43.56,44.42,45.28,46.14,47,47.34,47.68,48.02,48.36,48.7,48.94,49.18,49.42,49.66,49.9,50.14,50.38,50.62,50.86,51.1,51.34,51.58,51.82,52.06,52.3,52.54,52.78,53.02,53.26,53.5,53.74,53.98,54.22,54.46,54.7,54.94,55.18,55.42,55.66,55.9,56.18,56.46,56.74,57.02
NL,59.8,60,60.2,60.4,60.6,60.8,60.98,61.16,61.34,61.52,61.7,62,62.3,62.6,62.9,63.2,63.5,63.8,64.1,64.4,64.7,65.1,65.5,65.9,66.3,66.7,67.1,67.5,67.9,68.3,68.7,69.52,70.34,71.16,71.98,72.8,73.6,74.4,75.2,76,76.8,77.48,78.16,78.84,79.52,80.2,80.74,81.28,81.82,82.36
NO,49.9,51.44,52.98,54.52,56.06,57.6,59.16,60.72,62.28,63.84,65.4,65.96,66.52,67.08,67.64,68.2,68.66,69.12,69.58,70.04,70.5,70.66,70.82,70.98,71.14,71.3,71.44,71.58,71.72,71.86,72,72.36,72.72,73.08,73.44,73.8,74.26,74.72,75.18,75.64,76.1,76.34,76.58,76.82,77.06,77.3,77.36,77.42,77.48,77.54
NP,3.5,3.54,3.58,3.62,3.66,3.7,3.76,3.82,3.88,3.94,4,4.16,4.32,4.48,4.64,4.8,5.06,5.32,5.58,5.84,6.1,6.36,6.62,6.88,7.14,7.4,7.7,8,8.3,8.6,8.9,9.3,9.7,10.1,10.5,10.9,11.4,11.9,12.4,12.9,13.4,13.88,14.36,14.84,15.32,15.8,16.28,16.76,17.24,17.72
NZ,76,76.58,77.16,77.74,78.32,78.9,79.34,79.78,80.22,80.66,81.1,81.44,81.78,82.12,82.46,82.8,82.92,83.04,83.16,83.28,83.4,83.46,83.52,83.58,83.64,83.7,83.9,84.1,84.3,84.5,84.7,84.82,84.94,85.06,85.18,85.3,85.38,85.46,85.54,85.62,85.7,85.8,85.9,86,86.1,86.2,86.32,86.44,86.56,86.68
OM,16.4,17.58,18.76,19.94,21.12,22.3,23.78,25.26,26.74,28.22,29.7,31.4,33.1,34.8,36.5,38.2,40.08,41.96,43.84,45.72,47.6,49.5,51.4,53.3,55.2,57.1,58.9,60.7,62.5,64.3,66.1,67.22,68.34,69.46,70.58,71.7,71.68,71.66,71.64,71.62,71.6,71.58,71.56,71.54,71.52,71.5,71.54,71.58,71.62,71.66
PA,41.2,41.84,42.48,43.12,43.76,44.4,45.04,45.68,46.32,46.96,47.6,47.88,48.16,48.44,48.72,49,49.28,49.56,49.84,50.12,50.4,50.74,51.08,51.42,51.76,52.1,52.46,52.82,53.18,53.54,53.9,55.12,56.34,57.56,58.78,60,61.16,62.32,63.48,64.64,65.8,66.8,67.8,68.8,69.8,70.8,71.6,72.4,73.2,74
PE,46.8,47.82,48.84,49.86,50.88,51.9,53,54.1,55.2,56.3,57.4,58.22,59.04,59.86,60.68,61.5,62.12,62.74,63.36,63.98,64.6,65.06,65.52,65.98,66.44,66.9,67.3,67.7,68.1,68.5,68.9,69.18,69.46,69.74,70.02,70.3,70.38,70.46,70.54,70.62,70.7,70.78,70.86,70.94,71.02,71.1,71.2,71.3,71.4,71.5
PF,42.4,43.56,44.72,45.88,47.04,48.2,49.62,51.04,52.46,53.88,55.3,55.62,55.94,56.26,56.58,56.9,57,57.1,57.2,57.3,57.4,57.38,57.36,57.34,57.32,57.3,57.02,56.74,56.46,56.18,55.9,55.42,54.94,54.46,53.98,53.5,53.28,53.06,52.84,52.62,52.4,52.26,52.12,51.98,51.84,51.7,51.68,51.66,51.64,51.62
PG,3.7,4.06,4.42,4.78,5.14,5.5,6.36,7.22,8.08,8.94,9.8,10.22,10.64,11.06,11.48,11.9,12.12,12.34,12.56,12.78,13,13.2,13.4,13.6,13.8,14,14.2,14.4,14.6,14.8,15,14.82,14.64,14.46,14.28,14.1,13.92,13.74,13.56,13.38,13.2,13.08,12.96,12.84,12.72,12.6,12.58,12.56,12.54,12.52
PH,30.3,30.56,30.82,31.08,31.34,31.6,31.88,32.16,32.44,32.72,33,33.52,34.04,34.56,35.08,35.6,35.98,36.36,36.74,37.12,37.5,38.6,39.7,40.8,41.9,43,44.16,45.32,46.48,47.64,48.8,49.84,50.88,51.92,52.96,54,54.9,55.8,56.7,57.6,58.5,59.34,60.18,61.02,61.86,62.7,63.44,64.18,64.92,65.66
PK,22.1,22.38,22.66,22.94,23.22,23.5,23.76,24.02,24.28,24.54,24.8,25.1,25.4,25.7,26,26.3,26.66,27.02,27.38,27.74,28.1,28.34,28.58,28.82,29.06,29.3,29.56,29.82,30.08,30.34,30.6,30.84,31.08,31.32,31.56,31.8,32.08,32.36,32.64,32.92,33.2,33.54,33.88,34.22,34.56,34.9,35.32,35.74,36.16,36.58
PL,47.9,48.34,48.78,49.22,49.66,50.1,50.5,50.9,51.3,51.7,52.1,52.74,53.38,54.02,54.66,55.3,55.86,56.42,56.98,57.54,58.1,58.46,58.82,59.18,59.54,59.9,60.18,60.46,60.74,61.02,61.3,61.34,61.38,61.42,61.46,61.5,61.54,61.58,61.62,61.66,61.7,61.66,61.62,61.58,61.54,61.5,61.44,61.38,61.32,61.26
PR,44.5,45.9,47.3,48.7,50.1,51.5,52.86,54.22,55.58,56.94,58.3,59.2,60.1,61,61.9,62.8,63.62,64.44,65.26,66.08,66.9,67.36,67.82,68.28,68.74,69.2,69.8,70.4,71,71.6,72.2,75.18,78.16,81.14,84.12,87.1,88.6,90.1,91.6,93.1,94.6,95.2,95.8,96.4,97,97.6,97.84,98.08,98.32,98.56
PT,35,35.38,35.76,36.14,36.52,36.9,37.28,37.66,38.04,38.42,38.8,39.2,39.6,40,40.4,40.8,41.2,41.6,42,42.4,42.8,43.3,43.8,44.3,44.8,45.3,45.82,46.34,46.86,47.38,47.9,48.54,49.18,49.82,50.46,51.1,51.76,52.42,53.08,53.74,54.4,55.04,55.68,56.32,56.96,57.6,58.22,58.84,59.46,60.08
PW,56.8,57.1,57.4,57.7,58,58.3,58.58,58.86,59.14,59.42,59.7,59.98,60.26,60.54,60.82,61.1,61.38,61.66,61.94,62.22,62.5,63.48,64.46,65.44,66.42,67.4,67.84,68.28,68.72,69.16,69.6,69.96,70.32,70.68,71.04,71.4,71.1,70.8,70.5,70.2,69.9,71.34,72.78,74.22,75.66,77.1,78.22,79.34,80.46,81.58
PY,35.6,35.72,35.84,35.96,36.08,36.2,36.38,36.56,36.74,36.92,37.1,37.48,37.86,38.24,38.62,39,39.54,40.08,40.62,41.16,41.7,42.36,43.02,43.68,44.34,45,45.74,46.48,47.22,47.96,48.7,49.38,50.06,50.74,51.42,52.1,52.74,53.38,54.02,54.66,55.3,55.94,56.58,57.22,57.86,58.5,59.1,59.7,60.3,60.9
QA,85.2,85.6,86,86.4,86.8,87.2,87.44,87.68,87.92,88.16,88.4,88.5,88.6,88.7,88.8,88.9,89,89.1,89.2,89.3,89.4,89.54,89.68,89.82,89.96,90.1,90.52,90.94,91.36,91.78,92.2,92.58,92.96,93.34,93.72,94.1,94.26,94.42,94.58,94.74,94.9,95,95.1,95.2,95.3,95.4,95.48,95.56,95.64,95.72
RO,34.2,34.9,35.6,36.3,37,37.7,38.22,38.74,39.26,39.78,40.3,40.8,41.3,41.8,42.3,42.8,43.46,44.12,44.78,45.44,46.1,46.8,47.5,48.2,48.9,49.6,50.32,51.04,51.76,52.48,53.2,53.36,53.52,53.68,53.84,54,53.9,53.8,53.7,53.6,53.5,53.54,53.58,53.62,53.66,53.7,53.88,54.06,54.24,54.42
RS,-1,-1,-1,-1,-1,-1,-1,-1,-1,-1,-1,-1,-1,-1,-1,-1,-1,-1,-1,-1,-1,-1,-1,-1,-1,-1,-1,-1,-1,-1,50.4,50.5,50.6,50.7,50.8,50.9,50.94,50.98,51.02,51.06,51.1,51.18,51.26,51.34,51.42,51.5,51.68,51.86,52.04,52.22
RU,53.8,54.72,55.64,56.56,57.48,58.4,59.22,60.04,60.86,61.68,62.5,63.38,64.26,65.14,66.02,66.9,67.48,68.06,68.64,69.22,69.8,70.24,70.68,71.12,71.56,72,72.28,72.56,72.84,73.12,73.4,73.4,73.4,73.4,73.4,73.4,73.4,73.4,73.4,73.4,73.4,73.3,73.2,73.1,73,72.9,72.88,72.86,72.84,72.82
RW,2.4,2.48,2.56,2.64,2.72,2.8,2.88,2.96,3.04,3.12,3.2,3.36,3.52,3.68,3.84,4,4.14,4.28,4.42,4.56,4.7,4.78,4.86,4.94,5.02,5.1,5.16,5.22,5.28,5.34,5.4,5.98,6.56,7.14,7.72,8.3,9.4,10.5,11.6,12.7,13.8,14.54,15.28,16.02,16.76,17.5,17.78,18.06,18.34,18.62
SA,31.3,32.8,34.3,35.8,37.3,38.8,40.78,42.76,44.74,46.72,48.7,50.62,52.54,54.46,56.38,58.3,59.82,61.34,62.86,64.38,65.9,67.24,68.58,69.92,71.26,72.6,73.4,74.2,75,75.8,76.6,77.02,77.44,77.86,78.28,78.7,78.92,79.14,79.36,79.58,79.8,80.04,80.28,80.52,80.84,81.42,82,82.58,82.42,82.26
SB,5.8,6.08,6.36,6.64,6.92,7.2,7.54,7.88,8.22,8.56,8.9,8.94,8.98,9.02,9.06,9.1,9.4,9.7,10,10.3,10.6,10.96,11.32,11.68,12.04,12.4,12.66,12.92,13.18,13.44,13.7,13.9,14.1,14.3,14.5,14.7,14.9,15.1,15.3,15.5,15.7,15.96,16.22,16.48,16.74,17,17.32,17.64,17.96,18.28
SC,27.7,28.78,29.86,30.94,32.02,33.1,34.3,35.5,36.7,37.9,39.1,40.54,41.98,43.42,44.86,46.3,46.92,47.54,48.16,48.78,49.4,49.38,49.36,49.34,49.32,49.3,49.3,49.3,49.3,49.3,49.3,49.42,49.54,49.66,49.78,49.9,50.12,50.34,50.56,50.78,51,51.38,51.76,52.14,52.52,52.9,53.38,53.86,54.34,54.82
SD,10.7,11.24,11.78,12.32,12.86,13.4,14.02,14.64,15.26,15.88,16.5,16.98,17.46,17.94,18.42,18.9,19.12,19.34,19.56,19.78,20,20.48,20.96,21.44,21.92,22.4,23.24,24.08,24.92,25.76,26.6,27.54,28.48,29.42,30.36,31.3,32.26,33.22,34.18,35.14,36.1,37.04,37.98,38.92,39.86,40.8,41.68,42.56,43.44,44.32
SE,72.5,73.42,74.34,75.26,76.18,77.1,77.88,78.66,79.44,80.22,81,81.34,81.68,82.02,82.36,82.7,82.78,82.86,82.94,83.02,83.1,83.1,83.1,83.1,83.1,83.1,83.1,83.1,83.1,83.1,83.1,83.24,83.38,83.52,83.66,83.8,83.84,83.88,83.92,83.96,84,84.06,84.12,84.18,84.24,84.3,84.38,84.46,84.54,84.62
SG,100,100,100,100,100,100,100,100,100,100,100,100,100,100,100,100,100,100,100,100,100,100,100,100,100,100,100,100,100,100,100,100,100,100,100,100,100,100,100,100,100,100,100,100,100,100,100,100,100,100
SI,28.2,29.06,29.92,30.78,31.64,32.5,33.4,34.3,35.2,36.1,37,38.08,39.16,40.24,41.32,42.4,43.52,44.64,45.76,46.88,48,48.32,48.64,48.96,49.28,49.6,49.76,49.92,50.08,50.24,50.4,50.44,50.48,50.52,50.56,50.6,50.64,50.68,50.72,50.76,50.8,50.54,50.28,50.02,49.76,49.5,49.2,48.9,48.6,48.3
SK,33.5,34.2,34.9,35.6,36.3,37,37.82,38.64,39.46,40.28,41.1,42.14,43.18,44.22,45.26,46.3,47.36,48.42,49.48,50.54,51.6,52.12,52.64,53.16,53.68,54.2,54.66,55.12,55.58,56.04,56.5,56.5,56.5,56.5,56.5,56.5,56.46,56.42,56.38,56.34,56.3,56.28,56.26,56.24,56.22,56.2,56.32,56.44,56.56,56.68
SL,17.4,17.96,18.52,19.08,19.64,20.2,20.84,21.48,22.12,22.76,23.4,24.08,24.76,25.44,26.12,26.8,27.26,27.72,28.18,28.64,29.1,29.6,30.1,30.6,31.1,31.6,31.86,32.12,32.38,32.64,32.9,33.16,33.42,33.68,33.94,34.2,34.46,34.72,34.98,35.24,35.5,35.76,36.02,36.28,36.54,36.8,37.12,37.44,37.76,38.08
SM,48.9,50,51.1,52.2,53.3,54.4,55.48,56.56,57.64,58.72,59.8,62.14,64.48,66.82,69.16,71.5,73.44,75.38,77.32,79.26,81.2,82.62,84.04,85.46,86.88,88.3,88.72,89.14,89.56,89.98,90.4,90.66,90.92,91.18,91.44,91.7,92.04,92.38,92.72,93.06,93.4,93.54,93.68,93.82,93.96,94.1,94.14,94.18,94.22,94.26
SN,23,23.68,24.36,25.04,25.72,26.4,27.12,27.84,28.56,29.28,30,30.74,31.48,32.22,32.96,33.7,34.12,34.54,34.96,35.38,35.8,36.14,36.48,36.82,37.16,37.5,37.8,38.1,38.4,38.7,39,39.16,39.32,39.48,39.64,39.8,39.96,40.12,40.28,40.44,40.6,40.8,41,41.2,41.4,41.6,41.86,42.12,42.38,42.64
SO,17.3,17.84,18.38,18.92,19.46,20,20.54,21.08,21.62,22.16,22.7,23.26,23.82,24.38,24.94,25.5,25.76,26.02,26.28,26.54,26.8,27.06,27.32,27.58,27.84,28.1,28.42,28.74,29.06,29.38,29.7,30.04,30.38,30.72,31.06,31.4,31.76,32.12,32.48,32.84,33.2,33.6,34,34.4,34.8,35.2,35.64,36.08,36.52,36.96
SR,47.3,47.26,47.22,47.18,47.14,47.1,46.86,46.62,46.38,46.14,45.9,46.62,47.34,48.06,48.78,49.5,50.6,51.7,52.8,53.9,55,56.76,58.52,60.28,62.04,63.8,64.7,65.6,66.5,67.4,68.3,68.68,69.06,69.44,69.82,70.2,70.58,70.96,71.34,71.72,72.1,72.46,72.82,73.18,73.54,73.9,74.24,74.58,74.92,75.26
ST,16.1,17.24,18.38,19.52,20.66,21.8,23.34,24.88,26.42,27.96,29.5,29.92,30.34,30.76,31.18,31.6,31.98,32.36,32.74,33.12,33.5,34.4,35.3,36.2,37.1,38,39.12,40.24,41.36,42.48,43.6,44.6,45.6,46.6,47.6,48.6,49.56,50.52,51.48,52.44,53.4,54.34,55.28,56.22,57.16,58.1,58.92,59.74,60.56,61.38
SV,38.3,38.42,38.54,38.66,38.78,38.9,39,39.1,39.2,39.3,39.4,39.82,40.24,40.66,41.08,41.5,42.02,42.54,43.06,43.58,44.1,44.6,45.1,45.6,46.1,46.6,47.12,47.64,48.16,48.68,49.2,50.16,51.12,52.08,53.04,54,54.88,55.76,56.64,57.52,58.4,58.68,58.96,59.24,59.52,59.8,60.1,60.4,60.7,61
SY,36.8,37.44,38.08,38.72,39.36,40,40.66,41.32,41.98,42.64,43.3,43.66,44.02,44.38,44.74,45.1,45.42,45.74,46.06,46.38,46.7,46.94,47.18,47.42,47.66,47.9,48.1,48.3,48.5,48.7,48.9,49.14,49.38,49.62,49.86,50.1,50.4,50.7,51,51.3,51.6,51.92,52.24,52.56,52.88,53.2,53.54,53.88,54.22,54.56
SZ,3.9,4.42,4.94,5.46,5.98,6.5,7.14,7.78,8.42,9.06,9.7,10.56,11.42,12.28,13.14,14,14.76,15.52,16.28,17.04,17.8,18.6,19.4,20.2,21,21.8,22.02,22.24,22.46,22.68,22.9,22.92,22.94,22.96,22.98,23,23.06,23.12,23.18,23.24,23.3,23.46,23.62,23.78,23.94,24.1,24.38,24.66,24.94,25.22
TD,6.7,7.04,7.38,7.72,8.06,8.4,9.04,9.68,10.32,10.96,11.6,12.4,13.2,14,14.8,15.6,16.24,16.88,17.52,18.16,18.8,19,19.2,19.4,19.6,19.8,20,20.2,20.4,20.6,20.8,21.02,21.24,21.46,21.68,21.9,22.2,22.5,22.8,23.1,23.4,23.78,24.16,24.54,24.92,25.3,25.76,26.22,26.68,27.14
TG,10.1,11.08,12.06,13.04,14.02,15,16.26,17.52,18.78,20.04,21.3,21.62,21.94,22.26,22.58,22.9,23.26,23.62,23.98,24.34,24.7,25.2,25.7,26.2,26.7,27.2,27.78,28.36,28.94,29.52,30.1,30.72,31.34,31.96,32.58,33.2,33.86,34.52,35.18,35.84,36.5,37.18,37.86,38.54,39.22,39.9,40.6,41.3,42,42.7
TH,19.7,19.8,19.9,20,20.1,20.2,20.34,20.48,20.62,20.76,20.9,21.48,22.06,22.64,23.22,23.8,24.4,25,25.6,26.2,26.8,27.06,27.32,27.58,27.84,28.1,28.36,28.62,28.88,29.14,29.4,29.58,29.76,29.94,30.12,30.3,30.46,30.62,30.78,30.94,31.1,31.34,31.58,31.82,32.06,32.3,32.64,32.98,33.32,33.66
TJ,33.2,33.6,34,34.4,34.8,35.2,35.54,35.88,36.22,36.56,36.9,36.62,36.34,36.06,35.78,35.5,35.26,35.02,34.78,34.54,34.3,34.08,33.86,33.64,33.42,33.2,32.9,32.6,32.3,32,31.7,31.14,30.58,30.02,29.46,28.9,28.42,27.94,27.46,26.98,26.5,26.48,26.46,26.44,26.42,26.4,26.42,26.44,26.46,26.48
TL,10.1,10.36,10.62,10.88,11.14,11.4,11.7,12,12.3,12.6,12.9,13.24,13.58,13.92,14.26,14.6,14.98,15.36,15.74,16.12,16.5,16.92,17.34,17.76,18.18,18.6,19.04,19.48,19.92,20.36,20.8,21.14,21.48,21.82,22.16,22.5,22.86,23.22,23.58,23.94,24.3,24.66,25.02,25.38,25.74,26.1,26.5,26.9,27.3,27.7
TM,46.4,46.54,46.68,46.82,46.96,47.1,47.24,47.38,47.52,47.66,47.8,47.76,47.72,47.68,47.64,47.6,47.5,47.4,47.3,47.2,47.1,46.88,46.66,46.44,46.22,46,45.82,45.64,45.46,45.28,45.1,45.14,45.18,45.22,45.26,45.3,45.4,45.5,45.6,45.7,45.8,46.1,46.4,46.7,47,47.3,47.74,48.18,48.62,49.06
TN,37.5,37.94,38.38,38.82,39.26,39.7,40.46,41.22,41.98,42.74,43.5,44.32,45.14,45.96,46.78,47.6,48.2,48.8,49.4,50,50.6,51.24,51.88,52.52,53.16,53.8,54.62,55.44,56.26,57.08,57.9,58.62,59.34,60.06,60.78,61.5,61.88,62.26,62.64,63.02,63.4,63.78,64.16,64.54,64.92,65.3,65.7,66.1,66.5,66.9
TO,17.6,17.98,18.36,18.74,19.12,19.5,19.64,19.78,19.92,20.06,20.2,20.22,20.24,20.26,20.28,20.3,20.48,20.66,20.84,21.02,21.2,21.42,21.64,21.86,22.08,22.3,22.38,22.46,22.54,22.62,22.7,22.74,22.78,22.82,22.86,22.9,22.96,23.02,23.08,23.14,23.2,23.36,23.52,23.68,23.84,24,24.26,24.52,24.78,25.04
TR,31.5,32.04,32.58,33.12,33.66,34.2,35,35.8,36.6,37.4,38.2,38.88,39.56,40.24,40.92,41.6,42.04,42.48,42.92,43.36,43.8,45.52,47.24,48.96,50.68,52.4,53.76,55.12,56.48,57.84,59.2,59.78,60.36,60.94,61.52,62.1,62.62,63.14,63.66,64.18,64.7,65.22,65.74,66.26,66.78,67.3,67.76,68.22,68.68,69.14
TT,17.3,16.7,16.1,15.5,14.9,14.3,13.82,13.34,12.86,12.38,11.9,11.8,11.7,11.6,11.5,11.4,11.3,11.2,11.1,11,10.9,10.64,10.38,10.12,9.86,9.6,9.38,9.16,8.94,8.72,8.5,8.72,8.94,9.16,9.38,9.6,9.84,10.08,10.32,10.56,10.8,11.08,11.36,11.64,11.92,12.2,12.54,12.88,13.22,13.56
TZ,5.2,5.36,5.52,5.68,5.84,6,6.38,6.76,7.14,7.52,7.9,8.54,9.18,9.82,10.46,11.1,11.8,12.5,13.2,13.9,14.6,15.04,15.48,15.92,16.36,16.8,17.22,17.64,18.06,18.48,18.9,19.22,19.54,19.86,20.18,20.5,20.86,21.22,21.58,21.94,22.3,22.68,23.06,23.44,23.82,24.2,24.64,25.08,25.52,25.96
UA,46.8,47.56,48.32,49.08,49.84,50.6,51.44,52.28,53.12,53.96,54.8,55.52,56.24,56.96,57.68,58.4,59.06,59.72,60.38,61.04,61.7,62.3,62.9,63.5,64.1,64.7,65.12,65.54,65.96,66.38,66.8,66.84,66.88,66.92,66.96,67,67.02,67.04,67.06,67.08,67.1,67.24,67.38,67.52,67.66,67.8,67.86,67.92,67.98,68.04
UG,4.4,4.62,4.84,5.06,5.28,5.5,5.74,5.98,6.22,6.46,6.7,6.76,6.82,6.88,6.94,7,7.1,7.2,7.3,7.4,7.5,7.84,8.18,8.52,8.86,9.2,9.58,9.96,10.34,10.72,11.1,11.22,11.34,11.46,11.58,11.7,11.78,11.86,11.94,12.02,12.1,12.18,12.26,12.34,12.42,12.5,12.66,12.82,12.98,13.14
US,70,70.38,70.76,71.14,71.52,71.9,72.24,72.58,72.92,73.26,73.6,73.62,73.64,73.66,73.68,73.7,73.7,73.7,73.7,73.7,73.7,73.86,74.02,74.18,74.34,74.5,74.66,74.82,74.98,75.14,75.3,75.7,76.1,76.5,76.9,77.3,77.66,78.02,78.38,78.74,79.1,79.44,79.78,80.12,80.46,80.8,81.1,81.4,81.7,82
UY,80.2,80.42,80.64,80.86,81.08,81.3,81.52,81.74,81.96,82.18,82.4,82.6,82.8,83,83.2,83.4,83.8,84.2,84.6,85,85.4,85.76,86.12,86.48,86.84,87.2,87.56,87.92,88.28,88.64,89,89.3,89.6,89.9,90.2,90.5,90.66,90.82,90.98,91.14,91.3,91.44,91.58,91.72,91.86,92,92.1,92.2,92.3,92.4
UZ,34,34.26,34.52,34.78,35.04,35.3,35.58,35.86,36.14,36.42,36.7,37.18,37.66,38.14,38.62,39.1,39.44,39.78,40.12,40.46,40.8,40.78,40.76,40.74,40.72,40.7,40.58,40.46,40.34,40.22,40.1,39.76,39.42,39.08,38.74,38.4,38.18,37.96,37.74,37.52,37.3,37.18,37.06,36.94,36.82,36.7,36.74,36.78,36.82,36.86
VC,13.9,15.08,16.26,17.44,18.62,19.8,21.22,22.64,24.06,25.48,26.9,26.92,26.94,26.96,26.98,27,27.04,27.08,27.12,27.16,27.2,28.48,29.76,31.04,32.32,33.6,35,36.4,37.8,39.2,40.6,41.08,41.56,42.04,42.52,43,43.28,43.56,43.84,44.12,44.4,44.7,45,45.3,45.6,45.9,46.28,46.66,47.04,47.42
VE,61.6,62.68,63.76,64.84,65.92,67,67.98,68.96,69.94,70.92,71.9,72.68,73.46,74.24,75.02,75.8,76.48,77.16,77.84,78.52,79.2,79.74,80.28,80.82,81.36,81.9,82.38,82.86,83.34,83.82,84.3,84.8,85.3,85.8,86.3,86.8,87.38,87.96,88.54,89.12,89.7,90.22,90.74,91.26,91.78,92.3,92.64,92.98,93.32,93.66
VI,56.5,57.86,59.22,60.58,61.94,63.3,64.56,65.82,67.08,68.34,69.6,70.72,71.84,72.96,74.08,75.2,76.18,77.16,78.14,79.12,80.1,80.94,81.78,82.62,83.46,84.3,84.98,85.66,86.34,87.02,87.7,88.24,88.78,89.32,89.86,90.4,90.84,91.28,91.72,92.16,92.6,92.92,93.24,93.56,93.88,94.2,94.42,94.64,94.86,95.08
VN,14.7,15.04,15.38,15.72,16.06,16.4,16.78,17.16,17.54,17.92,18.3,18.4,18.5,18.6,18.7,18.8,18.88,18.96,19.04,19.12,19.2,19.28,19.36,19.44,19.52,19.6,19.74,19.88,20.02,20.16,20.3,20.68,21.06,21.44,21.82,22.2,22.62,23.04,23.46,23.88,24.3,24.72,25.14,25.56,25.98,26.4,26.88,27.36,27.84,28.32
VU,10.4,10.58,10.76,10.94,11.12,11.3,11.5,11.7,11.9,12.1,12.3,12.52,12.74,12.96,13.18,13.4,13.66,13.92,14.18,14.44,14.7,15.1,15.5,15.9,16.3,16.7,17.1,17.5,17.9,18.3,18.7,19,19.3,19.6,19.9,20.2,20.5,20.8,21.1,21.4,21.7,22.06,22.42,22.78,23.14,23.5,23.92,24.34,24.76,25.18
WS,18.9,18.98,19.06,19.14,19.22,19.3,19.52,19.74,19.96,20.18,20.4,20.52,20.64,20.76,20.88,21,21.04,21.08,21.12,21.16,21.2,21.2,21.2,21.2,21.2,21.2,21.2,21.2,21.2,21.2,21.2,21.26,21.32,21.38,21.44,21.5,21.58,21.66,21.74,21.82,21.9,22,22.1,22.2,22.3,22.4,22.6,22.8,23,23.2
YE,9.1,9.48,9.86,10.24,10.62,11,11.46,11.92,12.38,12.84,13.3,13.6,13.9,14.2,14.5,14.8,15.14,15.48,15.82,16.16,16.5,16.88,17.26,17.64,18.02,18.4,18.9,19.4,19.9,20.4,20.9,21.48,22.06,22.64,23.22,23.8,24.3,24.8,25.3,25.8,26.3,26.82,27.34,27.86,28.38,28.9,29.48,30.06,30.64,31.22
ZA,46.6,46.72,46.84,46.96,47.08,47.2,47.32,47.44,47.56,47.68,47.8,47.86,47.92,47.98,48.04,48.1,48.16,48.22,48.28,48.34,48.4,48.6,48.8,49,49.2,49.4,49.92,50.44,50.96,51.48,52,52.5,53,53.5,54,54.5,54.98,55.46,55.94,56.42,56.9,57.38,57.86,58.34,58.82,59.3,59.78,60.26,60.74,61.22
ZM,18.1,19.16,20.22,21.28,22.34,23.4,24.8,26.2,27.6,29,30.4,31.3,32.2,33.1,34,34.9,35.88,36.86,37.84,38.82,39.8,39.78,39.76,39.74,39.72,39.7,39.64,39.58,39.52,39.46,39.4,38.94,38.48,38.02,37.56,37.1,36.64,36.18,35.72,35.26,34.8,34.84,34.88,34.92,34.96,35,35.14,35.28,35.42,35.56
ZW,12.6,13,13.4,13.8,14.2,14.6,15.16,15.72,16.28,16.84,17.4,17.9,18.4,18.9,19.4,19.9,20.4,20.9,21.4,21.9,22.4,23,23.6,24.2,24.8,25.4,26.12,26.84,27.56,28.28,29,29.54,30.08,30.62,31.16,31.7,32.12,32.54,32.96,33.38,33.8,34.22,34.64,35.06,35.48,35.9,36.38,36.86,37.34,37.82
