Country,Production (Ton),Year,Rank
Bangladesh,14426200,1961,4
Brazil,5392480,1961,9
Cambodia,2383000,1961,13
China,56217601,1961,1
Democratic People's Republic of Korea,1809000,1961,15
Egypt,1142000,1961,18
India,53494500,1961,2
Indonesia,12084000,1961,5
Japan,16160400,1961,3
Madagascar,1465000,1961,17
Malaysia,1089080,1961,19
Myanmar,6834100,1961,8
Nepal,2108000,1961,14
Pakistan,1690000,1961,16
Philippines,3910100,1961,11
Republic of Korea,4679000,1961,10
Sri Lanka,923024,1961,20
Thailand,10150000,1961,6
United States of America,2458000,1961,12
Viet Nam,8997400,1961,7
Bangladesh,13304500,1962,4
Brazil,5556830,1962,9
Cambodia,2039000,1962,14
China,65675288,1962,1
Democratic People's Republic of Korea,1897100,1962,16
Egypt,2038000,1962,15
India,49825600,1962,2
Indonesia,13004000,1962,5
Japan,16927100,1962,3
Madagascar,1552000,1962,18
Malaysia,1125340,1962,19
Myanmar,7664700,1962,8
Nepal,2108320,1962,13
Pakistan,1643000,1962,17
Philippines,3966980,1962,11
Republic of Korea,4074000,1962,10
Sri Lanka,1029190,1962,20
Thailand,11250000,1962,6
United States of America,2996000,1962,12
Viet Nam,9747040,1962,7
Bangladesh,15934900,1963,4
Brazil,5740070,1963,9
Cambodia,2622000,1963,13
China,76439280,1963,1
Democratic People's Republic of Korea,2072500,1963,16
Egypt,2219000,1963,14
India,55497000,1963,2
Indonesia,11595000,1963,6
Japan,16648800,1963,3
Madagascar,1559000,1963,18
Malaysia,1190210,1963,19
Myanmar,7782900,1963,8
Nepal,2109000,1963,15
Pakistan,1788000,1963,17
Philippines,3842860,1963,11
Republic of Korea,5079000,1963,10
Sri Lanka,1045910,1963,20
Thailand,12171000,1963,5
United States of America,3187000,1963,12
Viet Nam,9622670,1963,7
Bangladesh,15753600,1964,4
Brazil,6344930,1964,9
Cambodia,2760000,1964,13
China,85853780,1964,1
Democratic People's Republic of Korea,2176100,1964,15
Egypt,2036000,1964,16
India,58962000,1964,2
Indonesia,12306000,1964,5
Japan,16356100,1964,3
Madagascar,1648080,1964,18
Malaysia,1109780,1964,19
Myanmar,8507700,1964,8
Nepal,2201000,1964,14
Pakistan,2025000,1964,17
Philippines,3992400,1964,11
Republic of Korea,5344000,1964,10
Sri Lanka,1074050,1964,20
Thailand,11600000,1964,6
United States of America,3319000,1964,12
Viet Nam,9697030,1964,7
Bangladesh,15750500,1965,4
Brazil,7579650,1965,9
Cambodia,2500000,1965,13
China,90705630,1965,1
Democratic People's Republic of Korea,1905000,1965,16
Egypt,1789000,1965,17
India,45883500,1965,2
Indonesia,12975000,1965,5
Japan,16126100,1965,3
Madagascar,1589350,1965,18
Malaysia,1255610,1965,19
Myanmar,8055100,1965,8
Nepal,2207000,1965,14
Pakistan,1975000,1965,15
Philippines,4072640,1965,11
Republic of Korea,4867000,1965,10
Sri Lanka,764158,1965,20
Thailand,11164000,1965,6
United States of America,3460000,1965,12
Viet Nam,9369700,1965,7
Bangladesh,14363000,1966,4
Brazil,5801810,1966,9
Cambodia,2376000,1966,13
China,98403990,1966,1
Democratic People's Republic of Korea,2128300,1966,14
Egypt,1678000,1966,17
India,45657000,1966,2
Indonesia,13650000,1966,5
Japan,16564000,1966,3
Madagascar,1602800,1966,18
Malaysia,1226680,1966,19
Myanmar,6636400,1966,8
Nepal,2007300,1966,16
Pakistan,2047000,1966,15
Philippines,4094020,1966,11
Republic of Korea,5448000,1966,10
Sri Lanka,980746,1966,20
Thailand,13500000,1966,6
United States of America,3856420,1966,12
Viet Nam,8463500,1966,7
Bangladesh,16757000,1967,4
Brazil,6791990,1967,9
Cambodia,2457000,1967,13
China,96734816,1967,1
Democratic People's Republic of Korea,1976800,1967,17
Egypt,2278000,1967,14
India,56418300,1967,2
Indonesia,13222000,1967,5
Japan,18782000,1967,3
Madagascar,1706400,1967,18
Malaysia,1205070,1967,19
Myanmar,7769400,1967,8
Nepal,2119430,1967,16
Pakistan,2248000,1967,15
Philippines,4560700,1967,11
Republic of Korea,5008000,1967,10
Sri Lanka,1158150,1967,20
Thailand,11198000,1967,6
United States of America,4054140,1967,12
Viet Nam,9188400,1967,7
Bangladesh,17015500,1968,5
Brazil,6652390,1968,9
Cambodia,3251000,1968,13
China,97716767,1968,1
Democratic People's Republic of Korea,1913000,1968,17
Egypt,2591000,1968,15
India,59641800,1968,2
Indonesia,17162800,1968,4
Japan,18779000,1968,3
Madagascar,1796500,1968,18
Malaysia,1433950,1968,19
Myanmar,8022900,1968,8
Nepal,2178260,1968,16
Pakistan,3048000,1968,14
Philippines,4444660,1968,11
Republic of Korea,4442000,1968,12
Sri Lanka,1359540,1968,20
Thailand,12410000,1968,6
United States of America,4723780,1968,10
Viet Nam,8366150,1968,7
Bangladesh,18007300,1969,5
Brazil,6394290,1969,9
Cambodia,2503000,1969,15
China,97998492,1969,1
Democratic People's Republic of Korea,2343400,1969,16
Egypt,2561000,1969,14
India,60644500,1969,2
Indonesia,18020200,1969,4
Japan,18200000,1969,3
Madagascar,1844000,1969,18
Malaysia,1590600,1969,19
Myanmar,7984700,1969,8
Nepal,2241230,1969,17
Pakistan,3601000,1969,13
Philippines,5464080,1969,11
Republic of Korea,5688000,1969,10
Sri Lanka,1375960,1969,20
Thailand,13410000,1969,6
United States of America,4168670,1969,12
Viet Nam,8815000,1969,7
Bangladesh,16714900,1970,4
Brazil,7553080,1970,9
Cambodia,3814000,1970,12
China,113101869,1970,1
Democratic People's Republic of Korea,2327500,1970,16
Egypt,2604000,1970,15
India,63337800,1970,2
Indonesia,19331000,1970,3
Japan,16493000,1970,5
Madagascar,1945900,1970,18
Malaysia,1681420,1970,19
Myanmar,8161900,1970,8
Nepal,2304200,1970,17
Pakistan,3298400,1970,14
Philippines,5578410,1970,10
Republic of Korea,5476000,1970,11
Sri Lanka,1615930,1970,20
Thailand,13850000,1970,6
United States of America,3801310,1970,13
Viet Nam,10173300,1970,7
Bangladesh,14896700,1971,4
Brazil,6593180,1971,9
Cambodia,2732000,1971,14
China,118129210,1971,1
Democratic People's Republic of Korea,2407200,1971,16
Egypt,2533690,1971,15
India,64602000,1971,2
Indonesia,20190000,1971,3
Japan,14148000,1971,5
Madagascar,1893000,1971,18
Malaysia,1816920,1971,19
Myanmar,8175000,1971,8
Nepal,2343830,1971,17
Pakistan,3392600,1971,13
Philippines,5324880,1971,11
Republic of Korea,5557000,1971,10
Sri Lanka,1395780,1971,20
Thailand,13744000,1971,6
United States of America,3890350,1971,12
Viet Nam,10447000,1971,7
Bangladesh,15133700,1972,5
Brazil,6760640,1972,9
Cambodia,1927000,1972,17
China,116428562,1972,1
Democratic People's Republic of Korea,2311500,1972,15
Egypt,2507000,1972,14
India,58868000,1972,2
Indonesia,19393600,1972,3
Japan,15450500,1972,4
Madagascar,1923600,1972,18
Malaysia,1837320,1972,19
Myanmar,7356800,1972,8
Nepal,2010450,1972,16
Pakistan,3495210,1972,13
Philippines,4609510,1972,11
Republic of Korea,5496000,1972,10
Sri Lanka,1312450,1972,20
Thailand,12413000,1972,6
United States of America,3875430,1972,12
Viet Nam,10748200,1972,7
Bangladesh,17862700,1973,4
Brazil,7160130,1973,9
Cambodia,1050000,1973,20
China,124584090,1973,1
Democratic People's Republic of Korea,2598500,1973,14
Egypt,2275000,1973,16
India,66077000,1973,2
Indonesia,21489500,1973,3
Japan,15778000,1973,5
Madagascar,1913300,1973,18
Malaysia,1979940,1973,17
Myanmar,8601900,1973,8
Nepal,2416050,1973,15
Pakistan,3681980,1973,13
Philippines,5158900,1973,11
Republic of Korea,5850000,1973,10
Sri Lanka,1312420,1973,19
Thailand,14899000,1973,6
United States of America,4207730,1973,12
Viet Nam,11125000,1973,7
Bangladesh,16929600,1974,4
Brazil,6764040,1974,9
Cambodia,635000,1974,20
China,127010740,1974,1
Democratic People's Republic of Korea,2710000,1974,14
Egypt,2241690,1974,16
India,59650000,1974,2
Indonesia,22473000,1974,3
Japan,15964000,1974,5
Madagascar,2013450,1974,18
Malaysia,2095000,1974,17
Myanmar,8583400,1974,8
Nepal,2452270,1974,15
Pakistan,3470150,1974,13
Philippines,5615270,1974,11
Republic of Korea,6174000,1974,10
Sri Lanka,1602310,1974,19
Thailand,13386000,1974,6
United States of America,5097720,1974,12
Viet Nam,11023300,1974,7
Bangladesh,19142600,1975,4
Brazil,7781540,1975,9
Cambodia,1080000,1975,20
China,128726270,1975,1
Democratic People's Republic of Korea,2813700,1975,14
Egypt,2423450,1975,16
India,73352000,1975,2
Indonesia,22339200,1975,3
Japan,17097000,1975,5
Madagascar,1972100,1975,18
Malaysia,1997000,1975,17
Myanmar,9207700,1975,8
Nepal,2604750,1975,15
Pakistan,3926180,1975,13
Philippines,6112040,1975,11
Republic of Korea,6485000,1975,10
Sri Lanka,1154160,1975,19
Thailand,15300000,1975,6
United States of America,5825770,1975,12
Viet Nam,10293600,1975,7
Bangladesh,17628300,1976,4
Brazil,9757080,1976,8
Cambodia,1100000,1976,20
China,129231900,1976,1
Democratic People's Republic of Korea,2853600,1976,14
Egypt,2300030,1976,16
India,63051900,1976,2
Indonesia,23300900,1976,3
Japan,15288000,1976,5
Madagascar,2042500,1976,17
Malaysia,1995000,1976,18
Myanmar,9319300,1976,9
Nepal,2386270,1976,15
Pakistan,4106180,1976,13
Philippines,6542610,1976,11
Republic of Korea,7249000,1976,10
Sri Lanka,1252620,1976,19
Thailand,15068000,1976,6
United States of America,5245680,1976,12
Viet Nam,11827200,1976,7
Bangladesh,19451500,1977,4
Brazil,8993700,1977,9
Cambodia,1000000,1977,20
China,131917520,1977,1
Democratic People's Republic of Korea,3060900,1977,14
Egypt,2272310,1977,16
India,79005600,1977,2
Indonesia,23347100,1977,3
Japan,17006000,1977,5
Madagascar,2067270,1977,17
Malaysia,1898000,1977,18
Myanmar,9462000,1977,8
Nepal,2282430,1977,15
Pakistan,4424410,1977,13
Philippines,7254390,1977,11
Republic of Korea,8348000,1977,10
Sri Lanka,1677290,1977,19
Thailand,13921000,1977,6
United States of America,4500680,1977,12
Viet Nam,10597100,1977,7
Bangladesh,19582200,1978,4
Brazil,7296140,1978,10
Cambodia,1000000,1978,20
China,140023850,1978,1
Democratic People's Republic of Korea,2957200,1978,14
Egypt,2351000,1978,15
India,80608500,1978,2
Indonesia,25771600,1978,3
Japan,15736000,1978,6
Madagascar,1922000,1978,17
Malaysia,1498000,1978,19
Myanmar,10528300,1978,7
Nepal,2339280,1978,16
Pakistan,4908000,1978,13
Philippines,7211620,1978,11
Republic of Korea,8532000,1978,9
Sri Lanka,1890490,1978,18
Thailand,17470000,1978,5
United States of America,6040490,1978,12
Viet Nam,9789900,1978,8
Bangladesh,19109500,1979,4
Brazil,7595210,1979,11
Cambodia,538000,1979,20
China,146846140,1979,1
Democratic People's Republic of Korea,3060100,1979,14
Egypt,2511000,1979,15
India,63475700,1979,2
Indonesia,26282700,1979,3
Japan,14948000,1979,6
Madagascar,2044940,1979,18
Malaysia,2095000,1979,16
Myanmar,10447900,1979,8
Nepal,2059930,1979,17
Pakistan,4823700,1979,13
Philippines,7684800,1979,10
Republic of Korea,7880940,1979,9
Sri Lanka,1917220,1979,19
Thailand,15758000,1979,5
United States of America,5985020,1979,12
Viet Nam,11362900,1979,7
Bangladesh,20821000,1980,4
Brazil,9775720,1980,9
Cambodia,1717000,1980,20
China,142876520,1980,1
Democratic People's Republic of Korea,2646400,1980,14
Egypt,2382100,1980,16
India,80312000,1980,2
Indonesia,29651900,1980,3
Japan,12189000,1980,7
Madagascar,2108910,1980,18
Malaysia,2044600,1980,19
Myanmar,13317400,1980,6
Nepal,2464310,1980,15
Pakistan,4684800,1980,13
Philippines,7646490,1980,10
Republic of Korea,5311410,1980,12
Sri Lanka,2133200,1980,17
Thailand,17368100,1980,5
United States of America,6629250,1980,11
Viet Nam,11647400,1980,8
Bangladesh,20445900,1981,4
Brazil,8228330,1981,10
Cambodia,1490000,1981,20
China,146959840,1981,1
Democratic People's Republic of Korea,3044900,1981,14
Egypt,2236360,1981,16
India,79883000,1981,2
Indonesia,32774200,1981,3
Japan,12824000,1981,7
Madagascar,2011480,1981,19
Malaysia,2019900,1981,18
Myanmar,14146600,1981,6
Nepal,2560080,1981,15
Pakistan,5144550,1981,13
Philippines,7910740,1981,11
Republic of Korea,7148700,1981,12
Sri Lanka,2229350,1981,17
Thailand,17774300,1981,5
United States of America,8289040,1981,9
Viet Nam,12415200,1981,8
Bangladesh,21324600,1982,4
Brazil,9734550,1982,9
Cambodia,1949000,1982,18
China,164741380,1982,1
Democratic People's Republic of Korea,2010000,1982,16
Egypt,2440510,1982,14
India,70771700,1982,2
Indonesia,33583700,1982,3
Japan,12838000,1982,8
Madagascar,1969910,1982,17
Malaysia,1883600,1982,19
Myanmar,14373400,1982,7
Nepal,1832620,1982,20
Pakistan,5167050,1982,13
Philippines,8533730,1982,10
Republic of Korea,7307860,1982,11
Sri Lanka,2155630,1982,15
Thailand,16878500,1982,5
United States of America,6968900,1982,12
Viet Nam,14390200,1982,6
Bangladesh,21761000,1983,4
Brazil,7741750,1983,9
Cambodia,2039000,1983,19
China,172008862,1983,1
Democratic People's Republic of Korea,2064000,1983,18
Egypt,2442000,1983,16
India,90048000,1983,2
Indonesia,35303000,1983,3
Japan,12958000,1983,8
Madagascar,2147000,1983,17
Malaysia,1734330,1983,20
Myanmar,14288100,1983,7
Nepal,2756980,1983,14
Pakistan,5009250,1983,12
Philippines,7294910,1983,11
Republic of Korea,7607540,1983,10
Sri Lanka,2483530,1983,15
Thailand,19548900,1983,5
United States of America,4523200,1983,13
Viet Nam,14743300,1983,6
Bangladesh,21933500,1984,4
Brazil,9027370,1984,9
Cambodia,1260000,1984,20
China,181095744,1984,1
Democratic People's Republic of Korea,2193000,1984,17
Egypt,2236440,1984,16
India,87552800,1984,2
Indonesia,38136400,1984,3
Japan,14848000,1984,7
Madagascar,2131100,1984,18
Malaysia,1571670,1984,19
Myanmar,14255500,1984,8
Nepal,2709430,1984,14
Pakistan,4972800,1984,13
Philippines,7828880,1984,11
Republic of Korea,7970330,1984,10
Sri Lanka,2419700,1984,15
Thailand,19904800,1984,5
United States of America,6296300,1984,12
Viet Nam,15505600,1984,6
Bangladesh,22556300,1985,4
Brazil,9024560,1985,9
Cambodia,1812000,1985,19
China,171318865,1985,1
Democratic People's Republic of Korea,2113000,1985,18
Egypt,2311300,1985,16
India,95817700,1985,2
Indonesia,39032900,1985,3
Japan,14578000,1985,7
Madagascar,2177680,1985,17
Malaysia,1745370,1985,20
Myanmar,14317000,1985,8
Nepal,2804490,1985,14
Pakistan,4378400,1985,13
Philippines,8805600,1985,10
Republic of Korea,7855260,1985,11
Sri Lanka,2661210,1985,15
Thailand,20263900,1985,5
United States of America,6122000,1985,12
Viet Nam,15874800,1985,6
Bangladesh,23110000,1986,4
Brazil,10404700,1986,9
Cambodia,2093000,1986,19
China,174720521,1986,1
Democratic People's Republic of Korea,2387000,1986,16
Egypt,2445000,1986,15
India,90779400,1986,2
Indonesia,39726800,1986,3
Japan,14559000,1986,7
Madagascar,2230210,1986,18
Malaysia,1718220,1986,20
Myanmar,14127100,1986,8
Nepal,2372020,1986,17
Pakistan,5230000,1986,13
Philippines,9246790,1986,10
Republic of Korea,7871370,1986,11
Sri Lanka,2588180,1986,14
Thailand,18868200,1986,5
United States of America,6049000,1986,12
Viet Nam,16002900,1986,6
Bangladesh,23120600,1987,4
Brazil,10425100,1987,9
Cambodia,1815000,1987,19
China,176662485,1987,1
Democratic People's Republic of Korea,2219000,1987,16
Egypt,2406000,1987,15
India,85338700,1987,2
Indonesia,40078200,1987,3
Japan,13284000,1987,8
Madagascar,2178000,1987,17
Malaysia,1626700,1987,20
Myanmar,13638400,1987,7
Nepal,2981780,1987,14
Pakistan,4861400,1987,13
Philippines,8539850,1987,10
Republic of Korea,7595760,1987,11
Sri Lanka,2127830,1987,18
Thailand,18428300,1987,5
United States of America,5879000,1987,12
Viet Nam,15102600,1987,6
Bangladesh,23316500,1988,4
Brazil,11806500,1988,9
Cambodia,2500000,1988,15
China,171441923,1988,1
Democratic People's Republic of Korea,2129000,1988,19
Egypt,2132000,1988,18
India,106369000,1988,2
Indonesia,41676200,1988,3
Japan,12419000,1988,8
Madagascar,2149000,1988,17
Malaysia,1696240,1988,20
Myanmar,13167100,1988,7
Nepal,3283210,1988,14
Pakistan,4800300,1988,13
Philippines,8970920,1988,10
Republic of Korea,8260160,1988,11
Sri Lanka,2476610,1988,16
Thailand,21262900,1988,5
United States of America,7253000,1988,12
Viet Nam,17000000,1988,6
Bangladesh,26784500,1989,4
Brazil,11029800,1989,9
Cambodia,2672000,1989,16
China,182485243,1989,1
Democratic People's Republic of Korea,2142000,1989,18
Egypt,2679000,1989,15
India,110311000,1989,2
Indonesia,44725600,1989,3
Japan,12934000,1989,8
Madagascar,2380000,1989,17
Malaysia,1743440,1989,20
Myanmar,13806500,1989,7
Nepal,3389670,1989,14
Pakistan,4830150,1989,13
Philippines,9458770,1989,10
Republic of Korea,8099950,1989,11
Sri Lanka,2063440,1989,19
Thailand,20601000,1989,5
United States of America,7007400,1989,12
Viet Nam,18996300,1989,6
Bangladesh,26777900,1990,4
Brazil,7420930,1990,11
Cambodia,2500000,1990,17
China,191614672,1990,1
Democratic People's Republic of Korea,1800000,1990,20
Egypt,3167420,1990,15
India,111517000,1990,2
Indonesia,45178800,1990,3
Japan,13124000,1990,8
Madagascar,2420000,1990,18
Malaysia,1884980,1990,19
Myanmar,13971800,1990,7
Nepal,3502160,1990,14
Pakistan,4891200,1990,13
Philippines,9885000,1990,9
Republic of Korea,7721970,1990,10
Sri Lanka,2538000,1990,16
Thailand,17193200,1990,6
United States of America,7080000,1990,12
Viet Nam,19225100,1990,5
Bangladesh,27242000,1991,4
Brazil,9488010,1991,10
Cambodia,2400000,1991,17
China,185692640,1991,1
Democratic People's Republic of Korea,4120000,1991,14
Egypt,3447810,1991,15
India,112042000,1991,2
Indonesia,44688200,1991,3
Japan,12005000,1991,8
Madagascar,2342200,1991,19
Malaysia,1926350,1991,20
Myanmar,13204200,1991,7
Nepal,3222540,1991,16
Pakistan,4864650,1991,13
Philippines,9673260,1991,9
Republic of Korea,7292530,1991,11
Sri Lanka,2389000,1991,18
Thailand,20400000,1991,5
United States of America,7230000,1991,12
Viet Nam,19621900,1991,6
Bangladesh,27373000,1992,4
Brazil,10006300,1992,9
Cambodia,2221000,1992,19
China,188291880,1992,1
Democratic People's Republic of Korea,4500000,1992,14
Egypt,3909710,1992,15
India,109001000,1992,2
Indonesia,48240000,1992,3
Japan,13216000,1992,8
Madagascar,2450000,1992,17
Malaysia,2012730,1992,20
Myanmar,14840400,1992,7
Nepal,2584900,1992,16
Pakistan,4674150,1992,13
Philippines,9513000,1992,10
Republic of Korea,7303000,1992,12
Sri Lanka,2339700,1992,18
Thailand,19917000,1992,6
United States of America,8149000,1992,11
Viet Nam,21590300,1992,5
Bangladesh,26928000,1993,4
Brazil,10107300,1993,8
Cambodia,2383350,1993,19
China,179746930,1993,1
Democratic People's Republic of Korea,4787000,1993,14
Egypt,4160760,1993,15
India,120400000,1993,2
Indonesia,48181100,1993,3
Japan,9793000,1993,9
Madagascar,2550000,1993,18
Malaysia,2104450,1993,20
Myanmar,16763200,1993,7
Nepal,3495590,1993,16
Pakistan,5992050,1993,13
Philippines,9434210,1993,10
Republic of Korea,6507000,1993,12
Sri Lanka,2570000,1993,17
Thailand,19530000,1993,6
United States of America,7081000,1993,11
Viet Nam,22836600,1993,5
Bangladesh,25124000,1994,4
Brazil,10540800,1994,9
Cambodia,2223500,1994,19
China,177994400,1994,1
Democratic People's Republic of Korea,3177000,1994,15
Egypt,4583010,1994,14
India,122640000,1994,2
Indonesia,46641500,1994,3
Japan,14976000,1994,8
Madagascar,2357000,1994,18
Malaysia,2138790,1994,20
Myanmar,18198900,1994,7
Nepal,2906180,1994,16
Pakistan,5169750,1994,13
Philippines,10540600,1994,10
Republic of Korea,6882000,1994,12
Sri Lanka,2683690,1994,17
Thailand,21111000,1994,6
United States of America,8971100,1994,11
Viet Nam,23528300,1994,5
Bangladesh,26399000,1995,4
Brazil,11226100,1995,9
Cambodia,3447800,1995,16
China,187297970,1995,1
Democratic People's Republic of Korea,2016000,1995,20
Egypt,4788100,1995,14
India,115440000,1995,2
Indonesia,49744100,1995,3
Japan,13435000,1995,8
Madagascar,2450000,1995,18
Malaysia,2127270,1995,19
Myanmar,17956900,1995,7
Nepal,3578830,1995,15
Pakistan,5949750,1995,13
Philippines,10540600,1995,10
Republic of Korea,6387300,1995,12
Sri Lanka,2809890,1995,17
Thailand,22015500,1995,6
United States of America,7887000,1995,11
Viet Nam,24963700,1995,5
Bangladesh,28182000,1996,4
Brazil,8643800,1996,10
Cambodia,3404000,1996,16
China,197032900,1996,1
Democratic People's Republic of Korea,1426000,1996,20
Egypt,4895390,1996,14
India,122500000,1996,2
Indonesia,51101500,1996,3
Japan,12930000,1996,8
Madagascar,2500000,1996,17
Malaysia,2228490,1996,18
Myanmar,17679800,1996,7
Nepal,3710650,1996,15
Pakistan,6457200,1996,13
Philippines,11283600,1996,9
Republic of Korea,7121420,1996,12
Sri Lanka,2061520,1996,19
Thailand,22331600,1996,6
United States of America,7783600,1996,11
Viet Nam,26396700,1996,5
Bangladesh,28152000,1997,4
Brazil,8351670,1997,10
Cambodia,3414920,1997,16
China,202771840,1997,1
Democratic People's Republic of Korea,1527000,1997,20
Egypt,5480010,1997,14
India,123700000,1997,2
Indonesia,49377100,1997,3
Japan,12531000,1997,8
Madagascar,2558000,1997,17
Malaysia,2119620,1997,19
Myanmar,16651400,1997,7
Nepal,3640860,1997,15
Pakistan,6499500,1997,13
Philippines,11268000,1997,9
Republic of Korea,7312100,1997,12
Sri Lanka,2239370,1997,18
Thailand,23580000,1997,6
United States of America,8300700,1997,11
Viet Nam,27523900,1997,5
Bangladesh,29710000,1998,4
Brazil,7716090,1998,11
Cambodia,3509870,1998,16
China,200571160,1998,1
Democratic People's Republic of Korea,2307000,1998,19
Egypt,4474110,1998,14
India,129055000,1998,2
Indonesia,49236700,1998,3
Japan,11200000,1998,8
Madagascar,2447000,1998,18
Malaysia,1944240,1998,20
Myanmar,17077700,1998,7
Nepal,3699770,1998,15
Pakistan,7011400,1998,12
Philippines,8554000,1998,9
Republic of Korea,6779290,1998,13
Sri Lanka,2692340,1998,17
Thailand,23450000,1998,6
United States of America,8364200,1998,10
Viet Nam,29145500,1998,5
Bangladesh,34430000,1999,4
Brazil,11709700,1999,9
Cambodia,4040900,1999,15
China,200403300,1999,1
Democratic People's Republic of Korea,2343000,1999,19
Egypt,5816960,1999,14
India,134496000,1999,2
Indonesia,50866400,1999,3
Japan,11468800,1999,10
Madagascar,2570000,1999,18
Malaysia,2036640,1999,20
Myanmar,20126000,1999,7
Nepal,3834290,1999,16
Pakistan,7733420,1999,12
Philippines,11786600,1999,8
Republic of Korea,7032760,1999,13
Sri Lanka,2857100,1999,17
Thailand,24172000,1999,6
United States of America,9343950,1999,11
Viet Nam,31393800,1999,5
Bangladesh,37627500,2000,4
Brazil,11089800,2000,10
Cambodia,4026090,2000,16
China,189814060,2000,1
Democratic People's Republic of Korea,1690000,2000,20
Egypt,6000490,2000,14
India,127465000,2000,2
Indonesia,51898000,2000,3
Japan,11863000,2000,9
Madagascar,2480470,2000,18
Malaysia,2140800,2000,19
Myanmar,21323900,2000,7
Nepal,4216470,2000,15
Pakistan,7203900,2000,12
Philippines,12389400,2000,8
Republic of Korea,7196580,2000,13
Sri Lanka,2859900,2000,17
Thailand,25843900,2000,6
United States of America,8657820,2000,11
Viet Nam,32529500,2000,5
Bangladesh,36269000,2001,4
Brazil,10184000,2001,10
Cambodia,4099020,2001,16
China,179304900,2001,1
Democratic People's Republic of Korea,2060200,2001,20
Egypt,5226700,2001,14
India,139900000,2001,2
Indonesia,50460800,2001,3
Japan,11320000,2001,9
Madagascar,2662470,2001,18
Malaysia,2095000,2001,19
Myanmar,21916000,2001,7
Nepal,4164690,2001,15
Pakistan,5823000,2001,13
Philippines,12954900,2001,8
Republic of Korea,7406520,2001,12
Sri Lanka,2695080,2001,17
Thailand,28033700,2001,6
United States of America,9764500,2001,11
Viet Nam,32108400,2001,5
Bangladesh,37593000,2002,4
Brazil,10457100,2002,10
Cambodia,3822510,2002,16
China,176342190,2002,1
Democratic People's Republic of Korea,2186000,2002,20
Egypt,6105460,2002,14
India,107730000,2002,2
Indonesia,51489700,2002,3
Japan,11111000,2002,9
Madagascar,2603970,2002,18
Malaysia,2197350,2002,19
Myanmar,21805000,2002,7
Nepal,4132600,2002,15
Pakistan,6717750,2002,12
Philippines,13270700,2002,8
Republic of Korea,6687230,2002,13
Sri Lanka,2859480,2002,17
Thailand,27991800,2002,6
United States of America,9568990,2002,11
Viet Nam,34447200,2002,5
Bangladesh,38361400,2003,4
Brazil,10334600,2003,9
Cambodia,4710960,2003,15
China,162304280,2003,1
Democratic People's Republic of Korea,2244000,2003,20
Egypt,6176270,2003,13
India,132789000,2003,2
Indonesia,52137600,2003,3
Japan,9740000,2003,10
Madagascar,2800000,2003,18
Malaysia,2257000,2003,19
Myanmar,23146300,2003,7
Nepal,4132500,2003,16
Pakistan,7271400,2003,12
Philippines,13499900,2003,8
Republic of Korea,6015000,2003,14
Sri Lanka,3071200,2003,17
Thailand,29473500,2003,6
United States of America,9067180,2003,11
Viet Nam,34568800,2003,5
Bangladesh,36236000,2004,4
Brazil,13277000,2004,9
Cambodia,4170280,2004,16
China,180522610,2004,1
Democratic People's Republic of Korea,2370000,2004,19
Egypt,6352370,2004,14
India,124697000,2004,2
Indonesia,54088500,2004,3
Japan,10912000,2004,10
Madagascar,3030000,2004,17
Malaysia,2264000,2004,20
Myanmar,24939000,2004,7
Nepal,4455720,2004,15
Pakistan,7537200,2004,12
Philippines,14496800,2004,8
Republic of Korea,6736930,2004,13
Sri Lanka,2628000,2004,18
Thailand,28538200,2004,6
United States of America,10539800,2004,11
Viet Nam,36148900,2004,5
Bangladesh,39795600,2005,4
Brazil,13192900,2005,9
Cambodia,5986200,2005,15
China,182055140,2005,1
Democratic People's Republic of Korea,2583400,2005,19
Egypt,6125300,2005,14
India,137690000,2005,2
Indonesia,54151100,2005,3
Japan,11342000,2005,10
Madagascar,3393000,2005,17
Malaysia,2314000,2005,20
Myanmar,27683000,2005,7
Nepal,4289830,2005,16
Pakistan,8320800,2005,12
Philippines,14603000,2005,8
Republic of Korea,6435000,2005,13
Sri Lanka,3246000,2005,18
Thailand,30291900,2005,6
United States of America,10107500,2005,11
Viet Nam,35832900,2005,5
Bangladesh,40773000,2006,4
Brazil,11526700,2006,9
Cambodia,6264120,2006,15
China,183276050,2006,1
Democratic People's Republic of Korea,2478500,2006,19
Egypt,6755000,2006,13
India,139137000,2006,2
Indonesia,54454900,2006,3
Japan,10695000,2006,10
Madagascar,3485000,2006,17
Malaysia,2187000,2006,20
Myanmar,30924000,2006,6
Nepal,4209280,2006,16
Pakistan,8157600,2006,12
Philippines,15326700,2006,8
Republic of Korea,6410950,2006,14
Sri Lanka,3342000,2006,18
Thailand,29641900,2006,7
United States of America,8826230,2006,11
Viet Nam,35849500,2006,5
Bangladesh,43181000,2007,4
Brazil,11060700,2007,9
Cambodia,6727000,2007,14
China,187397460,2007,1
Democratic People's Republic of Korea,1869500,2007,20
Egypt,6876830,2007,13
India,144570000,2007,2
Indonesia,57157400,2007,3
Japan,10893000,2007,10
Madagascar,3595760,2007,17
Malaysia,2375000,2007,19
Myanmar,31451000,2007,7
Nepal,3680840,2007,16
Pakistan,8345100,2007,12
Philippines,16240200,2007,8
Republic of Korea,6038000,2007,15
Sri Lanka,3131000,2007,18
Thailand,32099400,2007,6
United States of America,8998730,2007,11
Viet Nam,35942700,2007,5
Bangladesh,46742000,2008,4
Brazil,12061500,2008,9
Cambodia,7175470,2008,14
China,193284180,2008,1
Democratic People's Republic of Korea,2862000,2008,19
Egypt,7253370,2008,13
India,148770000,2008,2
Indonesia,60251100,2008,3
Japan,11028800,2008,10
Madagascar,3914170,2008,17
Malaysia,2353000,2008,20
Myanmar,32573000,2008,6
Nepal,4299260,2008,16
Pakistan,10428000,2008,11
Philippines,16815500,2008,8
Republic of Korea,6919250,2008,15
Sri Lanka,3875000,2008,18
Thailand,31650600,2008,7
United States of America,9241170,2008,12
Viet Nam,38729800,2008,5
Bangladesh,47724000,2009,4
Brazil,12651100,2009,9
Cambodia,7585870,2009,13
China,196681170,2009,1
Democratic People's Republic of Korea,2336000,2009,20
Egypt,5520480,2009,15
India,133700000,2009,2
Indonesia,64398900,2009,3
Japan,10590000,2009,10
Madagascar,4540440,2009,16
Malaysia,2460000,2009,19
Myanmar,32682000,2009,6
Nepal,4523690,2009,17
Pakistan,10324500,2009,11
Philippines,16266400,2009,8
Republic of Korea,7022970,2009,14
Sri Lanka,3652000,2009,18
Thailand,32116100,2009,7
United States of America,9972230,2009,12
Viet Nam,38950200,2009,5
Bangladesh,49355000,2010,4
Brazil,11308900,2010,9
Cambodia,8245320,2010,12
China,197212010,2010,1
Democratic People's Republic of Korea,2426000,2010,20
Egypt,4329500,2010,16
India,120620000,2010,2
Indonesia,66411500,2010,3
Japan,10600000,2010,11
Madagascar,4737970,2010,15
Malaysia,2548000,2010,19
Myanmar,33204500,2010,6
Nepal,4023820,2010,18
Pakistan,7235000,2010,13
Philippines,15771700,2010,8
Republic of Korea,5804000,2010,14
Sri Lanka,4300620,2010,17
Thailand,31597200,2010,7
United States of America,11027000,2010,10
Viet Nam,39988900,2010,5
