5,1,1.29991,103.856
6,2,1.35381,103.945
7,1,1.30318,103.835
15,8,1.29843,103.856
41,32,1.34962,103.75
73,1,1.28408,103.844
84,37,1.30122,103.837
87,6,1.32467,103.933
103,27,1.3096,103.858
106,13,1.35845,103.886
115,42,1.36168,103.887
124,5,1.28951,103.845
128,10,1.28876,103.847
147,1,1.34483,103.955
160,3,1.30413,103.832
162,3,1.36907,103.848
167,20,1.29737,103.9
174,10,1.35128,103.872
178,4,1.36214,103.99
179,8,1.29858,103.856
180,1,1.3614,103.886
185,1,1.30194,103.905
219,5,1.26311,103.823
227,31,1.36996,103.957
228,27,1.33707,103.779
231,7,1.27633,103.835
234,27,1.3644,103.866
239,3,1.29788,103.857
240,3,1.43665,103.787
243,41,1.35349,103.834
260,2,1.3054,103.93
275,1,1.31126,103.789
284,3,1.34583,103.871
302,48,1.29857,103.855
303,97,1.35374,103.834
304,11,1.31528,103.884
311,97,1.34296,103.775
316,43,1.38556,103.901
319,39,1.38903,103.987
324,4,1.31227,103.877
325,30,1.35365,103.834
330,3,1.30173,103.838
337,40,1.30131,103.86
354,2,1.34978,103.85
359,4,1.28479,103.859
367,20,1.35352,103.834
380,18,1.34223,103.693
384,7,1.2899,103.845
385,6,1.3327,103.939
389,23,1.35663,103.989
392,2,1.29761,103.852
404,2,1.45,103.822
411,9,1.35369,103.95
415,5,1.27512,103.795
418,7,1.42335,103.841
421,1,1.37233,103.894
424,21,1.38481,103.743
426,1,1.35939,103.889
429,2,1.27792,103.842
432,4,1.29921,103.856
437,29,1.37523,103.879
439,64,1.3982,103.873
452,25,1.31143,103.874
454,5,1.28135,103.842
455,22,1.35972,103.885
476,11,1.32399,103.852
477,8,1.3421,103.693
500,4,1.3785,103.837
503,1,1.30952,103.902
511,10,1.37451,103.887
527,5,1.35027,103.849
531,14,1.35196,103.954
535,4,1.30308,103.865
538,29,1.43661,103.787
543,72,1.29529,103.83
548,3,1.28512,103.845
552,47,1.30194,103.85
556,9,1.35535,103.831
563,34,1.35202,103.954
564,2,1.34233,103.693
567,8,1.35369,103.989
584,1,1.30281,103.877
591,2,1.34931,103.932
598,10,1.44022,103.801
611,11,1.43,103.774
613,4,1.43041,103.829
619,17,1.30087,103.836
628,4,1.36121,103.991
635,10,1.34004,103.742
647,12,1.35357,103.871
651,10,1.31206,103.877
653,2,1.35397,103.989
675,39,1.38402,103.77
693,12,1.37921,103.764
756,1,1.37288,103.95
767,12,1.35263,103.945
795,5,1.26409,103.813
833,8,1.35184,103.944
854,1,1.34819,103.744
956,2,1.28454,103.834
962,1,1.33458,103.962
988,1,1.29879,103.857
989,1,1.30436,103.834
1019,1,1.29184,103.856
1026,1,1.30912,103.903
1055,10,1.29536,103.83
1061,14,1.30419,103.81
1075,1,1.29775,103.857
1080,2,1.30117,103.84
1089,2,1.39359,103.913
1093,6,1.35053,103.725
1106,13,1.42831,103.838
1113,4,1.34955,103.935
1114,1,1.35239,103.945
1125,1,1.26397,103.821
1132,1,1.37668,103.828
1151,1,1.33716,103.794
1180,1,1.30103,103.839
1189,18,1.29664,103.851
1193,1,1.27771,103.844
1197,1,1.30431,103.81
1200,6,1.31314,103.883
1210,1,1.29378,103.853
1214,2,1.30664,103.83
1232,4,1.38911,103.978
1258,1,1.30497,103.903
1266,4,1.32464,103.851
1276,2,1.2943,103.853
1277,6,1.28707,103.851
1281,13,1.3082,103.762
1320,25,1.35218,103.953
1325,2,1.33888,103.706
1330,5,1.36212,103.885
1331,7,1.30136,103.837
1336,3,1.30447,103.832
1352,11,1.29304,103.853
1354,1,1.2854,103.859
1363,1,1.31141,103.795
1365,17,1.3321,103.913
1379,2,1.29899,103.848
1381,7,1.39253,103.896
1388,5,1.30121,103.837
1394,1,1.33339,103.743
1400,8,1.28557,103.854
1407,2,1.29862,103.856
1413,2,1.30515,103.931
1435,10,1.30211,103.858
1446,23,1.4168,103.834
1448,39,1.37375,103.887
1465,2,1.37649,103.744
1469,22,1.35391,103.96
1530,1,1.42914,103.83
1539,3,1.30661,103.829
1570,5,1.32456,103.932
1578,6,1.37299,103.856
1591,1,1.27695,103.844
1594,1,1.30205,103.877
1632,22,1.28964,103.844
1640,1,1.37337,103.932
1665,1,1.30239,103.836
1673,4,1.26487,103.82
1701,1,1.32797,103.894
1708,3,1.30111,103.838
1733,8,1.29986,103.854
1792,3,1.36231,103.847
1794,54,1.33129,103.948
1796,2,1.33513,103.956
1807,1,1.3492,103.85
1811,5,1.35565,103.986
1813,3,1.36286,103.99
1842,2,1.29855,103.854
1858,1,1.35262,103.945
1869,5,1.34304,103.954
1876,2,1.30115,103.839
1880,1,1.30114,103.838
1910,1,1.30476,103.832
1959,8,1.31176,103.794
1977,1,1.37214,103.894
1981,21,1.43688,103.786
2025,11,1.28612,103.827
2033,9,1.25659,103.82
2048,43,1.3519,103.944
2051,5,1.25673,103.82
2056,14,1.29967,103.845
2061,12,1.30102,103.836
2078,4,1.35437,103.944
2085,2,1.35438,103.945
2095,12,1.38541,103.898
2103,3,1.28489,103.859
2115,3,1.2889,103.845
2116,2,1.3705,103.895
2120,4,1.34202,103.693
2137,18,1.3017,103.861
2141,2,1.28258,103.86
2158,1,1.32213,103.844
2159,3,1.29507,103.853
2163,3,1.35102,103.849
2176,2,1.34979,103.851
2180,1,1.29468,103.854
2190,5,1.29972,103.85
2197,1,1.30238,103.864
2213,2,1.39559,103.748
2243,1,1.31457,103.765
2277,3,1.2972,103.857
2279,2,1.43681,103.787
2283,1,1.38447,103.745
2304,12,1.30078,103.84
2325,2,1.30736,103.8
2347,3,1.31171,103.794
2349,1,1.43331,103.776
2382,8,1.29753,103.857
2390,18,1.38569,103.745
2395,1,1.26337,103.821
2396,1,1.39195,103.895
2402,8,1.34102,103.774
2414,1,1.26465,103.82
2416,25,1.32566,103.93
2420,8,1.38011,103.764
2428,4,1.35346,103.834
2450,2,1.32369,103.81
2453,1,1.45363,103.833
2456,4,1.39302,103.917
2463,3,1.31045,103.797
2464,5,1.28494,103.861
2466,22,1.36496,103.865
2477,1,1.33418,103.963
2492,19,1.35345,103.943
2501,1,1.44341,103.826
2502,4,1.28377,103.859
2507,5,1.29533,103.829
2511,31,1.39619,103.873
2512,1,1.39247,103.895
2518,5,1.30412,103.861
2519,15,1.30114,103.837
2536,16,1.37144,103.829
2537,2,1.312,103.877
2548,8,1.36915,103.848
2551,3,1.30559,103.788
2565,11,1.31293,103.879
2570,9,1.31809,103.844
2580,6,1.30112,103.838
2601,7,1.37716,103.828
2604,4,1.36548,103.866
2607,3,1.29963,103.845
2616,3,1.31243,103.923
2617,8,1.30396,103.831
2628,7,1.39255,103.917
2633,87,1.35355,103.834
2635,11,1.28261,103.842
2636,5,1.34606,103.872
2658,21,1.29106,103.846
2662,5,1.30207,103.85
2669,1,1.30009,103.838
2676,13,1.33914,103.708
2691,5,1.30102,103.86
2710,11,1.33433,103.851
2712,1,1.28963,103.848
2713,24,1.29788,103.857
2734,4,1.3517,103.835
2743,9,1.29196,103.845
2750,27,1.31762,103.844
2752,11,1.37372,103.837
2756,8,1.36274,103.888
2761,3,1.34311,103.775
2779,46,1.34169,103.697
2781,13,1.30319,103.865
2784,20,1.44054,103.825
2795,2,1.29551,103.83
2796,1,1.33228,103.884
2802,7,1.30409,103.802
2811,7,1.43027,103.829
2834,1,1.31352,103.883
2847,1,1.2573,103.823
2852,2,1.36158,103.992
2857,9,1.29941,103.856
2865,9,1.30533,103.831
2867,2,1.43599,103.787
2880,3,1.42482,103.846
2890,1,1.25671,103.82
2924,15,1.31551,103.765
2950,14,1.31253,103.925
2981,1,1.35385,103.954
2993,10,1.34868,103.936
3005,14,1.37242,103.845
3010,27,1.42923,103.835
3036,10,1.4168,103.834
3046,2,1.29896,103.848
3057,3,1.26328,103.821
3062,2,1.33977,103.706
3076,4,1.36921,103.847
3087,1,1.28642,103.848
3090,1,1.4447,103.808
3098,1,1.3511,103.872
3100,16,1.2859,103.827
3116,2,1.2662,103.822
3120,5,1.39693,103.819
3131,6,1.31923,103.862
3135,1,1.35471,103.988
3140,1,1.35394,103.945
3148,1,1.32713,103.919
3175,1,1.33292,103.85
3179,1,1.3089,103.912
3182,1,1.30679,103.832
3204,1,1.35032,103.87
3209,6,1.3455,103.855
3216,2,1.31196,103.794
3244,1,1.29248,103.86
3273,1,1.43338,103.775
3287,9,1.30124,103.838
3295,6,1.34629,103.938
3296,24,1.42988,103.836
3300,1,1.31866,103.974
3303,1,1.28578,103.86
3325,2,1.30403,103.833
3326,2,1.28917,103.847
3341,2,1.30779,103.833
3346,1,1.30116,103.84
3352,3,1.33129,103.794
3359,13,1.34249,103.776
3363,3,1.28609,103.86
3380,13,1.32439,103.932
3422,1,1.35115,103.848
3428,1,1.31036,103.918
3435,19,1.36941,103.847
3457,1,1.33318,103.958
3460,3,1.37534,103.88
3480,9,1.39725,103.819
3497,11,1.30673,103.829
3502,9,1.31597,103.897
3511,1,1.33832,103.779
3521,24,1.37524,103.88
3552,1,1.37551,103.954
3553,1,1.39156,103.895
3563,1,1.28565,103.86
3570,13,1.31281,103.926
3612,17,1.30105,103.858
3626,1,1.33043,103.854
3664,8,1.35661,103.989
3681,1,1.35557,103.84
3685,3,1.30125,103.84
3694,1,1.3894,103.886
3736,2,1.30227,103.837
3742,2,1.28264,103.858
3743,1,1.30016,103.845
3756,34,1.35782,103.751
3759,5,1.29326,103.841
3796,6,1.30316,103.836
3801,1,1.30599,103.905
3802,1,1.4162,103.899
3812,1,1.29072,103.86
3816,1,1.27901,103.841
3828,1,1.33758,103.903
3829,2,1.28376,103.834
3856,1,1.35521,103.986
3881,47,1.3946,103.754
3882,6,1.38522,103.945
3909,6,1.28039,103.854
3911,5,1.30696,103.906
3921,14,1.35495,103.987
3931,6,1.28885,103.847
3969,6,1.3622,103.974
4013,1,1.29165,103.845
4017,3,1.31339,103.857
4038,5,1.33116,103.948
4057,9,1.39229,103.905
4063,4,1.28049,103.85
4068,12,1.42927,103.837
4077,5,1.34483,103.734
4081,13,1.32039,103.886
4084,4,1.28268,103.854
4097,1,1.41307,103.83
4114,34,1.33144,103.947
4115,4,1.30584,103.831
4140,2,1.32061,103.87
4159,4,1.31357,103.902
4182,23,1.30566,103.831
4191,16,1.30553,103.882
4213,17,1.3754,103.88
4218,7,1.27457,103.802
4225,5,1.35692,103.989
4227,1,1.30239,103.864
4231,5,1.34393,103.738
4241,6,1.39686,103.887
4251,8,1.345,103.735
4268,2,1.28333,103.844
4280,1,1.2569,103.822
4286,17,1.2931,103.768
4294,3,1.31847,103.82
4302,6,1.30179,103.841
4304,1,1.33013,103.876
4311,6,1.37533,103.88
4322,1,1.29355,103.831
4368,24,1.29761,103.763
4386,2,1.42671,103.826
4408,11,1.31108,103.795
4540,6,1.33198,103.914
4559,11,1.31235,103.877
4568,1,1.31014,103.855
4573,6,1.33049,103.849
4578,1,1.30055,103.86
4584,3,1.3269,103.93
4623,4,1.35682,103.986
4629,1,1.30158,103.86
4646,1,1.28556,103.859
4736,2,1.33249,103.885
4801,2,1.37633,103.956
4804,5,1.35694,103.987
4806,2,1.29126,103.857
4811,3,1.28266,103.845
4831,2,1.33287,103.868
4835,5,1.33305,103.741
4925,12,1.28924,103.845
4936,9,1.43717,103.837
4941,6,1.28565,103.859
4957,6,1.30107,103.86
4995,5,1.32808,103.752
5005,1,1.30482,103.832
5013,15,1.35458,103.988
5019,2,1.30394,103.833
5054,1,1.36215,103.99
5088,7,1.30095,103.86
5095,1,1.30094,103.86
5120,1,1.25531,103.822
5128,7,1.44592,103.798
5151,3,1.32109,103.908
5156,1,1.36065,103.991
5157,29,1.42919,103.782
5166,1,1.30608,103.851
5170,9,1.29,103.856
5176,3,1.35016,103.746
5181,12,1.39758,103.747
5182,1,1.39156,103.99
5192,10,1.28683,103.849
5195,9,1.29323,103.858
5198,7,1.43024,103.836
5228,6,1.2567,103.82
5239,14,1.34012,103.707
5240,5,1.37797,103.88
5243,1,1.26338,103.822
5251,8,1.30064,103.86
5256,4,1.31892,103.912
5258,2,1.34921,103.85
5259,12,1.35991,103.888
5260,18,1.28954,103.845
5272,2,1.30958,103.856
5275,30,1.30078,103.859
5276,1,1.28486,103.834
5278,3,1.3977,103.873
5281,7,1.30093,103.859
5292,2,1.30372,103.836
5300,16,1.36707,103.856
5308,3,1.30984,103.856
5311,6,1.38129,103.752
5313,1,1.30247,103.859
5324,1,1.35343,103.834
5334,3,1.35639,103.987
5342,17,1.35325,103.954
5351,7,1.31345,103.902
5358,1,1.32091,103.709
5360,1,1.26372,103.823
5363,2,1.42729,103.833
5383,14,1.30069,103.852
5387,1,1.36816,103.896
5397,1,1.28555,103.859
5407,1,1.30942,103.856
5416,2,1.30828,103.903
5433,8,1.30464,103.831
5444,11,1.37434,103.951
5462,8,1.34742,103.936
5463,3,1.29072,103.846
5478,16,1.37668,103.955
5485,14,1.29218,103.856
5487,5,1.30103,103.838
5508,1,1.38766,103.869
5514,2,1.28992,103.845
5522,1,1.37315,103.848
5553,1,1.44869,103.82
5577,5,1.37539,103.88
5578,7,1.32596,103.85
5596,1,1.36937,103.849
5607,5,1.25234,103.816
5622,6,1.43818,103.796
5627,11,1.37236,103.845
5652,1,1.26352,103.822
5682,7,1.43532,103.787
5685,3,1.30162,103.86
5715,1,1.37269,103.894
5724,3,1.32463,103.936
5731,8,1.31142,103.796
5750,4,1.40299,103.818
5786,2,1.36089,103.991
5805,4,1.29473,103.853
5834,1,1.30696,103.896
5854,9,1.32469,103.851
5884,2,1.25644,103.821
5891,4,1.35996,103.953
5947,1,1.34976,103.873
5954,2,1.4175,103.833
5961,1,1.28269,103.83
5972,1,1.36122,103.886
5981,1,1.28349,103.858
6001,1,1.30001,103.845
6012,5,1.37483,103.886
6015,1,1.2893,103.856
6019,5,1.29113,103.857
6032,1,1.28306,103.858
6051,2,1.29896,103.848
6079,1,1.29116,103.858
6108,2,1.34276,103.775
6119,13,1.3319,103.926
6121,8,1.36098,103.99
6155,3,1.43034,103.775
6176,1,1.30142,103.85
6183,8,1.37848,103.943
6184,8,1.29095,103.846
6188,5,1.29851,103.855
6196,7,1.4481,103.819
6215,7,1.3555,103.987
6216,1,1.31523,103.765
6226,2,1.33353,103.742
6230,1,1.29359,103.852
6246,8,1.36117,103.953
6252,13,1.4485,103.82
6255,4,1.35466,103.988
6256,4,1.39298,103.917
6257,3,1.31668,103.899
6269,2,1.28462,103.859
6336,11,1.36098,103.846
6350,11,1.37151,103.848
6357,2,1.43435,103.836
6361,16,1.36468,103.866
6372,15,1.34788,103.935
6373,5,1.32478,103.851
6383,4,1.3485,103.718
6401,1,1.29874,103.855
6406,1,1.30145,103.86
6409,10,1.30211,103.906
6410,3,1.3333,103.743
6411,4,1.32236,103.813
6415,2,1.30465,103.773
6416,6,1.34338,103.775
6420,4,1.37389,103.838
6425,1,1.3121,103.878
6436,12,1.34079,103.846
6446,1,1.32262,103.814
6474,2,1.29234,103.855
6495,1,1.2937,103.832
6500,3,1.35186,103.944
6526,1,1.31802,103.906
6540,3,1.29859,103.856
6583,1,1.33865,103.85
6589,3,1.38366,103.898
6597,1,1.31538,103.854
6611,3,1.34171,103.775
6622,6,1.33896,103.706
6632,5,1.33282,103.848
6644,3,1.35732,103.986
6673,1,1.30109,103.837
6675,5,1.26456,103.821
6677,1,1.39849,103.818
6680,5,1.30959,103.856
6684,1,1.36743,103.848
6688,2,1.30544,103.832
6695,5,1.27935,103.844
6704,1,1.39742,103.873
6710,1,1.2991,103.855
6715,6,1.35882,103.844
6766,1,1.30217,103.859
6781,17,1.29884,103.848
6810,10,1.30129,103.837
6817,3,1.26318,103.822
6818,1,1.30755,103.833
6822,2,1.28911,103.863
6828,5,1.31103,103.796
6840,1,1.29949,103.845
6902,18,1.30325,103.865
6948,1,1.26374,103.821
6966,1,1.29358,103.832
7003,1,1.28463,103.854
7009,1,1.3011,103.86
7012,1,1.38373,103.736
7020,1,1.30485,103.814
7023,1,1.35064,103.872
7032,1,1.29367,103.832
7082,3,1.43841,103.778
7083,2,1.34677,103.938
7093,1,1.39747,103.747
7099,5,1.28952,103.845
7111,3,1.29851,103.855
7126,1,1.33941,103.707
7181,11,1.35273,103.835
7226,1,1.30643,103.852
7235,14,1.34258,103.776
7241,1,1.31259,103.9
7245,2,1.31088,103.795
7246,1,1.41984,103.719
7248,2,1.30019,103.855
7269,7,1.30025,103.845
7270,16,1.37215,103.95
7272,7,1.34129,103.686
7280,2,1.29288,103.769
7294,1,1.27697,103.836
7315,2,1.2842,103.833
7335,1,1.32995,103.901
7343,1,1.34663,103.71
7362,1,1.3057,103.832
7364,1,1.30675,103.789
7370,6,1.33165,103.91
7375,4,1.35013,103.75
7378,17,1.37721,103.765
7380,231,1.3081,103.857
7381,2,1.30299,103.864
7383,2,1.29762,103.852
7391,7,1.44055,103.771
7399,1,1.2919,103.841
7419,6,1.30469,103.811
7426,3,1.38894,103.988
7439,3,1.33895,103.706
7448,1,1.27579,103.844
7454,1,1.34511,103.71
7467,1,1.28304,103.833
7490,8,1.27235,103.843
7497,1,1.27891,103.855
7504,1,1.28272,103.83
7506,3,1.33305,103.741
7514,1,1.36352,103.866
7536,2,1.35051,103.848
7539,2,1.31121,103.795
7541,3,1.27892,103.843
7568,1,1.30387,103.831
7572,6,1.28349,103.843
7590,3,1.26393,103.822
7608,1,1.29966,103.845
7610,2,1.25186,103.817
7614,1,1.32464,103.931
7634,1,1.30315,103.836
7638,5,1.31122,103.796
7639,2,1.29923,103.857
7659,18,1.31138,103.796
7688,1,1.29272,103.856
7691,1,1.28264,103.83
7722,1,1.44585,103.774
7762,13,1.3006,103.837
7790,1,1.36299,103.871
7793,5,1.30104,103.838
7809,1,1.26529,103.822
7811,1,1.30463,103.783
7820,4,1.27791,103.844
7827,7,1.38257,103.893
7832,2,1.35533,103.987
7849,27,1.31331,103.928
7855,1,1.32054,103.709
7885,7,1.28296,103.846
7923,1,1.30421,103.787
7924,1,1.41624,103.835
7933,1,1.31262,103.88
7942,4,1.35925,103.768
7950,2,1.31009,103.881
7958,4,1.31573,103.883
7964,2,1.28935,103.828
7977,1,1.31497,103.891
8016,1,1.38773,103.869
8048,2,1.35087,103.833
8059,33,1.34578,103.713
8065,2,1.302,103.84
8070,3,1.33222,103.884
8081,10,1.33439,103.722
8110,1,1.29143,103.845
8118,7,1.29116,103.841
8127,1,1.30966,103.879
8129,7,1.33934,103.933
8144,1,1.43508,103.838
8147,10,1.30433,103.831
8166,3,1.2749,103.846
8167,1,1.35473,103.99
8168,1,1.32513,103.941
8204,1,1.37418,103.855
8247,2,1.29855,103.856
8308,9,1.35477,103.988
8339,28,1.29812,103.856
8364,4,1.35259,103.835
8383,1,1.31537,103.854
8427,11,1.39838,103.818
8432,1,1.30096,103.838
8433,2,1.30501,103.855
8483,1,1.28573,103.849
8485,1,1.30108,103.839
8488,2,1.32524,103.941
8535,1,1.3015,103.837
8562,1,1.29809,103.845
8565,1,1.29296,103.85
8572,3,1.30666,103.905
8590,2,1.3129,103.86
8596,2,1.25648,103.82
8632,1,1.39679,103.873
8633,2,1.37747,103.74
8642,1,1.28261,103.857
8670,1,1.45395,103.778
8682,4,1.35471,103.873
8691,2,1.28961,103.839
8729,3,1.30123,103.837
8751,9,1.30097,103.837
8766,1,1.34556,103.696
8768,6,1.29809,103.856
8770,11,1.3123,103.86
8776,16,1.31472,103.891
8790,2,1.30593,103.905
8792,3,1.3323,103.907
8795,1,1.31111,103.857
8843,1,1.36256,103.99
8851,4,1.3898,103.987
8853,1,1.28423,103.845
8864,1,1.29497,103.852
8896,1,1.28572,103.859
8912,4,1.27359,103.843
8946,1,1.33371,103.928
8960,1,1.30389,103.836
8997,2,1.36064,103.953
8999,13,1.35441,103.988
9021,1,1.34278,103.797
9054,4,1.39964,103.906
9059,2,1.31979,103.862
9073,1,1.31311,103.86
9084,1,1.30476,103.79
9093,67,1.31439,103.878
9098,1,1.37971,103.842
9130,1,1.34742,103.868
9167,1,1.30389,103.833
9188,29,1.31921,103.913
9208,8,1.31451,103.889
9253,30,1.42872,103.826
9265,1,1.3631,103.871
9268,1,1.3225,103.814
9280,6,1.30311,103.765
9288,1,1.35752,103.875
9297,2,1.37364,103.886
9322,3,1.28929,103.846
9328,5,1.32387,103.865
9329,2,1.32373,103.865
9330,3,1.31225,103.878
9346,2,1.37722,103.765
9367,3,1.28705,103.804
9368,2,1.35833,103.884
9370,7,1.37994,103.888
9373,1,1.28901,103.837
9383,1,1.28473,103.822
9404,4,1.32628,103.725
9419,4,1.30952,103.793
9435,1,1.34532,103.731
9447,6,1.28938,103.832
9467,1,1.33302,103.74
9475,1,1.30076,103.84
9485,1,1.31876,103.894
9487,1,1.31394,103.877
9502,3,1.36547,103.866
9503,1,1.39781,103.747
9506,7,1.36201,103.856
9514,4,1.30619,103.812
9526,4,1.28048,103.846
9577,1,1.30306,103.824
9603,2,1.29105,103.839
9618,1,1.34108,103.686
9628,1,1.25498,103.818
9636,6,1.36406,103.865
9641,3,1.3042,103.833
9649,2,1.29893,103.855
9673,1,1.26777,103.801
9680,1,1.44824,103.819
9687,1,1.28606,103.827
9719,1,1.30415,103.81
9722,8,1.31011,103.795
9726,1,1.28979,103.838
9766,6,1.30658,103.915
9812,1,1.30107,103.837
9813,8,1.28262,103.86
9822,1,1.34087,103.775
9834,1,1.28096,103.846
9838,64,1.35294,103.835
9869,1,1.30644,103.788
9870,1,1.29313,103.769
9902,7,1.37215,103.894
9907,3,1.27919,103.843
9930,3,1.30092,103.84
9936,3,1.32892,103.87
9951,4,1.33091,103.854
9970,9,1.30108,103.837
9973,4,1.29515,103.852
9987,1,1.34753,103.938
10013,1,1.28895,103.837
10027,1,1.31014,103.855
10034,1,1.2998,103.855
10037,4,1.28451,103.843
10058,2,1.30134,103.84
10071,3,1.29764,103.857
10093,16,1.3695,103.957
10119,1,1.28681,103.85
10122,1,1.4413,103.771
10130,2,1.29313,103.853
10153,3,1.35331,103.877
10227,22,1.28967,103.846
10228,1,1.3031,103.864
10234,1,1.30661,103.852
10243,11,1.29742,103.9
10250,1,1.28354,103.845
10341,4,1.30103,103.859
10355,21,1.28938,103.846
10390,1,1.29181,103.858
10419,4,1.29884,103.854
10429,4,1.30804,103.858
10463,1,1.35707,103.988
10481,4,1.35636,103.987
10487,2,1.29974,103.854
10491,2,1.43889,103.778
10494,2,1.28744,103.849
10500,6,1.3126,103.925
10532,14,1.37234,103.95
10557,2,1.35338,103.989
10578,7,1.31256,103.766
10582,1,1.36132,103.99
10612,2,1.3129,103.925
10636,2,1.35445,103.879
10641,1,1.39304,103.918
10645,6,1.31666,103.899
10677,1,1.28864,103.847
10721,6,1.27982,103.841
10735,4,1.30761,103.908
10736,2,1.29997,103.874
10740,3,1.38807,103.746
10770,1,1.35072,103.873
10773,2,1.30139,103.86
10780,1,1.34921,103.935
10789,6,1.30672,103.828
10794,1,1.28023,103.842
10797,5,1.34997,103.727
10808,1,1.29887,103.856
10822,1,1.44248,103.77
10832,1,1.28107,103.846
10853,4,1.29305,103.768
10855,2,1.2751,103.844
10859,1,1.30556,103.904
10878,1,1.31739,103.708
10884,1,1.38855,103.987
10912,4,1.30738,103.863
10966,10,1.28971,103.846
10973,1,1.27926,103.844
11000,3,1.33188,103.938
11004,1,1.30402,103.831
11011,20,1.32595,103.849
11038,3,1.248,103.841
11048,2,1.30743,103.895
11064,3,1.35278,103.943
11069,1,1.30173,103.85
11079,2,1.35875,103.855
11086,4,1.28797,103.805
11141,6,1.34338,103.87
11144,1,1.30663,103.896
11148,1,1.30134,103.837
11152,1,1.43582,103.837
11159,1,1.30568,103.811
11168,3,1.33195,103.867
11204,5,1.37938,103.937
11224,1,1.33323,103.913
11254,23,1.39277,103.917
11300,1,1.2999,103.838
11303,4,1.33364,103.929
11312,1,1.37263,103.952
11353,2,1.29838,103.855
11357,1,1.31436,103.888
11362,8,1.32175,103.863
11367,7,1.30106,103.855
11375,5,1.3981,103.873
11388,3,1.35889,103.768
11410,1,1.31175,103.796
11413,5,1.29168,103.845
11418,2,1.34922,103.771
11429,2,1.34745,103.758
11437,1,1.35619,103.987
11478,1,1.31783,103.906
11491,8,1.36276,103.888
11596,4,1.36197,103.887
11604,2,1.34344,103.775
11627,1,1.27957,103.841
11630,2,1.36132,103.99
11641,3,1.30814,103.858
11662,1,1.3553,103.837
11666,1,1.29171,103.841
11680,1,1.35653,103.989
11688,2,1.36201,103.752
11721,1,1.29978,103.845
11741,1,1.28974,103.836
11743,2,1.45944,103.844
11782,6,1.37451,103.886
11787,4,1.29653,103.9
11801,1,1.2984,103.855
11802,3,1.30185,103.84
11809,1,1.38837,103.987
11818,1,1.28448,103.834
11826,1,1.29135,103.846
11828,6,1.30709,103.904
11890,1,1.33591,103.691
11894,1,1.34863,103.698
11907,6,1.34229,103.776
11908,1,1.31475,103.89
11932,1,1.35568,103.986
11953,1,1.26506,103.822
11956,1,1.31116,103.872
11996,1,1.31086,103.796
11998,1,1.29112,103.846
12035,10,1.39656,103.746
12054,1,1.28518,103.854
12059,1,1.35262,103.953
12075,5,1.34588,103.872
12119,1,1.30414,103.832
12142,1,1.30448,103.809
12143,2,1.34618,103.872
12144,1,1.27935,103.844
12220,1,1.35067,103.873
12248,1,1.31465,103.879
12280,2,1.2869,103.849
12285,12,1.31337,103.884
12287,5,1.28559,103.85
12297,3,1.30112,103.839
12303,5,1.28944,103.846
12315,6,1.30683,103.895
12319,1,1.31165,103.795
12322,2,1.30759,103.858
12342,1,1.30564,103.905
12360,1,1.30476,103.834
12368,1,1.33623,103.787
12377,2,1.35143,103.934
12385,1,1.35002,103.727
12386,5,1.34353,103.775
12388,1,1.2966,103.855
12425,7,1.31137,103.795
12426,3,1.29021,103.846
12427,3,1.35319,103.877
12455,18,1.34946,103.75
12466,1,1.29129,103.845
12472,1,1.3016,103.84
12477,1,1.42177,103.838
12556,1,1.27745,103.837
12575,1,1.3706,103.857
12628,5,1.35276,103.835
12638,2,1.35034,103.848
12667,5,1.30071,103.859
12676,1,1.30695,103.906
12705,1,1.30484,103.855
12724,1,1.4366,103.837
12730,1,1.30918,103.856
12733,2,1.29494,103.852
12734,6,1.35741,103.75
12748,1,1.37441,103.887
12765,1,1.30601,103.83
12774,1,1.35081,103.849
12811,1,1.44046,103.77
12816,3,1.35303,103.891
12819,3,1.32775,103.904
12847,1,1.30267,103.835
12877,11,1.32886,103.87
12928,2,1.30214,103.861
12936,2,1.3068,103.828
12944,4,1.33116,103.948
12948,13,1.38217,103.948
12970,1,1.37382,103.875
13003,1,1.38036,103.753
13011,1,1.30115,103.839
13028,13,1.29052,103.845
13031,1,1.39684,103.873
13037,1,1.34991,103.873
13046,8,1.32228,103.914
13049,2,1.29543,103.83
13064,2,1.32201,103.905
13113,1,1.36179,103.887
13124,4,1.3122,103.923
13127,2,1.30411,103.81
13133,1,1.42404,103.847
13143,1,1.35184,103.745
13234,8,1.30009,103.85
13243,2,1.37138,103.881
13251,9,1.29299,103.853
13278,2,1.32341,103.923
13283,1,1.30277,103.861
13307,8,1.3189,103.911
13318,4,1.3318,103.879
13327,4,1.30087,103.86
13382,1,1.34492,103.856
13392,13,1.30495,103.93
13417,20,1.39648,103.873
13426,2,1.29213,103.768
13430,1,1.37514,103.879
13439,1,1.37587,103.956
13449,5,1.31285,103.925
13456,1,1.30123,103.839
13460,19,1.36216,103.887
13461,1,1.31857,103.91
13470,1,1.3355,103.961
13474,1,1.43545,103.787
13515,2,1.29687,103.857
13533,18,1.36423,103.865
13543,1,1.2829,103.843
13551,1,1.29003,103.845
13560,1,1.2755,103.843
13562,1,1.25985,103.823
13565,1,1.36399,103.849
13592,1,1.36901,103.848
13649,4,1.2887,103.815
13674,2,1.29908,103.856
13686,2,1.32095,103.862
13703,1,1.31425,103.878
13718,3,1.34018,103.95
13773,2,1.31088,103.873
13778,3,1.29946,103.854
13781,2,1.30482,103.903
13787,1,1.29135,103.845
13807,1,1.30507,103.904
13858,1,1.35522,103.99
13878,1,1.33135,103.796
13880,3,1.37672,103.773
13889,1,1.31601,103.883
13926,2,1.30056,103.85
13935,1,1.32397,103.797
13954,1,1.26348,103.823
13963,2,1.32025,103.945
13973,1,1.29797,103.856
13983,1,1.27851,103.843
14005,1,1.31714,103.844
14026,1,1.32027,103.844
14047,5,1.3061,103.833
14049,5,1.35574,103.987
14065,2,1.3192,103.913
14067,1,1.27914,103.843
14070,1,1.35363,103.836
14076,3,1.30692,103.788
14099,1,1.34838,103.725
14129,1,1.34812,103.935
14160,1,1.30644,103.905
14162,1,1.30104,103.861
14179,1,1.2998,103.856
14229,1,1.31473,103.765
14263,1,1.2933,103.859
14264,1,1.35614,103.989
14291,1,1.37209,103.846
14292,1,1.29745,103.9
14296,3,1.35392,103.878
14311,21,1.37314,103.886
14316,1,1.29837,103.839
14318,4,1.32062,103.904
14358,1,1.30458,103.85
14373,1,1.28796,103.849
14379,2,1.29325,103.858
14416,1,1.29004,103.847
14450,1,1.29738,103.9
14506,6,1.31104,103.795
14522,1,1.29007,103.839
14562,3,1.28944,103.846
14574,1,1.28997,103.836
14581,4,1.30635,103.832
14614,1,1.31274,103.926
14676,2,1.28873,103.847
14687,1,1.30095,103.84
14706,2,1.24711,103.842
14725,1,1.30572,103.827
14782,3,1.29981,103.85
14807,3,1.30235,103.85
14816,1,1.2854,103.848
14818,1,1.31487,103.882
14905,2,1.28059,103.846
14912,4,1.38191,103.898
14916,2,1.28475,103.835
14937,1,1.30267,103.877
14967,5,1.29093,103.841
14968,2,1.35246,103.945
15014,1,1.35698,103.987
15044,4,1.40158,103.745
15051,1,1.30359,103.905
15099,1,1.36974,103.87
15103,2,1.3505,103.745
15114,1,1.33745,103.697
15147,1,1.36682,103.965
15149,8,1.3602,103.934
15201,2,1.29328,103.842
15258,1,1.26503,103.822
15260,1,1.30126,103.86
15261,1,1.29981,103.856
15267,4,1.29486,103.852
15300,1,1.31148,103.795
15355,1,1.33149,103.854
15356,1,1.31437,103.889
15357,11,1.28989,103.846
15409,4,1.35312,103.834
15435,1,1.29327,103.841
15448,2,1.36308,103.888
15466,1,1.305,103.832
15507,1,1.30167,103.841
15528,1,1.28277,103.842
15540,3,1.28287,103.853
15542,1,1.37707,103.828
15624,1,1.28598,103.827
15648,1,1.31934,103.913
15664,2,1.28364,103.861
15682,9,1.30321,103.861
15715,8,1.44581,103.774
15743,1,1.29305,103.769
15746,1,1.30812,103.863
15756,3,1.30565,103.81
15783,6,1.43676,103.787
15799,4,1.29572,103.854
15818,2,1.31084,103.859
15823,1,1.30743,103.895
15884,5,1.27797,103.844
15902,1,1.28582,103.827
15908,1,1.2934,103.832
16008,2,1.33117,103.948
16017,1,1.34586,103.946
16033,1,1.31283,103.878
16107,1,1.39394,103.913
16118,1,1.36464,103.866
16164,3,1.38166,103.752
16237,1,1.35469,103.99
16296,1,1.33691,103.794
16320,1,1.28722,103.849
16382,2,1.35327,103.891
16407,1,1.28429,103.851
16563,3,1.30112,103.86
16564,7,1.38976,103.987
16573,1,1.35467,103.99
16600,2,1.35705,103.986
16613,7,1.44778,103.82
16641,1,1.33177,103.806
16664,3,1.29859,103.856
16684,2,1.28972,103.827
16693,2,1.27903,103.843
16735,1,1.28114,103.847
16796,2,1.29058,103.84
16816,2,1.31166,103.922
16831,5,1.3729,103.83
16832,2,1.29193,103.843
16863,1,1.33064,103.795
16867,5,1.35919,103.844
16872,1,1.29188,103.86
16876,4,1.35958,103.889
16896,1,1.33521,103.963
16925,1,1.29978,103.901
16985,1,1.28324,103.852
17049,5,1.3278,103.935
17094,1,1.30064,103.856
17100,1,1.33527,103.746
17103,2,1.29527,103.852
17133,1,1.32557,103.85
17138,4,1.3612,103.99
17162,5,1.3575,103.751
17178,2,1.29967,103.845
17188,1,1.41917,103.833
17191,1,1.31435,103.879
17206,3,1.34467,103.706
17243,6,1.35546,103.879
17278,1,1.32459,103.853
17334,1,1.29765,103.857
17362,2,1.29318,103.859
17382,1,1.24728,103.842
17397,1,1.30185,103.84
17425,1,1.2919,103.86
17470,1,1.28887,103.845
17487,3,1.30485,103.788
17607,1,1.31062,103.795
17609,1,1.30671,103.81
17657,1,1.28616,103.849
17664,1,1.36762,103.849
17666,1,1.3403,103.948
17685,1,1.38287,103.726
17688,1,1.34334,103.87
17697,1,1.30533,103.905
17732,2,1.28681,103.854
17866,1,1.32055,103.905
17877,3,1.36288,103.888
17911,1,1.31503,103.882
17914,1,1.43596,103.794
18075,7,1.30113,103.858
18103,2,1.36304,103.888
18109,1,1.31569,103.859
18129,7,1.29307,103.769
18150,2,1.43324,103.83
18232,5,1.313,103.927
18333,1,1.38297,103.846
18368,3,1.28461,103.821
18429,1,1.38085,103.847
18451,3,1.29309,103.841
18520,4,1.2929,103.768
18521,4,1.39225,103.744
18530,2,1.284,103.818
18536,1,1.34938,103.932
18542,2,1.34934,103.751
18652,1,1.32021,103.944
18654,3,1.35644,103.945
18663,1,1.32312,103.855
18702,1,1.35642,103.987
18730,5,1.35048,103.745
18746,1,1.30672,103.81
18763,1,1.35239,103.723
18798,1,1.31947,103.844
18870,1,1.3132,103.86
18885,1,1.33368,103.74
18895,1,1.30436,103.787
18923,1,1.25464,103.821
18945,1,1.36103,103.751
19001,2,1.33183,103.939
19022,2,1.30812,103.857
19028,1,1.30099,103.839
19061,1,1.315,103.898
19116,3,1.36254,103.856
19121,1,1.30303,103.81
19133,1,1.37326,103.83
19162,1,1.2919,103.842
19211,1,1.35306,103.872
19274,1,1.44198,103.825
19399,2,1.33183,103.938
19480,1,1.4321,103.834
19515,1,1.30805,103.851
19540,2,1.36291,103.99
19620,1,1.31259,103.878
19706,1,1.35929,103.834
19762,2,1.34884,103.949
19952,1,1.30747,103.795
20047,1,1.36021,103.934
20071,1,1.25659,103.819
20131,1,1.30817,103.886
20163,1,1.30501,103.855
20213,1,1.31215,103.911
20257,1,1.27878,103.841
20346,5,1.38571,103.897
20361,1,1.42393,103.847
20481,1,1.29993,103.854
20514,1,1.28985,103.857
20536,1,1.34283,103.775
20589,1,1.30878,103.911
20600,1,1.35013,103.746
20635,2,1.44413,103.822
20669,1,1.29791,103.839
20670,4,1.36242,103.991
20685,2,1.37537,103.891
20698,1,1.34165,103.833
20864,1,1.29736,103.9
20867,1,1.29036,103.845
20872,15,1.30533,103.904
20888,1,1.31411,103.88
20893,2,1.28319,103.846
20913,1,1.31367,103.886
20933,1,1.33879,103.705
20990,1,1.37083,103.848
21011,1,1.32151,103.853
21044,1,1.36883,103.875
21063,5,1.31148,103.795
21074,1,1.30983,103.852
21095,1,1.32763,103.938
21099,1,1.43329,103.83
21106,1,1.3091,103.853
21191,3,1.27521,103.795
21226,1,1.33394,103.851
21229,4,1.30978,103.854
21259,1,1.27419,103.826
21279,1,1.30651,103.833
21280,1,1.30392,103.86
21329,1,1.2951,103.852
21334,1,1.30982,103.855
21342,4,1.30782,103.857
21407,1,1.31225,103.877
21453,1,1.2956,103.859
21460,2,1.28025,103.856
21470,1,1.37534,103.891
21511,1,1.35084,103.851
21606,1,1.31339,103.829
21763,1,1.30147,103.905
21769,2,1.32633,103.844
21805,7,1.38795,103.987
21888,1,1.34986,103.873
21899,1,1.28456,103.842
21908,1,1.30556,103.914
22124,1,1.29251,103.841
22154,11,1.31165,103.922
22162,1,1.34217,103.953
22183,2,1.34245,103.953
22189,1,1.29901,103.848
22223,1,1.30595,103.832
22237,1,1.30798,103.828
22410,3,1.3426,103.953
22418,1,1.29958,103.874
22435,1,1.3596,103.767
22469,1,1.29332,103.827
22478,3,1.30949,103.902
22497,1,1.30209,103.838
22499,2,1.44044,103.769
22515,1,1.35727,103.986
22588,2,1.2953,103.859
22597,15,1.30151,103.838
22675,1,1.30398,103.81
22757,1,1.29903,103.847
22773,1,1.30893,103.854
22792,1,1.28413,103.852
22860,1,1.3127,103.925
22873,9,1.29549,103.852
22888,1,1.30314,103.901
22901,2,1.30917,103.856
22980,1,1.3466,103.945
22984,1,1.27978,103.85
22994,1,1.28122,103.853
23014,1,1.28462,103.821
23059,1,1.29977,103.798
23070,2,1.28024,103.851
23120,1,1.42819,103.827
23137,1,1.33987,103.983
23156,1,1.30816,103.836
23206,2,1.30381,103.852
23242,1,1.39701,103.887
23251,1,1.30856,103.834
23306,4,1.32361,103.81
23427,1,1.39714,103.873
23589,2,1.28053,103.846
23616,1,1.34961,103.946
23657,1,1.30828,103.903
23662,2,1.28641,103.854
23672,3,1.30539,103.832
23698,1,1.30627,103.828
23711,1,1.31668,103.899
23729,1,1.3046,103.833
23747,1,1.32467,103.809
23760,1,1.29903,103.855
23866,1,1.33628,103.853
23868,2,1.30303,103.906
23871,1,1.31129,103.857
23926,1,1.3621,103.752
23971,2,1.32156,103.863
23987,1,1.30471,103.832
23999,5,1.32957,103.937
24080,1,1.28189,103.846
24142,9,1.29693,103.899
24143,1,1.38878,103.987
24175,1,1.31238,103.878
24197,1,1.39658,103.747
24263,2,1.30692,103.829
24277,2,1.29694,103.851
24398,1,1.44811,103.82
24475,2,1.29983,103.85
24478,1,1.33124,103.795
24547,1,1.29511,103.829
24570,1,1.32147,103.842
24580,1,1.29391,103.842
24659,1,1.30581,103.905
24692,3,1.30427,103.85
24740,1,1.32081,103.767
24751,1,1.24525,103.827
24756,1,1.30974,103.855
24827,2,1.29114,103.835
24842,10,1.33142,103.948
24851,1,1.27942,103.844
24893,1,1.35559,103.751
25120,1,1.31048,103.861
25123,3,1.30131,103.86
25134,1,1.30094,103.842
25135,2,1.30726,103.829
25174,1,1.3425,103.953
25215,2,1.35067,103.723
25313,3,1.2867,103.843
25474,1,1.31963,103.912
25744,2,1.30055,103.837
25807,5,1.28462,103.835
25894,1,1.30227,103.84
25984,1,1.30741,103.833
25994,2,1.3044,103.85
26012,1,1.43392,103.84
26038,1,1.25673,103.82
26083,1,1.3091,103.856
26087,1,1.26417,103.812
26095,1,1.31082,103.796
26164,1,1.28446,103.844
26452,1,1.31444,103.858
26472,1,1.29445,103.806
26540,1,1.30509,103.91
26608,1,1.36791,103.856
26722,1,1.2898,103.845
26762,1,1.2816,103.843
26818,1,1.30431,103.902
26847,1,1.32308,103.852
26987,1,1.31591,103.85
27166,1,1.33884,103.705
27173,1,1.28816,103.84
27206,1,1.3809,103.879
27264,3,1.2895,103.846
27392,1,1.27878,103.847
27477,1,1.29002,103.846
27630,1,1.315,103.815
27631,4,1.30012,103.845
27710,4,1.29769,103.857
27959,1,1.31196,103.876
28083,3,1.35676,103.987
28153,1,1.38114,103.841
28356,1,1.30089,103.798
28443,1,1.3596,103.987
28712,1,1.3315,103.849
28730,2,1.31478,103.767
28757,3,1.29215,103.842
28781,2,1.28669,103.85
28893,1,1.33352,103.913
28912,2,1.32421,103.852
28913,1,1.41751,103.838
28988,1,1.32125,103.902
29017,1,1.35049,103.849
29317,1,1.34205,103.693
29381,2,1.28613,103.843
29416,1,1.34764,103.934
29431,1,1.33352,103.848
29523,1,1.31235,103.88
29553,2,1.30111,103.837
29824,1,1.3647,103.89
29827,1,1.33249,103.885
29894,1,1.383,103.847
29936,1,1.43088,103.794
29943,2,1.35078,103.746
29945,2,1.30441,103.85
30052,1,1.31682,103.902
30200,1,1.4477,103.82
30300,3,1.30537,103.904
30341,2,1.34884,103.935
30428,1,1.37069,103.872
30526,2,1.37822,103.737
30541,1,1.2924,103.842
30590,1,1.38888,103.988
30649,1,1.37223,103.893
30709,5,1.32216,103.863
30725,1,1.4239,103.845
30856,1,1.35313,103.872
30882,2,1.33316,103.791
30936,1,1.37752,103.955
31034,4,1.3127,103.879
31400,1,1.37282,103.856
31456,1,1.3525,103.951
31584,3,1.35405,103.873
31597,1,1.3069,103.935
31606,4,1.29794,103.857
31786,1,1.35178,103.725
31862,1,1.3076,103.857
32092,1,1.30229,103.858
32156,3,1.28521,103.822
32225,1,1.3122,103.877
32434,1,1.37177,103.847
32442,1,1.33169,103.947
32555,1,1.28242,103.849
32602,1,1.38056,103.889
32693,2,1.4267,103.826
32731,2,1.3058,103.81
32745,2,1.35491,103.99
32772,1,1.35442,103.95
32787,1,1.34212,103.703
32809,1,1.27135,103.819
32875,1,1.333,103.93
32898,7,1.32005,103.853
33019,1,1.35034,103.872
33045,1,1.32861,103.886
33119,1,1.3192,103.913
33124,1,1.28035,103.853
33176,1,1.43009,103.836
33259,1,1.31303,103.879
33337,1,1.3615,103.841
33367,1,1.38234,103.893
33444,1,1.4029,103.818
33575,1,1.28384,103.845
33626,1,1.42375,103.847
33653,1,1.36069,103.953
33667,1,1.33361,103.869
33774,1,1.35365,103.945
33896,1,1.30419,103.851
33990,1,1.2871,103.854
34099,1,1.31327,103.901
34181,1,1.4339,103.84
34226,1,1.3028,103.865
34360,1,1.29474,103.853
34441,1,1.31216,103.881
34471,1,1.35031,103.843
34606,1,1.3673,103.857
34747,1,1.34142,103.69
34767,2,1.28467,103.851
34789,1,1.30606,103.838
34816,1,1.35093,103.872
34840,3,1.37671,103.955
34921,2,1.28602,103.86
34982,1,1.35565,103.988
35075,1,1.38277,103.726
35078,1,1.30725,103.852
35086,2,1.31051,103.855
35114,1,1.33877,103.855
35241,2,1.2983,103.856
35291,1,1.3136,103.899
35318,1,1.30457,103.85
35465,2,1.34868,103.949
35531,1,1.28702,103.854
35745,1,1.33422,103.85
35753,1,1.28618,103.825
35755,1,1.35707,103.986
35838,1,1.35002,103.75
36064,3,1.3017,103.861
36101,1,1.31419,103.887
36187,1,1.34242,103.953
36192,2,1.41605,103.899
36268,1,1.30883,103.912
36326,1,1.28998,103.848
36411,2,1.34896,103.948
36428,1,1.30715,103.858
36529,1,1.35341,103.945
36530,1,1.33307,103.93
36569,2,1.30112,103.86
36616,1,1.31216,103.899
36617,1,1.37914,103.936
36643,1,1.45108,103.793
36823,1,1.35456,103.87
36885,1,1.41679,103.835
37008,1,1.29445,103.854
37155,1,1.32428,103.814
37185,1,1.30424,103.861
37255,1,1.29903,103.856
37285,1,1.2932,103.826
37384,1,1.31434,103.888
37386,1,1.27778,103.831
37407,1,1.35325,103.835
37462,1,1.34967,103.76
37490,1,1.30691,103.829
37497,1,1.25582,103.821
37525,1,1.25311,103.824
37716,1,1.35349,103.891
37758,1,1.31444,103.879
37789,1,1.28443,103.843
37811,1,1.3241,103.814
37815,1,1.33829,103.85
37850,1,1.36655,103.855
37881,1,1.28344,103.858
37919,1,1.30673,103.856
37934,1,1.3734,103.886
37983,1,1.31509,103.765
37998,2,1.28438,103.835
38043,2,1.30845,103.857
38062,2,1.38184,103.897
38156,1,1.35756,103.844
38192,1,1.3717,103.848
38274,1,1.27903,103.843
38281,1,1.30686,103.884
38298,1,1.37099,103.837
38354,1,1.33881,103.779
38404,1,1.30072,103.856
38422,2,1.32217,103.87
38632,2,1.32569,103.85
38700,2,1.28942,103.846
38781,1,1.30464,103.809
38859,1,1.31976,103.886
38905,1,1.35497,103.99
38957,1,1.2846,103.821
38974,3,1.36694,103.857
38979,4,1.28229,103.846
38983,3,1.37395,103.887
39029,1,1.24553,103.827
39052,8,1.35497,103.751
39056,1,1.30594,103.816
39157,1,1.35302,103.835
39228,1,1.28006,103.842
39232,1,1.34424,103.732
39255,1,1.38231,103.894
39284,1,1.30649,103.896
39306,2,1.34236,103.693
39332,1,1.28596,103.86
39419,1,1.31443,103.855
39559,1,1.28261,103.857
39563,1,1.30108,103.837
39571,4,1.37999,103.752
39591,4,1.3669,103.896
39615,1,1.3312,103.948
39619,1,1.29381,103.842
39684,1,1.27967,103.842
39685,1,1.30113,103.838
39746,5,1.39817,103.819
39782,1,1.28584,103.827
39839,1,1.30557,103.854
39911,1,1.27877,103.843
39918,1,1.31428,103.879
39939,1,1.28883,103.827
39999,1,1.37745,103.955
40057,1,1.30177,103.86
40058,2,1.24569,103.827
40087,1,1.29459,103.806
40121,1,1.29027,103.846
40127,5,1.35286,103.944
40312,1,1.30837,103.886
40319,2,1.32239,103.861
40387,2,1.3556,103.985
40490,1,1.37143,103.97
40561,2,1.29312,103.769
40578,1,1.36173,103.887
40713,21,1.33117,103.939
40735,1,1.3055,103.811
40807,1,1.33345,103.74
40889,1,1.35029,103.75
40949,1,1.33135,103.796
41009,2,1.30075,103.86
41040,1,1.35511,103.99
41041,1,1.33392,103.916
41076,1,1.32439,103.928
41157,1,1.32375,103.865
41222,1,1.30536,103.854
41259,1,1.28986,103.839
41286,1,1.30466,103.854
41301,2,1.37256,103.951
41304,1,1.29336,103.856
41350,1,1.2771,103.843
41418,4,1.43021,103.828
41510,1,1.3096,103.856
41548,1,1.37688,103.88
41597,1,1.30716,103.896
41683,1,1.3022,103.858
41688,1,1.30125,103.86
41734,2,1.29792,103.857
41756,1,1.29807,103.815
41842,1,1.35298,103.945
41851,1,1.27974,103.841
42089,1,1.30524,103.85
42169,2,1.27964,103.842
42191,1,1.35394,103.873
42227,3,1.28234,103.826
42287,1,1.31259,103.86
42321,1,1.32529,103.941
42398,1,1.32082,103.747
42416,1,1.27929,103.843
42439,1,1.44124,103.825
42505,1,1.29961,103.85
42514,1,1.3301,103.854
42572,1,1.36709,103.897
42627,1,1.35509,103.989
42729,2,1.32727,103.931
42737,1,1.31146,103.883
42786,1,1.38015,103.757
42901,1,1.31541,103.872
43056,1,1.36484,103.89
