90, 
133, 
609, 
610, 
623, 
624, 
627, 
639, 
643, 
656, 
673, 
687, 
689, 
712, 
713, 
721, 
732, 
742, 
751, 
759, 
776, 
784, 
788, 
791, 
807, 
811, 
813, 
828, 
836, 
837, 
848, 
852, 
857, 
862, 
863, 
877, 
885, 
890, 
891, 
894, 
903, 
914, 
921, 
922, 
950, 
965, 
979, 
994, 
1013, 
1015, 
1042, 
1068, 
1070, 
1072, 
1091, 
1140, 
1161, 
1168, 
1217, 
1302, 
1319, 
1345, 
1349, 
1355, 
1361, 
1368, 
1369, 
1373, 
1383, 
1387, 
1391, 
1395, 
1398, 
1414, 
1422, 
1454, 
1456, 
1457, 
1468, 
1474, 
1518, 
1553, 
1568, 
1613, 
1672, 
1674, 
1679, 
1696, 
1759, 
1762, 
1788, 
1819, 
1820, 
1821, 
1862, 
1879, 
1884, 
1894, 
1901, 
1911, 
1925, 
1949, 
1954, 
1970, 
1987, 
1991, 
2018, 
2077, 
2110, 
2113, 
2188, 
2204, 
2288, 
2315, 
2385, 
2471, 
2848, 
2855, 
2862, 
2868, 
2885, 
2889, 
2905, 
2939, 
2971, 
2972, 
2996, 
3002, 
3038, 
3053, 
3075, 
3080, 
3107, 
3118, 
3170, 
3172, 
3197, 
3199, 
3240, 
3260, 
3498, 
3530, 
3572, 
3623, 
3704, 
4074, 
4235, 
4382, 
4701, 
6389, 
6516, 
6626, 
6759, 
7173, 
7321, 
7341, 
7345, 
7366, 
7376, 
7410, 
7429, 
7434, 
7456, 
7548, 
7549, 
7589, 
7658, 
7675, 
7684, 
7736, 
7741, 
7743, 
7752, 
7808, 
7815, 
7875, 
7879, 
7880, 
7898, 
7935, 
7943, 
7951, 
7991, 
8031, 
8053, 
8064, 
8067, 
8086, 
8107, 
8116, 
8123, 
8130, 
8145, 
8157, 
8159, 
8195, 
8207, 
8216, 
8239, 
8242, 
8256, 
8264, 
8296, 
8305, 
8314, 
8327, 
8341, 
8355, 
8359, 
8366, 
8400, 
8431, 
8436, 
8475, 
8495, 
8500, 
8501, 
8519, 
8529, 
8549, 
8555, 
8623, 
8634, 
8638, 
8715, 
8733, 
8754, 
8764, 
8774, 
8797, 
8804, 
8810, 
8835, 
8849, 
8875, 
8879, 
8882, 
8907, 
8916, 
8924, 
8944, 
8961, 
8972, 
8975, 
8987, 
8990, 
9024, 
9029, 
9037, 
9046, 
9070, 
9081, 
9103, 
9114, 
9122, 
9128, 
9146, 
9151, 
9152, 
9228, 
9243, 
9273, 
9283, 
9310, 
9331, 
9332, 
9353, 
9358, 
9377, 
9397, 
9398, 
9414, 
9424, 
9441, 
9449, 
9456, 
9471, 
9484, 
9492, 
9537, 
9548, 
9568, 
9571, 
9587, 
9598, 
9605, 
9607, 
9617, 
9620, 
9638, 
9640, 
9658, 
9674, 
9683, 
9684, 
9706, 
9730, 
9733, 
9780, 
9785, 
9849, 
9864, 
9890, 
9919, 
9953, 
9978, 
10022, 
10025, 
10083, 
10086, 
10110, 
10145, 
10150, 
10157, 
10158, 
10176, 
10193, 
10199, 
10223, 
10233, 
10241, 
10310, 
10344, 
10354, 
10371, 
10437, 
10488, 
10490, 
10511, 
10675, 
10718, 
10724, 
10775, 
10819, 
10987, 
11309, 
11397, 
11406, 
11599, 
11613, 
11812, 
11822, 
11848, 
11850, 
11869, 
11891, 
11899, 
11914, 
11916, 
11959, 
11976, 
12007, 
12008, 
12058, 
12092, 
12094, 
12122, 
12132, 
12165, 
12167, 
12192, 
12199, 
12202, 
12239, 
12326, 
12354, 
12482, 
12715, 
12772, 
12790, 
12871, 
13120, 
13239, 
13427, 
13635, 
13757, 
13827, 
13840, 
13853, 
13972, 
14059, 
14074, 
14095, 
14102, 
14128, 
14247, 
14304, 
14333, 
14343, 
14361, 
14395, 
14585, 
14623, 
14743, 
14994, 
15157, 
15298, 
15321, 
15354, 
15562, 
15614, 
15688, 
15717, 
15894, 
15904, 
15909, 
15959, 
15969, 
15974, 
16024, 
16041, 
16071, 
16128, 
16238, 
16258, 
16268, 
16277, 
16280, 
16328, 
16377, 
16418, 
16440, 
16521, 
16525, 
16537, 
16550, 
16648, 
16651, 
16655, 
16677, 
16745, 
16834, 
16839, 
16888, 
16923, 
16924, 
16969, 
16983, 
16984, 
17005, 
17040, 
17203, 
17208, 
17301, 
17352, 
17505, 
17522, 
17668, 
17680, 
17770, 
17795, 
17805, 
17814, 
17829, 
17851, 
17892, 
17991, 
18008, 
18056, 
18066, 
18142, 
18151, 
18236, 
18241, 
18246, 
18251, 
18284, 
18293, 
18300, 
18308, 
18313, 
18315, 
18320, 
18327, 
18338, 
18340, 
18349, 
18386, 
18404, 
18420, 
18445, 
18457, 
18484, 
18524, 
18539, 
18544, 
18568, 
18589, 
18591, 
18607, 
18609, 
18622, 
18629, 
18653, 
18668, 
18686, 
18696, 
18773, 
18782, 
18796, 
18802, 
18807, 
18825, 
18855, 
18858, 
18889, 
18948, 
18952, 
18963, 
18972, 
18986, 
18997, 
19011, 
19044, 
19153, 
19185, 
19212, 
19219, 
19271, 
19284, 
19306, 
19314, 
19361, 
19419, 
19424, 
19457, 
19506, 
19508, 
19511, 
19533, 
19605, 
19624, 
19684, 
19690, 
19691, 
19727, 
19739, 
19810, 
19815, 
19836, 
19843, 
19880, 
19903, 
19924, 
19927, 
19935, 
19959, 
19971, 
19992, 
20004, 
20040, 
20051, 
20099, 
20123, 
20126, 
20144, 
20158, 
20172, 
20178, 
20181, 
20209, 
20210, 
20222, 
20225, 
20229, 
20244, 
20258, 
20277, 
20290, 
20327, 
20336, 
20383, 
20399, 
20410, 
20415, 
20433, 
20456, 
20543, 
20554, 
20582, 
20615, 
20616, 
20620, 
20644, 
20651, 
20713, 
20736, 
20737, 
20739, 
20744, 
20754, 
20768, 
20780, 
20804, 
20828, 
20889, 
20894, 
20898, 
20900, 
20905, 
20907, 
20929, 
20943, 
20946, 
20956, 
20979, 
20989, 
20997, 
21031, 
21038, 
21067, 
21079, 
21087, 
21107, 
21122, 
21181, 
21184, 
21211, 
21216, 
21217, 
21256, 
21257, 
21355, 
21443, 
21500, 
21516, 
21527, 
21550, 
21558, 
21607, 
21626, 
21737, 
21759, 
21793, 
21796, 
21834, 
21847, 
21857, 
21863, 
21906, 
21948, 
21955, 
22002, 
22038, 
22109, 
22118, 
22187, 
22204, 
22250, 
22285, 
22286, 
22353, 
22427, 
22434, 
22441, 
22501, 
22516, 
22532, 
22553, 
22646, 
22666, 
22681, 
22749, 
22796, 
22804, 
22886, 
22937, 
22970, 
22979, 
23068, 
23105, 
23124, 
23133, 
23164, 
23182, 
23231, 
23237, 
23269, 
23288, 
23317, 
23328, 
23354, 
23387, 
23397, 
23430, 
23498, 
23551, 
23552, 
23586, 
23594, 
23603, 
23624, 
23778, 
23843, 
23853, 
23870, 
23896, 
23927, 
23954, 
23967, 
23983, 
23994, 
24016, 
24110, 
24111, 
24117, 
24180, 
24194, 
24222, 
24237, 
24267, 
24276, 
24304, 
24307, 
24329, 
24333, 
24434, 
24497, 
24517, 
24561, 
24562, 
24584, 
24665, 
24668, 
24688, 
24703, 
24719, 
24764, 
24768, 
24781, 
24802, 
24808, 
24862, 
24934, 
24935, 
24991, 
24997, 
25001, 
25020, 
25028, 
25116, 
25140, 
25146, 
25201, 
25212, 
25217, 
25234, 
25247, 
25339, 
25366, 
25372, 
25403, 
25446, 
25508, 
25521, 
25558, 
25564, 
25621, 
25672, 
25675, 
25712, 
25722, 
25741, 
25769, 
25777, 
25804, 
25815, 
25826, 
25831, 
25880, 
25884, 
25903, 
25965, 
25988, 
26002, 
26004, 
26007, 
26033, 
26049, 
26151, 
26187, 
26287, 
26339, 
26377, 
26384, 
26400, 
26477, 
26500, 
26502, 
26503, 
26516, 
26638, 
26694, 
26704, 
26721, 
26745, 
26804, 
26853, 
26878, 
26890, 
26895, 
26896, 
26914, 
26951, 
27042, 
27083, 
27184, 
27229, 
27255, 
27269, 
27283, 
27368, 
27389, 
27423, 
27435, 
27454, 
27474, 
27535, 
27590, 
27598, 
27603, 
27626, 
27633, 
27656, 
27685, 
27690, 
27709, 
27714, 
27790, 
27793, 
27804, 
27846, 
27892, 
27899, 
27906, 
27909, 
28002, 
28005, 
28032, 
28115, 
28159, 
28167, 
28169, 
28173, 
28234, 
28281, 
28337, 
28386, 
28399, 
28452, 
28501, 
28515, 
28518, 
28524, 
28544, 
28546, 
28595, 
28606, 
28609, 
28628, 
28638, 
28651, 
28661, 
28668, 
28699, 
28716, 
28755, 
28762, 
28766, 
28810, 
28845, 
28857, 
28876, 
28878, 
28883, 
28895, 
28898, 
29004, 
29027, 
29030, 
29048, 
29053, 
29081, 
29139, 
29158, 
29162, 
29179, 
29282, 
29289, 
29382, 
29387, 
29391, 
29396, 
29413, 
29419, 
29428, 
29463, 
29475, 
29535, 
29552, 
29565, 
29580, 
29584, 
29598, 
29615, 
29623, 
29709, 
29719, 
29737, 
29742, 
29784, 
29888, 
29902, 
29912, 
29924, 
29955, 
29956, 
29978, 
29982, 
30021, 
30031, 
30053, 
30102, 
30109, 
30116, 
30118, 
30120, 
30133, 
30158, 
30171, 
30173, 
30199, 
30212, 
30296, 
30315, 
30383, 
30437, 
30464, 
30468, 
30482, 
30485, 
30492, 
30514, 
30525, 
30530, 
30587, 
30631, 
30762, 
30768, 
30790, 
30840, 
30869, 
30980, 
30985, 
31012, 
31060, 
31099, 
31110, 
31152, 
31236, 
31241, 
31255, 
31263, 
31264, 
31289, 
31374, 
31384, 
31391, 
31414, 
31415, 
31418, 
31471, 
31477, 
31493, 
31499, 
31510, 
31513, 
31519, 
31527, 
31531, 
31553, 
31593, 
31628, 
31630, 
31631, 
31632, 
31657, 
31690, 
31713, 
31731, 
31770, 
31776, 
31800, 
31832, 
31847, 
31865, 
31909, 
31917, 
31943, 
31955, 
31958, 
31979, 
32029, 
32042, 
32044, 
32048, 
32071, 
32099, 
32101, 
32121, 
32129, 
32142, 
32158, 
32164, 
32184, 
32191, 
32194, 
32218, 
32219, 
32236, 
32263, 
32286, 
32316, 
32320, 
32347, 
32350, 
32424, 
32433, 
32454, 
32464, 
32492, 
32495, 
32534, 
32628, 
32648, 
32698, 
32735, 
32738, 
32758, 
32780, 
32783, 
32789, 
32794, 
32812, 
32824, 
32825, 
32864, 
32881, 
32905, 
32913, 
33018, 
33026, 
33030, 
33056, 
33071, 
33072, 
33078, 
33102, 
33103, 
33123, 
33139, 
33148, 
33151, 
33155, 
33198, 
33213, 
33350, 
33373, 
33460, 
33483, 
33509, 
33512, 
33544, 
33576, 
33637, 
33674, 
33747, 
33768, 
33785, 
33816, 
33879, 
33904, 
33917, 
33969, 
33983, 
34027, 
34043, 
34102, 
34150, 
34239, 
34276, 
34338, 
34373, 
34387, 
34452, 
34487, 
34570, 
34630, 
34660, 
34723, 
34726, 
34793, 
34834, 
34842, 
34852, 
34875, 
34911, 
34999, 
35037, 
35058, 
35060, 
35066, 
35087, 
35109, 
35121, 
35122, 
35177, 
35178, 
35187, 
35204, 
35251, 
35261, 
35292, 
35293, 
35345, 
35356, 
35370, 
35397, 
35400, 
35404, 
35411, 
35463, 
35466, 
35491, 
35510, 
35532, 
35541, 
35546, 
35547, 
35566, 
35596, 
35597, 
35621, 
35655, 
35664, 
35665, 
35689, 
35710, 
35734, 
35746, 
35762, 
35765, 
35786, 
35801, 
35802, 
35853, 
35891, 
35914, 
35928, 
35954, 
35960, 
35998, 
36005, 
36028, 
36045, 
36051, 
36075, 
36145, 
36217, 
36224, 
36236, 
36249, 
36250, 
36322, 
36347, 
36381, 
36382, 
36445, 
36465, 
36478, 
36506, 
36509, 
36570, 
36589, 
36593, 
36608, 
36697, 
36713, 
36736, 
36763, 
36769, 
36790, 
36805, 
36811, 
36814, 
36833, 
36876, 
36889, 
36900, 
36922, 
36943, 
36946, 
36980, 
36997, 
37000, 
37014, 
37015, 
37030, 
37054, 
37079, 
37120, 
37142, 
37190, 
37202, 
37251, 
37275, 
37292, 
37377, 
37394, 
37432, 
37449, 
37451, 
37509, 
37515, 
37545, 
37546, 
37551, 
37583, 
37627, 
37668, 
37687, 
37751, 
37771, 
37774, 
37807, 
37832, 
37842, 
37848, 
37857, 
37918, 
37971, 
37987, 
38016, 
38021, 
38041, 
38120, 
38132, 
38238, 
38244, 
38290, 
38308, 
38318, 
38337, 
38357, 
38425, 
38426, 
38458, 
38464, 
38485, 
38529, 
38537, 
38553, 
38571, 
38573, 
38584, 
38591, 
38612, 
38613, 
38681, 
38717, 
38746, 
38792, 
38795, 
38806, 
38897, 
38900, 
38917, 
38932, 
38960, 
38970, 
38976, 
38995, 
39023, 
39035, 
39057, 
39060, 
39064, 
39082, 
39091, 
39131, 
39141, 
39168, 
39182, 
39189, 
39230, 
39243, 
39258, 
39300, 
39367, 
39416, 
39441, 
39448, 
39454, 
39485, 
39487, 
39490, 
39513, 
39517, 
39544, 
39578, 
39611, 
39649, 
39665, 
39681, 
39702, 
39705, 
39738, 
39757, 
39767, 
39775, 
39797, 
39807, 
39823, 
40016, 
40042, 
40046, 
40064, 
40090, 
40092, 
40161, 
40270, 
40286, 
40344, 
40364, 
40383, 
40403, 
40416, 
40433, 
40453, 
40454, 
40466, 
40494, 
40536, 
40541, 
40543, 
40557, 
40570, 
40583, 
40590, 
40602, 
40740, 
40751, 
40771, 
40817, 
40824, 
40843, 
40858, 
40860, 
40870, 
40924, 
40966, 
40978, 
41015, 
41032, 
41037, 
41058, 
41104, 
41108, 
41123, 
41132, 
41142, 
41158, 
41198, 
41206, 
41242, 
41263, 
41353, 
41361, 
41390, 
41400, 
41432, 
41445, 
41451, 
41536, 
41537, 
41568, 
41578, 
41660, 
41678, 
41710, 
41722, 
41739, 
41770, 
41794, 
41805, 
41853, 
41911, 
41937, 
41939, 
41950, 
41975, 
42008, 
42125, 
42142, 
42170, 
42172, 
42186, 
42218, 
42233, 
42335, 
42348, 
42472, 
42477, 
42490, 
42581, 
42702, 
42704, 
42749, 
42842, 
42852, 
42878, 
42971, 
43079, 
43101,